{
  "$schema": "https://schema.management.azure.com/schemas/2015-01-01/deploymentTemplate.json#",
  "contentVersion": "1.0.0.0",
  "parameters": {
    "ApimServiceName": {
      "type": "string"
    }
  },
  "resources": [
    {
      "properties": {
        "description": "Contain all api's related to CES application",
        "subscriptionRequired": true,
        "approvalRequired": false,
        "state": "published",
        "displayName": "CEFA"
      },
      "name": "[concat(parameters('ApimServiceName'), '/cefa')]",
      "type": "Microsoft.ApiManagement/service/products",
      "apiVersion": "2019-01-01"
    },
    {
      "properties": {
        "description": "Administrators is a built-in group. Its membership is managed by the system. Microsoft Azure subscription administrators fall into this group.",
        "displayName": "Administrators",
        "type": "system",
        "builtIn": true
      },
      "name": "[concat(parameters('ApimServiceName'), '/cefa/administrators')]",
      "type": "Microsoft.ApiManagement/service/products/groups",
      "apiVersion": "2019-01-01",
      "dependsOn": [
        "[resourceId('Microsoft.ApiManagement/service/products', parameters('ApimServiceName'), 'cefa')]"
      ]
    },
    {
      "properties": {
        "description": "Developers is a built-in group. Its membership is managed by the system. Signed-in users fall into this group.",
        "displayName": "Developers",
        "type": "system",
        "builtIn": true
      },
      "name": "[concat(parameters('ApimServiceName'), '/cefa/developers')]",
      "type": "Microsoft.ApiManagement/service/products/groups",
      "apiVersion": "2019-01-01",
      "dependsOn": [
        "[resourceId('Microsoft.ApiManagement/service/products', parameters('ApimServiceName'), 'cefa')]"
      ]
    },
    {
      "properties": {
        "description": "Guests is a built-in group. Its membership is managed by the system. Unauthenticated users visiting the developer portal fall into this group.",
        "displayName": "Guests",
        "type": "system",
        "builtIn": true
      },
      "name": "[concat(parameters('ApimServiceName'), '/cefa/guests')]",
      "type": "Microsoft.ApiManagement/service/products/groups",
      "apiVersion": "2019-01-01",
      "dependsOn": [
        "[resourceId('Microsoft.ApiManagement/service/products', parameters('ApimServiceName'), 'cefa')]"
      ]
    },
    {
      "properties": {
        "value": "<!--\n    IMPORTANT:\n    - Policy elements can appear only within the <inbound>, <outbound>, <backend> section elements.\n    - To apply a policy to the incoming request (before it is forwarded to the backend service), place a corresponding policy element within the <inbound> section element.\n    - To apply a policy to the outgoing response (before it is sent back to the caller), place a corresponding policy element within the <outbound> section element.\n    - To add a policy, place the cursor at the desired insertion point and select a policy from the sidebar.\n    - To remove a policy, delete the corresponding policy statement from the policy document.\n    - Position the <base> element within a section element to inherit all policies from the corresponding section element in the enclosing scope.\n    - Remove the <base> element to prevent inheriting policies from the corresponding section element in the enclosing scope.\n    - Policies are applied in the order of their appearance, from the top down.\n    - Comments within policy elements are not supported and may disappear. Place your comments between policy elements or at a higher level scope.\n-->\r\n<policies>\r\n\t<inbound>\r\n\t\t<base />\r\n\t</inbound>\r\n\t<backend>\r\n\t\t<base />\r\n\t</backend>\r\n\t<outbound>\r\n\t\t<base />\r\n\t</outbound>\r\n\t<on-error>\r\n\t\t<base />\r\n\t</on-error>\r\n</policies>",
        "format": "rawxml"
      },
      "name": "[concat(parameters('ApimServiceName'), '/cefa/policy')]",
      "type": "Microsoft.ApiManagement/service/products/policies",
      "apiVersion": "2019-01-01",
      "dependsOn": [
        "[resourceId('Microsoft.ApiManagement/service/products', parameters('ApimServiceName'), 'cefa')]"
      ]
    },
    {
      "properties": {
        "description": "Subscribers will be able to run 5 calls/minute up to a maximum of 100 calls/week.",
        "terms": "",
        "subscriptionRequired": true,
        "approvalRequired": false,
        "subscriptionsLimit": 1,
        "state": "published",
        "displayName": "Starter"
      },
      "name": "[concat(parameters('ApimServiceName'), '/starter')]",
      "type": "Microsoft.ApiManagement/service/products",
      "apiVersion": "2019-01-01"
    },
    {
      "properties": {
        "description": "Administrators is a built-in group. Its membership is managed by the system. Microsoft Azure subscription administrators fall into this group.",
        "displayName": "Administrators",
        "type": "system",
        "builtIn": true
      },
      "name": "[concat(parameters('ApimServiceName'), '/starter/administrators')]",
      "type": "Microsoft.ApiManagement/service/products/groups",
      "apiVersion": "2019-01-01",
      "dependsOn": [
        "[resourceId('Microsoft.ApiManagement/service/products', parameters('ApimServiceName'), 'starter')]"
      ]
    },
    {
      "properties": {
        "description": "Developers is a built-in group. Its membership is managed by the system. Signed-in users fall into this group.",
        "displayName": "Developers",
        "type": "system",
        "builtIn": true
      },
      "name": "[concat(parameters('ApimServiceName'), '/starter/developers')]",
      "type": "Microsoft.ApiManagement/service/products/groups",
      "apiVersion": "2019-01-01",
      "dependsOn": [
        "[resourceId('Microsoft.ApiManagement/service/products', parameters('ApimServiceName'), 'starter')]"
      ]
    },
    {
      "properties": {
        "description": "Guests is a built-in group. Its membership is managed by the system. Unauthenticated users visiting the developer portal fall into this group.",
        "displayName": "Guests",
        "type": "system",
        "builtIn": true
      },
      "name": "[concat(parameters('ApimServiceName'), '/starter/guests')]",
      "type": "Microsoft.ApiManagement/service/products/groups",
      "apiVersion": "2019-01-01",
      "dependsOn": [
        "[resourceId('Microsoft.ApiManagement/service/products', parameters('ApimServiceName'), 'starter')]"
      ]
    },
    {
      "properties": {
        "value": "<!--\n            IMPORTANT:\n            - Policy elements can appear only within the <inbound>, <outbound>, <backend> section elements.\n            - Only the <forward-request> policy element can appear within the <backend> section element.\n            - To apply a policy to the incoming request (before it is forwarded to the backend service), place a corresponding policy element within the <inbound> section element.\n            - To apply a policy to the outgoing response (before it is sent back to the caller), place a corresponding policy element within the <outbound> section element.\n            - To add a policy position the cursor at the desired insertion point and click on the round button associated with the policy.\n            - To remove a policy, delete the corresponding policy statement from the policy document.\n            - Position the <base> element within a section element to inherit all policies from the corresponding section element in the enclosing scope.\n            - Remove the <base> element to prevent inheriting policies from the corresponding section element in the enclosing scope.\n            - Policies are applied in the order of their appearance, from the top down.\n        -->\r\n<policies>\r\n\t<inbound>\r\n\t\t<rate-limit calls=\"5\" renewal-period=\"60\" />\r\n\t\t<quota calls=\"100\" renewal-period=\"604800\" />\r\n\t\t<base />\r\n\t</inbound>\r\n\t<backend>\r\n\t\t<base />\r\n\t</backend>\r\n\t<outbound>\r\n\t\t<base />\r\n\t</outbound>\r\n</policies>",
        "format": "rawxml"
      },
      "name": "[concat(parameters('ApimServiceName'), '/starter/policy')]",
      "type": "Microsoft.ApiManagement/service/products/policies",
      "apiVersion": "2019-01-01",
      "dependsOn": [
        "[resourceId('Microsoft.ApiManagement/service/products', parameters('ApimServiceName'), 'starter')]"
      ]
    },
    {
      "properties": {
        "description": "External Supplier API'S",
        "subscriptionRequired": true,
        "approvalRequired": false,
        "state": "published",
        "displayName": "Suppliers"
      },
      "name": "[concat(parameters('ApimServiceName'), '/suppliers')]",
      "type": "Microsoft.ApiManagement/service/products",
      "apiVersion": "2019-01-01"
    },
    {
      "properties": {
        "description": "Administrators is a built-in group. Its membership is managed by the system. Microsoft Azure subscription administrators fall into this group.",
        "displayName": "Administrators",
        "type": "system",
        "builtIn": true
      },
      "name": "[concat(parameters('ApimServiceName'), '/suppliers/administrators')]",
      "type": "Microsoft.ApiManagement/service/products/groups",
      "apiVersion": "2019-01-01",
      "dependsOn": [
        "[resourceId('Microsoft.ApiManagement/service/products', parameters('ApimServiceName'), 'suppliers')]"
      ]
    },
    {
      "properties": {
        "description": "Guests is a built-in group. Its membership is managed by the system. Unauthenticated users visiting the developer portal fall into this group.",
        "displayName": "Guests",
        "type": "system",
        "builtIn": true
      },
      "name": "[concat(parameters('ApimServiceName'), '/suppliers/guests')]",
      "type": "Microsoft.ApiManagement/service/products/groups",
      "apiVersion": "2019-01-01",
      "dependsOn": [
        "[resourceId('Microsoft.ApiManagement/service/products', parameters('ApimServiceName'), 'suppliers')]"
      ]
    },
    {
      "properties": {
        "description": "External Supplier Identities",
        "displayName": "supplier",
        "type": "custom",
        "builtIn": false
      },
      "name": "[concat(parameters('ApimServiceName'), '/suppliers/supplier')]",
      "type": "Microsoft.ApiManagement/service/products/groups",
      "apiVersion": "2019-01-01",
      "dependsOn": [
        "[resourceId('Microsoft.ApiManagement/service/products', parameters('ApimServiceName'), 'suppliers')]"
      ]
    },
    {
      "properties": {
        "value": "<!--\n    IMPORTANT:\n    - Policy elements can appear only within the <inbound>, <outbound>, <backend> section elements.\n    - To apply a policy to the incoming request (before it is forwarded to the backend service), place a corresponding policy element within the <inbound> section element.\n    - To apply a policy to the outgoing response (before it is sent back to the caller), place a corresponding policy element within the <outbound> section element.\n    - To add a policy, place the cursor at the desired insertion point and select a policy from the sidebar.\n    - To remove a policy, delete the corresponding policy statement from the policy document.\n    - Position the <base> element within a section element to inherit all policies from the corresponding section element in the enclosing scope.\n    - Remove the <base> element to prevent inheriting policies from the corresponding section element in the enclosing scope.\n    - Policies are applied in the order of their appearance, from the top down.\n    - Comments within policy elements are not supported and may disappear. Place your comments between policy elements or at a higher level scope.\n-->\r\n<policies>\r\n\t<inbound>\r\n\t\t<base />\r\n\t</inbound>\r\n\t<backend>\r\n\t\t<base />\r\n\t</backend>\r\n\t<outbound>\r\n\t\t<base />\r\n\t</outbound>\r\n\t<on-error>\r\n\t\t<base />\r\n\t</on-error>\r\n</policies>",
        "format": "rawxml"
      },
      "name": "[concat(parameters('ApimServiceName'), '/suppliers/policy')]",
      "type": "Microsoft.ApiManagement/service/products/policies",
      "apiVersion": "2019-01-01",
      "dependsOn": [
        "[resourceId('Microsoft.ApiManagement/service/products', parameters('ApimServiceName'), 'suppliers')]"
      ]
    },
    {
      "properties": {
        "description": "Subscribers have completely unlimited access to the API. Administrator approval is required.",
        "subscriptionRequired": true,
        "approvalRequired": true,
        "subscriptionsLimit": 1,
        "state": "published",
        "displayName": "Unlimited"
      },
      "name": "[concat(parameters('ApimServiceName'), '/unlimited')]",
      "type": "Microsoft.ApiManagement/service/products",
      "apiVersion": "2019-01-01"
    },
    {
      "properties": {
        "description": "Administrators is a built-in group. Its membership is managed by the system. Microsoft Azure subscription administrators fall into this group.",
        "displayName": "Administrators",
        "type": "system",
        "builtIn": true
      },
      "name": "[concat(parameters('ApimServiceName'), '/unlimited/administrators')]",
      "type": "Microsoft.ApiManagement/service/products/groups",
      "apiVersion": "2019-01-01",
      "dependsOn": [
        "[resourceId('Microsoft.ApiManagement/service/products', parameters('ApimServiceName'), 'unlimited')]"
      ]
    },
    {
      "properties": {
        "description": "Developers is a built-in group. Its membership is managed by the system. Signed-in users fall into this group.",
        "displayName": "Developers",
        "type": "system",
        "builtIn": true
      },
      "name": "[concat(parameters('ApimServiceName'), '/unlimited/developers')]",
      "type": "Microsoft.ApiManagement/service/products/groups",
      "apiVersion": "2019-01-01",
      "dependsOn": [
        "[resourceId('Microsoft.ApiManagement/service/products', parameters('ApimServiceName'), 'unlimited')]"
      ]
    },
    {
      "properties": {
        "description": "Guests is a built-in group. Its membership is managed by the system. Unauthenticated users visiting the developer portal fall into this group.",
        "displayName": "Guests",
        "type": "system",
        "builtIn": true
      },
      "name": "[concat(parameters('ApimServiceName'), '/unlimited/guests')]",
      "type": "Microsoft.ApiManagement/service/products/groups",
      "apiVersion": "2019-01-01",
      "dependsOn": [
        "[resourceId('Microsoft.ApiManagement/service/products', parameters('ApimServiceName'), 'unlimited')]"
      ]
    }
  ]
}