{
  "$schema": "https://schema.management.azure.com/schemas/2015-01-01/deploymentTemplate.json#",
  "contentVersion": "1.0.0.0",
  "parameters": {
    "ApimServiceName": {
      "type": "string"
    }
  },
  "resources": [
    {
      "properties": {
        "tags": [],
        "secret": false,
        "displayName": "ActionDetailsFunction",
        "value": "/getActionDetails"
      },
      "name": "[concat(parameters('ApimServiceName'), '/ActionDetailsFunction')]",
      "type": "Microsoft.ApiManagement/service/properties",
      "apiVersion": "2019-01-01"
    },
    {
      "properties": {
        "tags": [],
        "secret": false,
        "displayName": "AssetDetailsFunction",
        "value": "/getAssetDetails"
      },
      "name": "[concat(parameters('ApimServiceName'), '/AssetDetailsFunction')]",
      "type": "Microsoft.ApiManagement/service/properties",
      "apiVersion": "2019-01-01"
    },
    {
      "properties": {
        "tags": [],
        "secret": false,
        "displayName": "AssetsFunction",
        "value": "/getAssets"
      },
      "name": "[concat(parameters('ApimServiceName'), '/AssetsFunction')]",
      "type": "Microsoft.ApiManagement/service/properties",
      "apiVersion": "2019-01-01"
    },
    {
      "properties": {
        "tags": [],
        "secret": false,
        "displayName": "ces-la-postexamdata",
        "value": "https://prod-11.uksouth.logic.azure.com:443/workflows/34e958c800b342b1910d29a6eb116305/triggers/"
      },
      "name": "[concat(parameters('ApimServiceName'), '/ces-la-postexamdata')]",
      "type": "Microsoft.ApiManagement/service/properties",
      "apiVersion": "2019-01-01"
    },
    {
      "properties": {
        "tags": [],
        "secret": true,
        "displayName": "ces-la-postexamdata-signature",
        "value": "4zX5J1W62N1HmLSDIVHCe3s-uPQRrjx0u2jEklrcjT0"
      },
      "name": "[concat(parameters('ApimServiceName'), '/ces-la-postexamdata-signature')]",
      "type": "Microsoft.ApiManagement/service/properties",
      "apiVersion": "2019-01-01"
    },
    {
      "properties": {
        "tags": [],
        "secret": false,
        "displayName": "ces-la-postexamdates",
        "value": "https://prod-10.uksouth.logic.azure.com:443/workflows/51f9644c37b14cb5af9eb560d74bfd4e/triggers/"
      },
      "name": "[concat(parameters('ApimServiceName'), '/ces-la-postexamdates')]",
      "type": "Microsoft.ApiManagement/service/properties",
      "apiVersion": "2019-01-01"
    },
    {
      "properties": {
        "tags": [],
        "secret": true,
        "displayName": "ces-la-postexamdates-signature",
        "value": "VciFnIFx2i6QIb0IGPWnp4qoPFpQkfu8cEfOLNu7Lwc"
      },
      "name": "[concat(parameters('ApimServiceName'), '/ces-la-postexamdates-signature')]",
      "type": "Microsoft.ApiManagement/service/properties",
      "apiVersion": "2019-01-01"
    },
    {
      "properties": {
        "tags": [],
        "secret": false,
        "displayName": "CesSuppliersApp",
        "value": "bdfab35e-b1b1-41a1-8c93-3ef099640d67"
      },
      "name": "[concat(parameters('ApimServiceName'), '/CesSuppliersApp')]",
      "type": "Microsoft.ApiManagement/service/properties",
      "apiVersion": "2019-01-01"
    },
    {
      "properties": {
        "tags": [],
        "secret": false,
        "displayName": "CesSuppliersClientApp",
        "value": "b7789d1f-defb-4f49-9681-bbea38b8a5e3"
      },
      "name": "[concat(parameters('ApimServiceName'), '/CesSuppliersClientApp')]",
      "type": "Microsoft.ApiManagement/service/properties",
      "apiVersion": "2019-01-01"
    },
    {
      "properties": {
        "tags": [],
        "secret": false,
        "displayName": "CesUIApp",
        "value": "1220d9bf-91ec-4298-92d8-d099ced4e7ca"
      },
      "name": "[concat(parameters('ApimServiceName'), '/CesUIApp')]",
      "type": "Microsoft.ApiManagement/service/properties",
      "apiVersion": "2019-01-01"
    },
    {
      "properties": {
        "tags": [],
        "secret": false,
        "displayName": "CesWebTcmiApp",
        "value": "22a68909-207c-4f65-a646-9a875c9d9a99"
      },
      "name": "[concat(parameters('ApimServiceName'), '/CesWebTcmiApp')]",
      "type": "Microsoft.ApiManagement/service/properties",
      "apiVersion": "2019-01-01"
    },
    {
      "properties": {
        "tags": [],
        "secret": false,
        "displayName": "CesWebTcmiClientApp",
        "value": "54adfe62-7476-41e1-aae3-e084ec59f5b9"
      },
      "name": "[concat(parameters('ApimServiceName'), '/CesWebTcmiClientApp')]",
      "type": "Microsoft.ApiManagement/service/properties",
      "apiVersion": "2019-01-01"
    },
    {
      "properties": {
        "tags": [],
        "secret": false,
        "displayName": "DefectManageFunction",
        "value": "/defectTracker"
      },
      "name": "[concat(parameters('ApimServiceName'), '/DefectManageFunction')]",
      "type": "Microsoft.ApiManagement/service/properties",
      "apiVersion": "2019-01-01"
    },
    {
      "properties": {
        "tags": [],
        "secret": false,
        "displayName": "DefectsByAssetFunction",
        "value": "/getDefectDetails"
      },
      "name": "[concat(parameters('ApimServiceName'), '/DefectsByAssetFunction')]",
      "type": "Microsoft.ApiManagement/service/properties",
      "apiVersion": "2019-01-01"
    },
    {
      "properties": {
        "tags": [],
        "secret": false,
        "displayName": "DefectsFunction",
        "value": "/getDefectTrackerAssets"
      },
      "name": "[concat(parameters('ApimServiceName'), '/DefectsFunction')]",
      "type": "Microsoft.ApiManagement/service/properties",
      "apiVersion": "2019-01-01"
    },
    {
      "properties": {
        "tags": [],
        "secret": false,
        "displayName": "DisplayRecommendationDetailsFunction",
        "value": "/getDisplayRecommendation"
      },
      "name": "[concat(parameters('ApimServiceName'), '/DisplayRecommendationDetailsFunction')]",
      "type": "Microsoft.ApiManagement/service/properties",
      "apiVersion": "2019-01-01"
    },
    {
      "properties": {
        "tags": [],
        "secret": false,
        "displayName": "DisplayTaskDetailsFunction",
        "value": "/displayTaskList"
      },
      "name": "[concat(parameters('ApimServiceName'), '/DisplayTaskDetailsFunction')]",
      "type": "Microsoft.ApiManagement/service/properties",
      "apiVersion": "2019-01-01"
    },
    {
      "properties": {
        "tags": [],
        "secret": false,
        "displayName": "FnAppCivilCommon",
        "value": "fnp-uks-sit-ces-funcedst0002"
      },
      "name": "[concat(parameters('ApimServiceName'), '/FnAppCivilCommon')]",
      "type": "Microsoft.ApiManagement/service/properties",
      "apiVersion": "2019-01-01"
    },
    {
      "properties": {
        "tags": [],
        "secret": false,
        "displayName": "FnAppCivilManageAsset",
        "value": "fnp-uks-sit-ces-funcedst0003"
      },
      "name": "[concat(parameters('ApimServiceName'), '/FnAppCivilManageAsset')]",
      "type": "Microsoft.ApiManagement/service/properties",
      "apiVersion": "2019-01-01"
    },
    {
      "properties": {
        "tags": [],
        "secret": false,
        "displayName": "FnAppCivilManageCompliance",
        "value": "fnp-uks-sit-ces-funcedst0007"
      },
      "name": "[concat(parameters('ApimServiceName'), '/FnAppCivilManageCompliance')]",
      "type": "Microsoft.ApiManagement/service/properties",
      "apiVersion": "2019-01-01"
    },
    {
      "properties": {
        "tags": [],
        "secret": false,
        "displayName": "FnAppCivilManageDefect",
        "value": "fnp-uks-sit-ces-funcedst0004"
      },
      "name": "[concat(parameters('ApimServiceName'), '/FnAppCivilManageDefect')]",
      "type": "Microsoft.ApiManagement/service/properties",
      "apiVersion": "2019-01-01"
    },
    {
      "properties": {
        "tags": [],
        "secret": false,
        "displayName": "FnAppCivilManageTaskList",
        "value": "fnp-uks-sit-ces-funcedst0006"
      },
      "name": "[concat(parameters('ApimServiceName'), '/FnAppCivilManageTaskList')]",
      "type": "Microsoft.ApiManagement/service/properties",
      "apiVersion": "2019-01-01"
    },
    {
      "properties": {
        "tags": [],
        "secret": false,
        "displayName": "FnAppCivilSupplier",
        "value": "fnp-uks-sit-ces-funcedst0005"
      },
      "name": "[concat(parameters('ApimServiceName'), '/FnAppCivilSupplier')]",
      "type": "Microsoft.ApiManagement/service/properties",
      "apiVersion": "2019-01-01"
    },
    {
      "properties": {
        "tags": [],
        "secret": false,
        "displayName": "FnAppCivilUser",
        "value": "fnp-uks-sit-ces-funcedst0001"
      },
      "name": "[concat(parameters('ApimServiceName'), '/FnAppCivilUser')]",
      "type": "Microsoft.ApiManagement/service/properties",
      "apiVersion": "2019-01-01"
    },
    {
      "properties": {
        "tags": [
          "key",
          "function",
          "auto"
        ],
        "secret": true,
        "displayName": "fnp-uks-dev-ces-funcedst0003-key",
        "value": "c3c2K1Vc2xvHcCcM0UaPK0/xBLaxDK+/JVU944uc0VylWfrYgPlZsQ=="
      },
      "name": "[concat(parameters('ApimServiceName'), '/fnp-uks-dev-ces-funcedst0003-key')]",
      "type": "Microsoft.ApiManagement/service/properties",
      "apiVersion": "2019-01-01"
    },
    {
      "properties": {
        "tags": [
          "key",
          "function",
          "auto"
        ],
        "secret": true,
        "displayName": "fnp-uks-sit-ces-funcedst0001-key",
        "value": "MXlxqW0s+tRnlIdY/BtTNmJ0TF1FaxsArIMCE4MQSYCiyjsegQFacw=="
      },
      "name": "[concat(parameters('ApimServiceName'), '/fnp-uks-sit-ces-funcedst0001-key')]",
      "type": "Microsoft.ApiManagement/service/properties",
      "apiVersion": "2019-01-01"
    },
    {
      "properties": {
        "tags": [
          "key",
          "function",
          "auto"
        ],
        "secret": true,
        "displayName": "fnp-uks-sit-ces-funcedst0002-key",
        "value": "KpvqNOyvwreXvYMbBWUSb4r2nopX/ZWCJ7BLbj376GLrg8lPmu5kyw=="
      },
      "name": "[concat(parameters('ApimServiceName'), '/fnp-uks-sit-ces-funcedst0002-key')]",
      "type": "Microsoft.ApiManagement/service/properties",
      "apiVersion": "2019-01-01"
    },
    {
      "properties": {
        "tags": [
          "key",
          "function",
          "auto"
        ],
        "secret": true,
        "displayName": "fnp-uks-sit-ces-funcedst0003-key",
        "value": "4diPi7JscKfFXfgdA3eWxtmK/8+UvbSmxurv0iAD1T0GX8YssAQhAQ=="
      },
      "name": "[concat(parameters('ApimServiceName'), '/fnp-uks-sit-ces-funcedst0003-key')]",
      "type": "Microsoft.ApiManagement/service/properties",
      "apiVersion": "2019-01-01"
    },
    {
      "properties": {
        "tags": [
          "key",
          "function",
          "auto"
        ],
        "secret": true,
        "displayName": "fnp-uks-sit-ces-funcedst0004-key",
        "value": "1bTQQmocZT56uSqFOZvqn/zYexlPcWM7f88LskEaFMefOV3kYwOgsA=="
      },
      "name": "[concat(parameters('ApimServiceName'), '/fnp-uks-sit-ces-funcedst0004-key')]",
      "type": "Microsoft.ApiManagement/service/properties",
      "apiVersion": "2019-01-01"
    },
    {
      "properties": {
        "tags": [
          "key",
          "function",
          "auto"
        ],
        "secret": true,
        "displayName": "fnp-uks-sit-ces-funcedst0005-key",
        "value": "6sMtjrQlKlViOIU1KywyStFlOxEnBd6gSchIK20T1RHu8UmQ/G9eWQ=="
      },
      "name": "[concat(parameters('ApimServiceName'), '/fnp-uks-sit-ces-funcedst0005-key')]",
      "type": "Microsoft.ApiManagement/service/properties",
      "apiVersion": "2019-01-01"
    },
    {
      "properties": {
        "tags": [
          "key",
          "function",
          "auto"
        ],
        "secret": true,
        "displayName": "fnp-uks-sit-ces-funcedst0006-key",
        "value": "matpSwt2lipQvBFfLtbiqgGeKLmwXp2gjkHlRarVieWh7HC1uPCOOg=="
      },
      "name": "[concat(parameters('ApimServiceName'), '/fnp-uks-sit-ces-funcedst0006-key')]",
      "type": "Microsoft.ApiManagement/service/properties",
      "apiVersion": "2019-01-01"
    },
    {
      "properties": {
        "tags": [
          "key",
          "function",
          "auto"
        ],
        "secret": true,
        "displayName": "fnp-uks-sit-ces-funcedst0007-key",
        "value": "y62o6s7GafYmEAvDgCbcihq9EPjIzHRN2ySZ90dLdvhqlBC30RfoxQ=="
      },
      "name": "[concat(parameters('ApimServiceName'), '/fnp-uks-sit-ces-funcedst0007-key')]",
      "type": "Microsoft.ApiManagement/service/properties",
      "apiVersion": "2019-01-01"
    },
    {
      "properties": {
        "tags": [],
        "secret": false,
        "displayName": "FunctionAppCommon",
        "value": "fnp-uks-sit-ces-funcedst0001"
      },
      "name": "[concat(parameters('ApimServiceName'), '/FunctionAppCommon')]",
      "type": "Microsoft.ApiManagement/service/properties",
      "apiVersion": "2019-01-01"
    },
    {
      "properties": {
        "secret": true,
        "displayName": "Logger-Credentials--5fd920549d0e2210f0c91f55",
        "value": "57a6468b-9d80-4d45-a0a6-05cff345fcca"
      },
      "name": "[concat(parameters('ApimServiceName'), '/5fd920549d0e2210f0c91f54')]",
      "type": "Microsoft.ApiManagement/service/properties",
      "apiVersion": "2019-01-01"
    },
    {
      "properties": {
        "secret": true,
        "displayName": "Logger-Credentials--5fd924e29d0e2210f0c91f59",
        "value": "6f174869-a91f-4aa7-b9c1-1dec7fda7fc6"
      },
      "name": "[concat(parameters('ApimServiceName'), '/5fd924e29d0e2210f0c91f58')]",
      "type": "Microsoft.ApiManagement/service/properties",
      "apiVersion": "2019-01-01"
    },
    {
      "properties": {
        "tags": [],
        "secret": true,
        "displayName": "manage-suppliers_manual-invoke_601d355e3f1ecd36fab6e43c",
        "value": "4zX5J1W62N1HmLSDIVHCe3s-uPQRrjx0u2jEklrcjT0"
      },
      "name": "[concat(parameters('ApimServiceName'), '/601d355e3f1ecd36fab6e43c')]",
      "type": "Microsoft.ApiManagement/service/properties",
      "apiVersion": "2019-01-01"
    },
    {
      "properties": {
        "tags": [],
        "secret": true,
        "displayName": "manage-task-list_manual-invoke_601d35796b62bb860d53bf87",
        "value": "VciFnIFx2i6QIb0IGPWnp4qoPFpQkfu8cEfOLNu7Lwc"
      },
      "name": "[concat(parameters('ApimServiceName'), '/601d35796b62bb860d53bf87')]",
      "type": "Microsoft.ApiManagement/service/properties",
      "apiVersion": "2019-01-01"
    },
    {
      "properties": {
        "tags": [],
        "secret": false,
        "displayName": "oAuthTokenIssuerTenantId",
        "value": "c22cc3e1-5d7f-4f4d-be03-d5a158cc9409"
      },
      "name": "[concat(parameters('ApimServiceName'), '/oAuthTokenIssuerTenantId')]",
      "type": "Microsoft.ApiManagement/service/properties",
      "apiVersion": "2019-01-01"
    },
    {
      "properties": {
        "tags": [],
        "secret": false,
        "displayName": "PostExamDatesFunction",
        "value": "/postExamDates"
      },
      "name": "[concat(parameters('ApimServiceName'), '/PostExamDatesFunction')]",
      "type": "Microsoft.ApiManagement/service/properties",
      "apiVersion": "2019-01-01"
    },
    {
      "properties": {
        "tags": [],
        "secret": false,
        "displayName": "RiskAssessmentFunction",
        "value": "/riskAssessment"
      },
      "name": "[concat(parameters('ApimServiceName'), '/RiskAssessmentFunction')]",
      "type": "Microsoft.ApiManagement/service/properties",
      "apiVersion": "2019-01-01"
    },
    {
      "properties": {
        "tags": [],
        "secret": false,
        "displayName": "SearchFunction",
        "value": "/getSearchLookup"
      },
      "name": "[concat(parameters('ApimServiceName'), '/SearchFunction')]",
      "type": "Microsoft.ApiManagement/service/properties",
      "apiVersion": "2019-01-01"
    },
    {
      "properties": {
        "tags": [],
        "secret": false,
        "displayName": "SearchNonCompliantAsset",
        "value": "/searchNonCompliantAsset"
      },
      "name": "[concat(parameters('ApimServiceName'), '/SearchNonCompliantAsset')]",
      "type": "Microsoft.ApiManagement/service/properties",
      "apiVersion": "2019-01-01"
    },
    {
      "properties": {
        "tags": [],
        "secret": false,
        "displayName": "TaskListDetailsFunction",
        "value": "/taskListDetails"
      },
      "name": "[concat(parameters('ApimServiceName'), '/TaskListDetailsFunction')]",
      "type": "Microsoft.ApiManagement/service/properties",
      "apiVersion": "2019-01-01"
    },
    {
      "properties": {
        "tags": [],
        "secret": false,
        "displayName": "TaskListSearchFunction",
        "value": "/getTaskListAssets"
      },
      "name": "[concat(parameters('ApimServiceName'), '/TaskListSearchFunction')]",
      "type": "Microsoft.ApiManagement/service/properties",
      "apiVersion": "2019-01-01"
    },
    {
      "properties": {
        "tags": [],
        "secret": false,
        "displayName": "TaskListStatusFunction",
        "value": "/postTaskListStatus"
      },
      "name": "[concat(parameters('ApimServiceName'), '/TaskListStatusFunction')]",
      "type": "Microsoft.ApiManagement/service/properties",
      "apiVersion": "2019-01-01"
    },
    {
      "properties": {
        "tags": [],
        "secret": false,
        "displayName": "UserInfoFunction",
        "value": "/getUserInfo"
      },
      "name": "[concat(parameters('ApimServiceName'), '/UserInfoFunction')]",
      "type": "Microsoft.ApiManagement/service/properties",
      "apiVersion": "2019-01-01"
    },
    {
      "properties": {
        "tags": [],
        "secret": false,
        "displayName": "UserPreferenceFunction",
        "value": "/userPreference"
      },
      "name": "[concat(parameters('ApimServiceName'), '/UserPreferenceFunction')]",
      "type": "Microsoft.ApiManagement/service/properties",
      "apiVersion": "2019-01-01"
    },
    {
      "properties": {
        "tags": [],
        "secret": false,
        "displayName": "viewAssetDetailsFunction",
        "value": "/viewNonComplianceAssets"
      },
      "name": "[concat(parameters('ApimServiceName'), '/viewAssetDetailsFunction')]",
      "type": "Microsoft.ApiManagement/service/properties",
      "apiVersion": "2019-01-01"
    }
  ]
}