{
  "$schema": "https://schema.management.azure.com/schemas/2015-01-01/deploymentTemplate.json#",
  "contentVersion": "1.0.0.0",
  "parameters": {
    "ApimServiceName": {
      "type": "string"
    }
  },
  "resources": [
    {
      "properties": {
        "description": "Contain the set of operations/apis to get the compliance related information for CES application",
        "authenticationSettings": {
          "subscriptionKeyRequired": false
        },
        "subscriptionKeyParameterNames": {
          "header": "Ocp-Apim-Subscription-Key",
          "query": "subscription-key"
        },
        "apiRevision": "1",
        "isCurrent": true,
        "subscriptionRequired": false,
        "displayName": "Manage Compliances",
        "path": "II/CESAPI/compliances",
        "protocols": [
          "https"
        ]
      },
      "name": "[concat(parameters('ApimServiceName'), '/manage-compliance')]",
      "type": "Microsoft.ApiManagement/service/apis",
      "apiVersion": "2019-01-01",
      "dependsOn": []
    },
    {
      "properties": {
        "contentType": "application/vnd.oai.openapi.components+json",
        "document": {
          "components": {
            "schemas": {
              "Save risk assessment information": {
                "type": "object",
                "properties": {
                  "asset_guid": {
                    "type": "string"
                  },
                  "exam_type_id": {
                    "type": "integer"
                  },
                  "assessment_date": {
                    "type": "string"
                  },
                  "review_date": {
                    "type": "string"
                  },
                  "expiry_date": {
                    "type": "string"
                  },
                  "risk_score": {
                    "type": "string"
                  },
                  "mitigation_comment": {
                    "type": "string"
                  },
                  "risk_user_key": {
                    "type": "string"
                  },
                  "question_01": {
                    "type": "string"
                  },
                  "question_01_ans": {
                    "type": "string"
                  },
                  "question_01_cmt": {
                    "type": "string"
                  },
                  "question_02": {
                    "type": "string"
                  },
                  "question_02_ans": {
                    "type": "string"
                  },
                  "question_02_cmt": {
                    "type": "string"
                  },
                  "question_03": {
                    "type": "string"
                  },
                  "question_03_ans": {
                    "type": "string"
                  },
                  "question_03_cmt": {
                    "type": "string"
                  },
                  "question_04": {
                    "type": "string"
                  },
                  "question_04_ans": {
                    "type": "string"
                  },
                  "question_04_cmt": {
                    "type": "string"
                  },
                  "mitigation_action_01": {
                    "type": "string"
                  },
                  "mitigation_action_01_selection": {
                    "type": "string"
                  },
                  "mitigation_action_02": {
                    "type": "string"
                  },
                  "mitigation_action_02_selection": {
                    "type": "string"
                  },
                  "mitigation_action_03": {
                    "type": "string"
                  },
                  "mitigation_action_03_selection": {
                    "type": "string"
                  },
                  "mitigation_action_04": {
                    "type": "string"
                  },
                  "mitigation_action_04_selection": {
                    "type": "string"
                  },
                  "mitigation_action_05": {
                    "type": "string"
                  },
                  "mitigation_action_05_selection": {
                    "type": "string"
                  },
                  "mitigation_action_06": {
                    "type": "string"
                  },
                  "mitigation_action_06_selection": {
                    "type": "string"
                  },
                  "mitigation_action_07": {
                    "type": "string"
                  },
                  "mitigation_action_07_selection": {
                    "type": "string"
                  },
                  "mitigation_date": {
                    "type": "string"
                  }
                }
              },
              "searchNonCompliantAssets": {
                "type": "object",
                "properties": {
                  "searchdatacount": {
                    "type": "object",
                    "properties": {
                      "currentpage": {
                        "type": "integer"
                      },
                      "totalcount": {
                        "type": "integer"
                      },
                      "totalpages": {
                        "type": "integer"
                      }
                    }
                  },
                  "searchresult": {
                    "type": "array",
                    "items": {
                      "type": "object",
                      "properties": {
                        "asset_guid": {
                          "type": "string"
                        },
                        "region": {
                          "type": "string"
                        },
                        "route": {
                          "type": "string"
                        },
                        "area": {
                          "type": "string"
                        },
                        "elr": {
                          "type": "string"
                        },
                        "railway_id": {
                          "type": "string"
                        },
                        "mileage_from": {
                          "type": "string"
                        },
                        "mileage_to": {},
                        "asset_grp": {
                          "type": "string"
                        },
                        "asset_type": {
                          "type": "string"
                        },
                        "dtl_compliance": {},
                        "dtl_risk_status": {},
                        "dtl_frequency": {},
                        "ve_compliance": {},
                        "ve_risk_status": {},
                        "ve_frequency": {},
                        "uw_compliance": {},
                        "uw_risk_status": {},
                        "uw_frequency": {}
                      },
                      "required": [
                        "asset_guid",
                        "region",
                        "route",
                        "elr",
                        "railway_id",
                        "mileage_from",
                        "mileage_to",
                        "asset_grp",
                        "asset_type",
                        "dtl_compliance",
                        "dtl_risk_status",
                        "dtl_frequency",
                        "ve_compliance",
                        "ve_risk_status",
                        "ve_frequency",
                        "uw_compliance",
                        "uw_risk_status",
                        "uw_frequency"
                      ]
                    }
                  }
                },
                "example": {
                  "searchdatacount": {
                    "currentpage": 1,
                    "totalcount": 4877,
                    "totalpages": 196
                  },
                  "searchresult": [
                    {
                      "asset_guid": "3978559C2EF045D9E04400306E4AD01A",
                      "region": "Southern",
                      "route": "Kent",
                      "elr": "XTD",
                      "railway_id": "W251",
                      "mileage_from": "0.000000",
                      "mileage_to": null,
                      "asset_grp": "Bridge",
                      "asset_type": "Viaduct",
                      "dtl_compliance": null,
                      "dtl_risk_status": null,
                      "dtl_frequency": null,
                      "ve_compliance": null,
                      "ve_risk_status": null,
                      "ve_frequency": null,
                      "uw_compliance": null,
                      "uw_risk_status": null,
                      "uw_frequency": null
                    },
                    {
                      "asset_guid": "3978559C3B4745D9E04400306E4AD01A",
                      "region": "Southern",
                      "route": "Kent",
                      "elr": "LBW",
                      "railway_id": "60A",
                      "mileage_from": "0.000568",
                      "mileage_to": "0.000568",
                      "asset_grp": "Bridge",
                      "asset_type": "Underline Bridge",
                      "dtl_compliance": null,
                      "dtl_risk_status": null,
                      "dtl_frequency": null,
                      "ve_compliance": null,
                      "ve_risk_status": null,
                      "ve_frequency": null,
                      "uw_compliance": null,
                      "uw_risk_status": null,
                      "uw_frequency": null
                    },
                    {
                      "asset_guid": "3978559C3B3845D9E04400306E4AD01A",
                      "region": "Southern",
                      "route": "Kent",
                      "elr": "LBW",
                      "railway_id": "W166",
                      "mileage_from": "0.001704",
                      "mileage_to": null,
                      "asset_grp": "Bridge",
                      "asset_type": "Viaduct",
                      "dtl_compliance": null,
                      "dtl_risk_status": null,
                      "dtl_frequency": null,
                      "ve_compliance": null,
                      "ve_risk_status": null,
                      "ve_frequency": null,
                      "uw_compliance": null,
                      "uw_risk_status": null,
                      "uw_frequency": null
                    },
                    {
                      "asset_guid": "3978559C3B1E45D9E04400306E4AD01A",
                      "region": "Southern",
                      "route": "Kent",
                      "elr": "LBW",
                      "railway_id": "W167",
                      "mileage_from": "0.002840",
                      "mileage_to": null,
                      "asset_grp": "Bridge",
                      "asset_type": "Viaduct",
                      "dtl_compliance": null,
                      "dtl_risk_status": null,
                      "dtl_frequency": null,
                      "ve_compliance": null,
                      "ve_risk_status": null,
                      "ve_frequency": null,
                      "uw_compliance": null,
                      "uw_risk_status": null,
                      "uw_frequency": null
                    },
                    {
                      "asset_guid": "3978559C3DDC45D9E04400306E4AD01A",
                      "region": "Southern",
                      "route": "Wessex",
                      "elr": "AJB",
                      "railway_id": "16A/0",
                      "mileage_from": "0.002840",
                      "mileage_to": "0.002840",
                      "asset_grp": "Bridge",
                      "asset_type": "Culvert",
                      "dtl_compliance": null,
                      "dtl_risk_status": null,
                      "dtl_frequency": null,
                      "ve_compliance": null,
                      "ve_risk_status": null,
                      "ve_frequency": null,
                      "uw_compliance": null,
                      "uw_risk_status": null,
                      "uw_frequency": null
                    },
                    {
                      "asset_guid": "3978559C3B3F45D9E04400306E4AD01A",
                      "region": "Southern",
                      "route": "Kent",
                      "elr": "LBW",
                      "railway_id": "W168",
                      "mileage_from": "0.003409",
                      "mileage_to": null,
                      "asset_grp": "Bridge",
                      "asset_type": "Viaduct",
                      "dtl_compliance": null,
                      "dtl_risk_status": null,
                      "dtl_frequency": null,
                      "ve_compliance": null,
                      "ve_risk_status": null,
                      "ve_frequency": null,
                      "uw_compliance": null,
                      "uw_risk_status": null,
                      "uw_frequency": null
                    },
                    {
                      "asset_guid": "3978559C3B3E45D9E04400306E4AD01A",
                      "region": "Southern",
                      "route": "Kent",
                      "elr": "LBW",
                      "railway_id": "W181",
                      "mileage_from": "0.005681",
                      "mileage_to": null,
                      "asset_grp": "Bridge",
                      "asset_type": "Viaduct",
                      "dtl_compliance": null,
                      "dtl_risk_status": null,
                      "dtl_frequency": null,
                      "ve_compliance": null,
                      "ve_risk_status": null,
                      "ve_frequency": null,
                      "uw_compliance": null,
                      "uw_risk_status": null,
                      "uw_frequency": null
                    },
                    {
                      "asset_guid": "3978559C326845D9E04400306E4AD01A",
                      "region": "Southern",
                      "route": "Kent",
                      "elr": "XTD",
                      "railway_id": "1B",
                      "mileage_from": "0.006250",
                      "mileage_to": "0.006250",
                      "asset_grp": "Bridge",
                      "asset_type": "Side of Line Bridge",
                      "dtl_compliance": null,
                      "dtl_risk_status": null,
                      "dtl_frequency": null,
                      "ve_compliance": null,
                      "ve_risk_status": null,
                      "ve_frequency": null,
                      "uw_compliance": null,
                      "uw_risk_status": null,
                      "uw_frequency": null
                    },
                    {
                      "asset_guid": "3978559C30FD45D9E04400306E4AD01A",
                      "region": "Southern",
                      "route": "Kent",
                      "elr": "XTD",
                      "railway_id": "W252",
                      "mileage_from": "0.008522",
                      "mileage_to": null,
                      "asset_grp": "Bridge",
                      "asset_type": "Underline Bridge",
                      "dtl_compliance": null,
                      "dtl_risk_status": null,
                      "dtl_frequency": null,
                      "ve_compliance": null,
                      "ve_risk_status": null,
                      "ve_frequency": null,
                      "uw_compliance": null,
                      "uw_risk_status": null,
                      "uw_frequency": null
                    },
                    {
                      "asset_guid": "3978559C2F1245D9E04400306E4AD01A",
                      "region": "Southern",
                      "route": "Kent",
                      "elr": "XTD",
                      "railway_id": "W254",
                      "mileage_from": "0.010795",
                      "mileage_to": "0.010795",
                      "asset_grp": "Bridge",
                      "asset_type": "Underline Bridge",
                      "dtl_compliance": null,
                      "dtl_risk_status": null,
                      "dtl_frequency": null,
                      "ve_compliance": null,
                      "ve_risk_status": null,
                      "ve_frequency": null,
                      "uw_compliance": null,
                      "uw_risk_status": null,
                      "uw_frequency": null
                    },
                    {
                      "asset_guid": "3978559C3B4045D9E04400306E4AD01A",
                      "region": "Southern",
                      "route": "Kent",
                      "elr": "LBW",
                      "railway_id": "W169",
                      "mileage_from": "0.011363",
                      "mileage_to": null,
                      "asset_grp": "Bridge",
                      "asset_type": "Viaduct",
                      "dtl_compliance": null,
                      "dtl_risk_status": null,
                      "dtl_frequency": null,
                      "ve_compliance": null,
                      "ve_risk_status": null,
                      "ve_frequency": null,
                      "uw_compliance": null,
                      "uw_risk_status": null,
                      "uw_frequency": null
                    },
                    {
                      "asset_guid": "3978559C303B45D9E04400306E4AD01A",
                      "region": "Southern",
                      "route": "Kent",
                      "elr": "XTD",
                      "railway_id": "1",
                      "mileage_from": "0.012500",
                      "mileage_to": "0.012500",
                      "asset_grp": "Bridge",
                      "asset_type": "Underline Bridge",
                      "dtl_compliance": null,
                      "dtl_risk_status": null,
                      "dtl_frequency": null,
                      "ve_compliance": null,
                      "ve_risk_status": null,
                      "ve_frequency": null,
                      "uw_compliance": null,
                      "uw_risk_status": null,
                      "uw_frequency": null
                    },
                    {
                      "asset_guid": "3978559C3B3A45D9E04400306E4AD01A",
                      "region": "Southern",
                      "route": "Kent",
                      "elr": "LBW",
                      "railway_id": "61C",
                      "mileage_from": "0.013068",
                      "mileage_to": "0.013068",
                      "asset_grp": "Bridge",
                      "asset_type": "Underline Bridge",
                      "dtl_compliance": null,
                      "dtl_risk_status": null,
                      "dtl_frequency": null,
                      "ve_compliance": null,
                      "ve_risk_status": null,
                      "ve_frequency": null,
                      "uw_compliance": null,
                      "uw_risk_status": null,
                      "uw_frequency": null
                    },
                    {
                      "asset_guid": "3978559C37E445D9E04400306E4AD01A",
                      "region": "Southern",
                      "route": "Kent",
                      "elr": "CBM",
                      "railway_id": "W40",
                      "mileage_from": "0.017045",
                      "mileage_to": null,
                      "asset_grp": "Bridge",
                      "asset_type": "Viaduct",
                      "dtl_compliance": null,
                      "dtl_risk_status": null,
                      "dtl_frequency": null,
                      "ve_compliance": null,
                      "ve_risk_status": null,
                      "ve_frequency": null,
                      "uw_compliance": null,
                      "uw_risk_status": null,
                      "uw_frequency": null
                    },
                    {
                      "asset_guid": "3978559C303D45D9E04400306E4AD01A",
                      "region": "Southern",
                      "route": "Kent",
                      "elr": "XTD",
                      "railway_id": "1V",
                      "mileage_from": "0.018750",
                      "mileage_to": null,
                      "asset_grp": "Bridge",
                      "asset_type": "Viaduct",
                      "dtl_compliance": null,
                      "dtl_risk_status": null,
                      "dtl_frequency": null,
                      "ve_compliance": null,
                      "ve_risk_status": null,
                      "ve_frequency": null,
                      "uw_compliance": null,
                      "uw_risk_status": null,
                      "uw_frequency": null
                    },
                    {
                      "asset_guid": "3978559C3B4545D9E04400306E4AD01A",
                      "region": "Southern",
                      "route": "Kent",
                      "elr": "LBW",
                      "railway_id": "W182",
                      "mileage_from": "0.022727",
                      "mileage_to": null,
                      "asset_grp": "Bridge",
                      "asset_type": "Viaduct",
                      "dtl_compliance": null,
                      "dtl_risk_status": null,
                      "dtl_frequency": null,
                      "ve_compliance": null,
                      "ve_risk_status": null,
                      "ve_frequency": null,
                      "uw_compliance": null,
                      "uw_risk_status": null,
                      "uw_frequency": null
                    },
                    {
                      "asset_guid": "3978559C3B4645D9E04400306E4AD01A",
                      "region": "Southern",
                      "route": "Kent",
                      "elr": "LBW",
                      "railway_id": "W170",
                      "mileage_from": "0.029545",
                      "mileage_to": null,
                      "asset_grp": "Bridge",
                      "asset_type": "Viaduct",
                      "dtl_compliance": null,
                      "dtl_risk_status": null,
                      "dtl_frequency": null,
                      "ve_compliance": null,
                      "ve_risk_status": null,
                      "ve_frequency": null,
                      "uw_compliance": null,
                      "uw_risk_status": null,
                      "uw_frequency": null
                    },
                    {
                      "asset_guid": "3978559C3B3D45D9E04400306E4AD01A",
                      "region": "Southern",
                      "route": "Kent",
                      "elr": "LBW",
                      "railway_id": "W183",
                      "mileage_from": "0.045454",
                      "mileage_to": null,
                      "asset_grp": "Bridge",
                      "asset_type": "Viaduct",
                      "dtl_compliance": null,
                      "dtl_risk_status": null,
                      "dtl_frequency": null,
                      "ve_compliance": null,
                      "ve_risk_status": null,
                      "ve_frequency": null,
                      "uw_compliance": null,
                      "uw_risk_status": null,
                      "uw_frequency": null
                    },
                    {
                      "asset_guid": "3978559C3DFD45D9E04400306E4AD01A",
                      "region": "Southern",
                      "route": "Kent",
                      "elr": "FTL",
                      "railway_id": "423",
                      "mileage_from": "0.051136",
                      "mileage_to": "0.051136",
                      "asset_grp": "Bridge",
                      "asset_type": "Overline Bridge",
                      "dtl_compliance": null,
                      "dtl_risk_status": null,
                      "dtl_frequency": null,
                      "ve_compliance": null,
                      "ve_risk_status": null,
                      "ve_frequency": null,
                      "uw_compliance": null,
                      "uw_risk_status": null,
                      "uw_frequency": null
                    },
                    {
                      "asset_guid": "3978559C2E9E45D9E04400306E4AD01A",
                      "region": "Southern",
                      "route": "Kent",
                      "elr": "XTD",
                      "railway_id": "2",
                      "mileage_from": "0.062500",
                      "mileage_to": "0.062500",
                      "asset_grp": "Bridge",
                      "asset_type": "Underline Bridge",
                      "dtl_compliance": null,
                      "dtl_risk_status": null,
                      "dtl_frequency": null,
                      "ve_compliance": null,
                      "ve_risk_status": null,
                      "ve_frequency": null,
                      "uw_compliance": null,
                      "uw_risk_status": null,
                      "uw_frequency": null
                    },
                    {
                      "asset_guid": "3978559C310545D9E04400306E4AD01A",
                      "region": "Southern",
                      "route": "Kent",
                      "elr": "XTD",
                      "railway_id": "2A",
                      "mileage_from": "0.075000",
                      "mileage_to": "0.075000",
                      "asset_grp": "Bridge",
                      "asset_type": "Underline Bridge",
                      "dtl_compliance": null,
                      "dtl_risk_status": null,
                      "dtl_frequency": null,
                      "ve_compliance": null,
                      "ve_risk_status": null,
                      "ve_frequency": null,
                      "uw_compliance": null,
                      "uw_risk_status": null,
                      "uw_frequency": null
                    },
                    {
                      "asset_guid": "3978559C2E1445D9E04400306E4AD01A",
                      "region": "Southern",
                      "route": "Kent",
                      "elr": "LEE",
                      "railway_id": "766A",
                      "mileage_from": "0.075000",
                      "mileage_to": "0.075000",
                      "asset_grp": "Bridge",
                      "asset_type": "Underline Bridge",
                      "dtl_compliance": null,
                      "dtl_risk_status": null,
                      "dtl_frequency": null,
                      "ve_compliance": null,
                      "ve_risk_status": null,
                      "ve_frequency": null,
                      "uw_compliance": null,
                      "uw_risk_status": null,
                      "uw_frequency": null
                    },
                    {
                      "asset_guid": "3978559C308145D9E04400306E4AD01A",
                      "region": "Southern",
                      "route": "Kent",
                      "elr": "XTD",
                      "railway_id": "3",
                      "mileage_from": "0.081250",
                      "mileage_to": "0.081250",
                      "asset_grp": "Bridge",
                      "asset_type": "Underline Bridge",
                      "dtl_compliance": null,
                      "dtl_risk_status": null,
                      "dtl_frequency": null,
                      "ve_compliance": null,
                      "ve_risk_status": null,
                      "ve_frequency": null,
                      "uw_compliance": null,
                      "uw_risk_status": null,
                      "uw_frequency": null
                    },
                    {
                      "asset_guid": "3978559C2EF245D9E04400306E4AD01A",
                      "region": "Southern",
                      "route": "Kent",
                      "elr": "XTD",
                      "railway_id": "3A",
                      "mileage_from": "0.081818",
                      "mileage_to": "0.081250",
                      "asset_grp": "Bridge",
                      "asset_type": "Underline Bridge",
                      "dtl_compliance": null,
                      "dtl_risk_status": null,
                      "dtl_frequency": null,
                      "ve_compliance": null,
                      "ve_risk_status": null,
                      "ve_frequency": null,
                      "uw_compliance": null,
                      "uw_risk_status": null,
                      "uw_frequency": null
                    },
                    {
                      "asset_guid": "3978559C3DDE45D9E04400306E4AD01A",
                      "region": "Southern",
                      "route": "Wessex",
                      "elr": "AJB",
                      "railway_id": "16A/1",
                      "mileage_from": "0.087500",
                      "mileage_to": "0.087500",
                      "asset_grp": "Bridge",
                      "asset_type": "Underline Bridge",
                      "dtl_compliance": null,
                      "dtl_risk_status": null,
                      "dtl_frequency": null,
                      "ve_compliance": null,
                      "ve_risk_status": null,
                      "ve_frequency": null,
                      "uw_compliance": null,
                      "uw_risk_status": null,
                      "uw_frequency": null
                    }
                  ]
                }
              },
              "RiskAssessmentHistoricRecords": {
                "type": "object",
                "properties": {
                  "searchdatacount": {
                    "type": "integer"
                  },
                  "risk_history": {
                    "type": "array",
                    "items": {
                      "type": "object",
                      "properties": {
                        "rowrank": {
                          "type": "integer"
                        },
                        "assessment_date": {
                          "type": "string"
                        },
                        "review_date": {
                          "type": "string"
                        },
                        "expiry_date": {
                          "type": "string"
                        },
                        "risk_score": {
                          "type": "string"
                        },
                        "mitigation_comment": {
                          "type": "string"
                        },
                        "risk_user": {},
                        "question_01": {},
                        "question_01_ans": {},
                        "question_01_cmt": {},
                        "question_02": {},
                        "question_02_ans": {},
                        "question_02_cmt": {},
                        "question_03": {},
                        "question_03_ans": {},
                        "question_03_cmt": {},
                        "question_04": {},
                        "question_04_ans": {},
                        "question_04_cmt": {},
                        "mitigation_date": {},
                        "mitigation_action_01": {},
                        "mitigation_action_01_selection": {},
                        "mitigation_action_02": {},
                        "mitigation_action_02_selection": {},
                        "mitigation_action_03": {},
                        "mitigation_action_03_selection": {},
                        "mitigation_action_04": {},
                        "mitigation_action_04_selection": {},
                        "mitigation_action_05": {},
                        "mitigation_action_05_selection": {},
                        "mitigation_action_06": {},
                        "mitigation_action_06_selection": {},
                        "mitigation_action_07": {},
                        "mitigation_action_07_selection": {}
                      },
                      "required": [
                        "rowrank",
                        "assessment_date",
                        "review_date",
                        "expiry_date",
                        "risk_score",
                        "mitigation_comment",
                        "risk_user",
                        "question_01",
                        "question_01_ans",
                        "question_01_cmt",
                        "question_02",
                        "question_02_ans",
                        "question_02_cmt",
                        "question_03",
                        "question_03_ans",
                        "question_03_cmt",
                        "question_04",
                        "question_04_ans",
                        "question_04_cmt",
                        "mitigation_date",
                        "mitigation_action_01",
                        "mitigation_action_01_selection",
                        "mitigation_action_02",
                        "mitigation_action_02_selection",
                        "mitigation_action_03",
                        "mitigation_action_03_selection",
                        "mitigation_action_04",
                        "mitigation_action_04_selection",
                        "mitigation_action_05",
                        "mitigation_action_05_selection",
                        "mitigation_action_06",
                        "mitigation_action_06_selection",
                        "mitigation_action_07",
                        "mitigation_action_07_selection"
                      ]
                    }
                  }
                }
              }
            }
          }
        }
      },
      "name": "[concat(parameters('ApimServiceName'), '/manage-compliance/1612769014572')]",
      "type": "Microsoft.ApiManagement/service/apis/schemas",
      "apiVersion": "2019-01-01",
      "dependsOn": [
        "[resourceId('Microsoft.ApiManagement/service/apis', parameters('ApimServiceName'), 'manage-compliance')]"
      ]
    },
    {
      "properties": {
        "templateParameters": [],
        "description": "This api returns the non compliance structures report",
        "request": {
          "queryParameters": [],
          "headers": [
            {
              "name": "X-Report-Compliance-Filters",
              "description": "dimension report filters",
              "type": "string",
              "required": true,
              "values": []
            }
          ],
          "representations": []
        },
        "responses": [
          {
            "statusCode": 200,
            "description": "",
            "headers": [],
            "representations": []
          },
          {
            "statusCode": 204,
            "description": "",
            "headers": [],
            "representations": []
          },
          {
            "statusCode": 400,
            "description": "",
            "headers": [],
            "representations": []
          },
          {
            "statusCode": 401,
            "description": "",
            "headers": [],
            "representations": []
          },
          {
            "statusCode": 500,
            "description": "",
            "headers": [],
            "representations": []
          }
        ],
        "displayName": "complianceDimensionReports",
        "method": "GET",
        "urlTemplate": "/dimensionReports"
      },
      "name": "[concat(parameters('ApimServiceName'), '/manage-compliance/compliancedimensionreports')]",
      "type": "Microsoft.ApiManagement/service/apis/operations",
      "apiVersion": "2019-01-01",
      "dependsOn": [
        "[resourceId('Microsoft.ApiManagement/service/apis', parameters('ApimServiceName'), 'manage-compliance')]"
      ]
    },
    {
      "properties": {
        "value": "<!--\n    IMPORTANT:\n    - Policy elements can appear only within the <inbound>, <outbound>, <backend> section elements.\n    - To apply a policy to the incoming request (before it is forwarded to the backend service), place a corresponding policy element within the <inbound> section element.\n    - To apply a policy to the outgoing response (before it is sent back to the caller), place a corresponding policy element within the <outbound> section element.\n    - To add a policy, place the cursor at the desired insertion point and select a policy from the sidebar.\n    - To remove a policy, delete the corresponding policy statement from the policy document.\n    - Position the <base> element within a section element to inherit all policies from the corresponding section element in the enclosing scope.\n    - Remove the <base> element to prevent inheriting policies from the corresponding section element in the enclosing scope.\n    - Policies are applied in the order of their appearance, from the top down.\n    - Comments within policy elements are not supported and may disappear. Place your comments between policy elements or at a higher level scope.\n-->\r\n<policies>\r\n\t<inbound>\r\n\t\t<base />\r\n\t\t<set-backend-service id=\"apim-generated-policy\" backend-id=\"{{FnAppCivilManageCompliance}}\" />\r\n\t\t<rewrite-uri template=\"{{NonComplianceStructureReportsFunction}}\" />\r\n\t</inbound>\r\n\t<backend>\r\n\t\t<base />\r\n\t</backend>\r\n\t<outbound>\r\n\t\t<base />\r\n\t</outbound>\r\n\t<on-error>\r\n\t\t<base />\r\n\t</on-error>\r\n</policies>",
        "format": "rawxml"
      },
      "name": "[concat(parameters('ApimServiceName'), '/manage-compliance/compliancedimensionreports/policy')]",
      "type": "Microsoft.ApiManagement/service/apis/operations/policies",
      "apiVersion": "2019-01-01",
      "dependsOn": [
        "[resourceId('Microsoft.ApiManagement/service/apis/operations', parameters('ApimServiceName'), 'manage-compliance', 'compliancedimensionreports')]"
      ]
    },
    {
      "properties": {
        "templateParameters": [],
        "description": "This api returns the progress/performance report",
        "request": {
          "queryParameters": [],
          "headers": [
            {
              "name": "X-Progress-Report-Filters",
              "type": "string",
              "required": true,
              "values": []
            }
          ],
          "representations": []
        },
        "responses": [
          {
            "statusCode": 200,
            "description": "",
            "headers": [],
            "representations": []
          },
          {
            "statusCode": 204,
            "description": "",
            "headers": [],
            "representations": []
          },
          {
            "statusCode": 400,
            "description": "",
            "headers": [],
            "representations": []
          },
          {
            "statusCode": 401,
            "description": "",
            "headers": [],
            "representations": []
          },
          {
            "statusCode": 500,
            "description": "",
            "headers": [],
            "representations": []
          }
        ],
        "displayName": "progressReports",
        "method": "GET",
        "urlTemplate": "/progressReports"
      },
      "name": "[concat(parameters('ApimServiceName'), '/manage-compliance/progressreports')]",
      "type": "Microsoft.ApiManagement/service/apis/operations",
      "apiVersion": "2019-01-01",
      "dependsOn": [
        "[resourceId('Microsoft.ApiManagement/service/apis', parameters('ApimServiceName'), 'manage-compliance')]"
      ]
    },
    {
      "properties": {
        "value": "<!--\n    IMPORTANT:\n    - Policy elements can appear only within the <inbound>, <outbound>, <backend> section elements.\n    - To apply a policy to the incoming request (before it is forwarded to the backend service), place a corresponding policy element within the <inbound> section element.\n    - To apply a policy to the outgoing response (before it is sent back to the caller), place a corresponding policy element within the <outbound> section element.\n    - To add a policy, place the cursor at the desired insertion point and select a policy from the sidebar.\n    - To remove a policy, delete the corresponding policy statement from the policy document.\n    - Position the <base> element within a section element to inherit all policies from the corresponding section element in the enclosing scope.\n    - Remove the <base> element to prevent inheriting policies from the corresponding section element in the enclosing scope.\n    - Policies are applied in the order of their appearance, from the top down.\n    - Comments within policy elements are not supported and may disappear. Place your comments between policy elements or at a higher level scope.\n-->\r\n<policies>\r\n\t<inbound>\r\n\t\t<base />\r\n\t\t<set-backend-service id=\"apim-generated-policy\" backend-id=\"{{FnAppCivilManageCompliance}}\" />\r\n\t\t<rewrite-uri template=\"{{ProgressReportsFunction}}\" />\r\n\t</inbound>\r\n\t<backend>\r\n\t\t<base />\r\n\t</backend>\r\n\t<outbound>\r\n\t\t<base />\r\n\t</outbound>\r\n\t<on-error>\r\n\t\t<base />\r\n\t</on-error>\r\n</policies>",
        "format": "rawxml"
      },
      "name": "[concat(parameters('ApimServiceName'), '/manage-compliance/progressreports/policy')]",
      "type": "Microsoft.ApiManagement/service/apis/operations/policies",
      "apiVersion": "2019-01-01",
      "dependsOn": [
        "[resourceId('Microsoft.ApiManagement/service/apis/operations', parameters('ApimServiceName'), 'manage-compliance', 'progressreports')]"
      ]
    },
    {
      "properties": {
        "templateParameters": [],
        "description": "",
        "request": {
          "queryParameters": [
            {
              "name": "assetGuid",
              "description": "Asset GUID is unique identifier",
              "type": "string",
              "required": false,
              "values": []
            },
            {
              "name": "examTypeId",
              "description": "Get the risk assessment information based on the exam type id.",
              "type": "int",
              "required": false,
              "values": []
            }
          ],
          "headers": [],
          "representations": []
        },
        "responses": [
          {
            "statusCode": 200,
            "description": "",
            "headers": [],
            "representations": []
          },
          {
            "statusCode": 204,
            "description": "",
            "headers": [],
            "representations": []
          },
          {
            "statusCode": 400,
            "description": "",
            "headers": [],
            "representations": []
          },
          {
            "statusCode": 401,
            "description": "",
            "headers": [],
            "representations": []
          },
          {
            "statusCode": 500,
            "description": "",
            "headers": [],
            "representations": []
          }
        ],
        "displayName": "riskAssessment",
        "method": "GET",
        "urlTemplate": "/riskassessment"
      },
      "name": "[concat(parameters('ApimServiceName'), '/manage-compliance/risk-assessment')]",
      "type": "Microsoft.ApiManagement/service/apis/operations",
      "apiVersion": "2019-01-01",
      "dependsOn": [
        "[resourceId('Microsoft.ApiManagement/service/apis', parameters('ApimServiceName'), 'manage-compliance')]"
      ]
    },
    {
      "properties": {
        "value": "<!--\n    IMPORTANT:\n    - Policy elements can appear only within the <inbound>, <outbound>, <backend> section elements.\n    - To apply a policy to the incoming request (before it is forwarded to the backend service), place a corresponding policy element within the <inbound> section element.\n    - To apply a policy to the outgoing response (before it is sent back to the caller), place a corresponding policy element within the <outbound> section element.\n    - To add a policy, place the cursor at the desired insertion point and select a policy from the sidebar.\n    - To remove a policy, delete the corresponding policy statement from the policy document.\n    - Position the <base> element within a section element to inherit all policies from the corresponding section element in the enclosing scope.\n    - Remove the <base> element to prevent inheriting policies from the corresponding section element in the enclosing scope.\n    - Policies are applied in the order of their appearance, from the top down.\n    - Comments within policy elements are not supported and may disappear. Place your comments between policy elements or at a higher level scope.\n-->\r\n<policies>\r\n\t<inbound>\r\n\t\t<base />\r\n\t\t<set-backend-service id=\"apim-generated-policy\" backend-id=\"{{FnAppCivilManageCompliance}}\" />\r\n\t\t<rewrite-uri template=\"{{RiskAssessmentFunction}}\" />\r\n\t</inbound>\r\n\t<backend>\r\n\t\t<base />\r\n\t</backend>\r\n\t<outbound>\r\n\t\t<base />\r\n\t</outbound>\r\n\t<on-error>\r\n\t\t<base />\r\n\t</on-error>\r\n</policies>",
        "format": "rawxml"
      },
      "name": "[concat(parameters('ApimServiceName'), '/manage-compliance/risk-assessment/policy')]",
      "type": "Microsoft.ApiManagement/service/apis/operations/policies",
      "apiVersion": "2019-01-01",
      "dependsOn": [
        "[resourceId('Microsoft.ApiManagement/service/apis/operations', parameters('ApimServiceName'), 'manage-compliance', 'risk-assessment')]"
      ]
    },
    {
      "properties": {
        "templateParameters": [],
        "description": "This api will give the historic records of risk assessment",
        "request": {
          "queryParameters": [
            {
              "name": "assetGuid",
              "type": "string",
              "required": true,
              "values": []
            },
            {
              "name": "examTypeId",
              "type": "integer",
              "required": true,
              "values": []
            }
          ],
          "headers": [],
          "representations": []
        },
        "responses": [
          {
            "statusCode": 200,
            "description": "",
            "headers": [],
            "representations": [
              {
                "contentType": "application/json",
                "schemaId": "1612769014572",
                "typeName": "RiskAssessmentHistoricRecords"
              }
            ]
          },
          {
            "statusCode": 400,
            "description": "",
            "headers": [],
            "representations": []
          },
          {
            "statusCode": 204,
            "description": "",
            "headers": [],
            "representations": []
          },
          {
            "statusCode": 500,
            "description": "",
            "headers": [],
            "representations": []
          },
          {
            "statusCode": 401,
            "description": "",
            "headers": [],
            "representations": []
          }
        ],
        "displayName": "riskAssessmentHistoricRecords",
        "method": "GET",
        "urlTemplate": "/riskHistory"
      },
      "name": "[concat(parameters('ApimServiceName'), '/manage-compliance/riskassessmenthistoricrecords')]",
      "type": "Microsoft.ApiManagement/service/apis/operations",
      "apiVersion": "2019-01-01",
      "dependsOn": [
        "[resourceId('Microsoft.ApiManagement/service/apis', parameters('ApimServiceName'), 'manage-compliance')]",
        "[resourceId('Microsoft.ApiManagement/service/apis/schemas', parameters('ApimServiceName'), 'manage-compliance', '1612769014572')]"
      ]
    },
    {
      "properties": {
        "value": "<!--\n    IMPORTANT:\n    - Policy elements can appear only within the <inbound>, <outbound>, <backend> section elements.\n    - To apply a policy to the incoming request (before it is forwarded to the backend service), place a corresponding policy element within the <inbound> section element.\n    - To apply a policy to the outgoing response (before it is sent back to the caller), place a corresponding policy element within the <outbound> section element.\n    - To add a policy, place the cursor at the desired insertion point and select a policy from the sidebar.\n    - To remove a policy, delete the corresponding policy statement from the policy document.\n    - Position the <base> element within a section element to inherit all policies from the corresponding section element in the enclosing scope.\n    - Remove the <base> element to prevent inheriting policies from the corresponding section element in the enclosing scope.\n    - Policies are applied in the order of their appearance, from the top down.\n    - Comments within policy elements are not supported and may disappear. Place your comments between policy elements or at a higher level scope.\n-->\r\n<policies>\r\n\t<inbound>\r\n\t\t<base />\r\n\t\t<set-backend-service id=\"apim-generated-policy\" backend-id=\"{{FnAppCivilManageCompliance}}\" />\r\n\t\t<rewrite-uri template=\"{{RiskAssessmentHistoricRecords}}\" />\r\n\t</inbound>\r\n\t<backend>\r\n\t\t<base />\r\n\t</backend>\r\n\t<outbound>\r\n\t\t<base />\r\n\t</outbound>\r\n\t<on-error>\r\n\t\t<base />\r\n\t</on-error>\r\n</policies>",
        "format": "rawxml"
      },
      "name": "[concat(parameters('ApimServiceName'), '/manage-compliance/riskassessmenthistoricrecords/policy')]",
      "type": "Microsoft.ApiManagement/service/apis/operations/policies",
      "apiVersion": "2019-01-01",
      "dependsOn": [
        "[resourceId('Microsoft.ApiManagement/service/apis/operations', parameters('ApimServiceName'), 'manage-compliance', 'riskassessmenthistoricrecords')]"
      ]
    },
    {
      "properties": {
        "templateParameters": [],
        "description": "API to save the risk assessment details.",
        "request": {
          "queryParameters": [],
          "headers": [],
          "representations": []
        },
        "responses": [
          {
            "statusCode": 200,
            "description": "",
            "headers": [],
            "representations": []
          },
          {
            "statusCode": 204,
            "description": "",
            "headers": [],
            "representations": []
          },
          {
            "statusCode": 400,
            "description": "",
            "headers": [],
            "representations": []
          },
          {
            "statusCode": 401,
            "description": "",
            "headers": [],
            "representations": []
          },
          {
            "statusCode": 500,
            "description": "",
            "headers": [],
            "representations": []
          }
        ],
        "displayName": "saveRiskAssesment",
        "method": "POST",
        "urlTemplate": "/riskassessment"
      },
      "name": "[concat(parameters('ApimServiceName'), '/manage-compliance/save-risk-assesment')]",
      "type": "Microsoft.ApiManagement/service/apis/operations",
      "apiVersion": "2019-01-01",
      "dependsOn": [
        "[resourceId('Microsoft.ApiManagement/service/apis', parameters('ApimServiceName'), 'manage-compliance')]"
      ]
    },
    {
      "properties": {
        "value": "<!--\n    IMPORTANT:\n    - Policy elements can appear only within the <inbound>, <outbound>, <backend> section elements.\n    - To apply a policy to the incoming request (before it is forwarded to the backend service), place a corresponding policy element within the <inbound> section element.\n    - To apply a policy to the outgoing response (before it is sent back to the caller), place a corresponding policy element within the <outbound> section element.\n    - To add a policy, place the cursor at the desired insertion point and select a policy from the sidebar.\n    - To remove a policy, delete the corresponding policy statement from the policy document.\n    - Position the <base> element within a section element to inherit all policies from the corresponding section element in the enclosing scope.\n    - Remove the <base> element to prevent inheriting policies from the corresponding section element in the enclosing scope.\n    - Policies are applied in the order of their appearance, from the top down.\n    - Comments within policy elements are not supported and may disappear. Place your comments between policy elements or at a higher level scope.\n-->\r\n<policies>\r\n\t<inbound>\r\n\t\t<base />\r\n\t\t<set-backend-service id=\"apim-generated-policy\" backend-id=\"{{FnAppCivilManageCompliance}}\" />\r\n\t\t<rewrite-uri template=\"{{RiskAssessmentFunction}}\" />\r\n\t</inbound>\r\n\t<backend>\r\n\t\t<base />\r\n\t</backend>\r\n\t<outbound>\r\n\t\t<base />\r\n\t</outbound>\r\n\t<on-error>\r\n\t\t<base />\r\n\t</on-error>\r\n</policies>",
        "format": "rawxml"
      },
      "name": "[concat(parameters('ApimServiceName'), '/manage-compliance/save-risk-assesment/policy')]",
      "type": "Microsoft.ApiManagement/service/apis/operations/policies",
      "apiVersion": "2019-01-01",
      "dependsOn": [
        "[resourceId('Microsoft.ApiManagement/service/apis/operations', parameters('ApimServiceName'), 'manage-compliance', 'save-risk-assesment')]"
      ]
    },
    {
      "properties": {
        "templateParameters": [],
        "description": "This api will return the non compliance asset details based on input request.",
        "request": {
          "queryParameters": [],
          "headers": [
            {
              "name": "X-Asset-Compliance-Filters",
              "description": "Asset Compliance Filter parameters",
              "type": "string",
              "required": true,
              "values": []
            }
          ],
          "representations": []
        },
        "responses": [
          {
            "statusCode": 200,
            "description": "",
            "headers": [],
            "representations": []
          },
          {
            "statusCode": 204,
            "description": "",
            "headers": [],
            "representations": []
          },
          {
            "statusCode": 400,
            "description": "",
            "headers": [],
            "representations": []
          },
          {
            "statusCode": 401,
            "description": "",
            "headers": [],
            "representations": []
          },
          {
            "statusCode": 500,
            "description": "",
            "headers": [],
            "representations": []
          }
        ],
        "displayName": "searchNonCompliantAssets",
        "method": "GET",
        "urlTemplate": "/search"
      },
      "name": "[concat(parameters('ApimServiceName'), '/manage-compliance/viewAssets')]",
      "type": "Microsoft.ApiManagement/service/apis/operations",
      "apiVersion": "2019-01-01",
      "dependsOn": [
        "[resourceId('Microsoft.ApiManagement/service/apis', parameters('ApimServiceName'), 'manage-compliance')]"
      ]
    },
    {
      "properties": {
        "value": "<!--\n    IMPORTANT:\n    - Policy elements can appear only within the <inbound>, <outbound>, <backend> section elements.\n    - To apply a policy to the incoming request (before it is forwarded to the backend service), place a corresponding policy element within the <inbound> section element.\n    - To apply a policy to the outgoing response (before it is sent back to the caller), place a corresponding policy element within the <outbound> section element.\n    - To add a policy, place the cursor at the desired insertion point and select a policy from the sidebar.\n    - To remove a policy, delete the corresponding policy statement from the policy document.\n    - Position the <base> element within a section element to inherit all policies from the corresponding section element in the enclosing scope.\n    - Remove the <base> element to prevent inheriting policies from the corresponding section element in the enclosing scope.\n    - Policies are applied in the order of their appearance, from the top down.\n    - Comments within policy elements are not supported and may disappear. Place your comments between policy elements or at a higher level scope.\n-->\r\n<policies>\r\n\t<inbound>\r\n\t\t<base />\r\n\t\t<set-backend-service id=\"apim-generated-policy\" backend-id=\"{{FnAppCivilManageCompliance}}\" />\r\n\t\t<rewrite-uri template=\"{{SearchNonCompliantAsset}}\" />\r\n\t</inbound>\r\n\t<backend>\r\n\t\t<base />\r\n\t</backend>\r\n\t<outbound>\r\n\t\t<base />\r\n\t</outbound>\r\n\t<on-error>\r\n\t\t<base />\r\n\t</on-error>\r\n</policies>",
        "format": "rawxml"
      },
      "name": "[concat(parameters('ApimServiceName'), '/manage-compliance/viewAssets/policy')]",
      "type": "Microsoft.ApiManagement/service/apis/operations/policies",
      "apiVersion": "2019-01-01",
      "dependsOn": [
        "[resourceId('Microsoft.ApiManagement/service/apis/operations', parameters('ApimServiceName'), 'manage-compliance', 'viewAssets')]"
      ]
    },
    {
      "properties": {
        "value": "<!--\n    IMPORTANT:\n    - Policy elements can appear only within the <inbound>, <outbound>, <backend> section elements.\n    - To apply a policy to the incoming request (before it is forwarded to the backend service), place a corresponding policy element within the <inbound> section element.\n    - To apply a policy to the outgoing response (before it is sent back to the caller), place a corresponding policy element within the <outbound> section element.\n    - To add a policy, place the cursor at the desired insertion point and select a policy from the sidebar.\n    - To remove a policy, delete the corresponding policy statement from the policy document.\n    - Position the <base> element within a section element to inherit all policies from the corresponding section element in the enclosing scope.\n    - Remove the <base> element to prevent inheriting policies from the corresponding section element in the enclosing scope.\n    - Policies are applied in the order of their appearance, from the top down.\n    - Comments within policy elements are not supported and may disappear. Place your comments between policy elements or at a higher level scope.\n-->\r\n<policies>\r\n\t<inbound>\r\n\t\t<base />\r\n\t\t<validate-jwt header-name=\"Authorization\" failed-validation-httpcode=\"401\" failed-validation-error-message=\"unauthorized token\">\r\n\t\t\t<openid-config url=\"https://login.microsoftonline.com/{{oAuthTokenIssuerTenantId}}/.well-known/openid-configuration\" />\r\n\t\t\t<issuers>\r\n\t\t\t\t<issuer>https://sts.windows.net/{{oAuthTokenIssuerTenantId}}/</issuer>\r\n\t\t\t</issuers>\r\n\t\t\t<required-claims>\r\n\t\t\t\t<claim name=\"aud\" match=\"any\">\r\n\t\t\t\t\t<value>api://{{CesWebApp}}</value>\r\n\t\t\t\t</claim>\r\n\t\t\t</required-claims>\r\n\t\t</validate-jwt>\r\n\t</inbound>\r\n\t<backend>\r\n\t\t<base />\r\n\t</backend>\r\n\t<outbound>\r\n\t\t<base />\r\n\t</outbound>\r\n\t<on-error>\r\n\t\t<base />\r\n\t</on-error>\r\n</policies>",
        "format": "rawxml"
      },
      "name": "[concat(parameters('ApimServiceName'), '/manage-compliance/policy')]",
      "type": "Microsoft.ApiManagement/service/apis/policies",
      "apiVersion": "2019-01-01",
      "dependsOn": [
        "[resourceId('Microsoft.ApiManagement/service/apis', parameters('ApimServiceName'), 'manage-compliance')]"
      ]
    },
    {
      "properties": {},
      "name": "[concat(parameters('ApimServiceName'), '/cefa/manage-compliance')]",
      "type": "Microsoft.ApiManagement/service/products/apis",
      "apiVersion": "2019-01-01",
      "dependsOn": [
        "[resourceId('Microsoft.ApiManagement/service/apis', parameters('ApimServiceName'), 'manage-compliance')]"
      ]
    }
  ]
}