{
	"name": "ds_adlsgen2_Access_stagefile",
	"properties": {
		"linkedServiceName": {
			"referenceName": "lsDatalake",
			"type": "LinkedServiceReference"
		},
		"parameters": {
			"Filesystem": {
				"type": "string"
			},
			"Directory": {
				"type": "string"
			},
			"Filename": {
				"type": "string"
			},
			"Sheetname": {
				"type": "string"
			}
		},
		"annotations": [],
		"type": "Excel",
		"typeProperties": {
			"sheetName": {
				"value": "@dataset().Sheetname",
				"type": "Expression"
			},
			"location": {
				"type": "AzureBlobFSLocation",
				"fileName": {
					"value": "@dataset().Filename",
					"type": "Expression"
				},
				"folderPath": {
					"value": "@dataset().Directory",
					"type": "Expression"
				},
				"fileSystem": {
					"value": "@dataset().Filesystem",
					"type": "Expression"
				}
			},
			"firstRowAsHeader": true
		},
		"schema": []
	}
}