{
	"name": "ds_adlsgen2_backup_dest_Full",
	"properties": {
		"linkedServiceName": {
			"referenceName": "lsDatalake",
			"type": "LinkedServiceReference"
		},
		"parameters": {
			"Directory": {
				"type": "string"
			}
		},
		"annotations": [],
		"type": "Parquet",
		"typeProperties": {
			"location": {
				"type": "AzureBlobFSLocation",
				"folderPath": {
					"value": "@dataset().Directory",
					"type": "Expression"
				},
				"fileSystem": "ces-adls-bkp"
			},
			"compressionCodec": "snappy"
		},
		"schema": []
	}
}