{
	"name": "ds_adlsgen2_alarm_Raw_parquet",
	"properties": {
		"linkedServiceName": {
			"referenceName": "lsDatalake",
			"type": "LinkedServiceReference"
		},
		"annotations": [],
		"type": "Parquet",
		"typeProperties": {
			"location": {
				"type": "AzureBlobFSLocation",
				"folderPath": {
					"value": "@concat('ces-adls-data/Full/Raw/Alarm/','YEAR-', formatDateTime(utcnow(),'yyyy'),'/MONTH-',formatDateTime(utcnow(),'MM'),'/DAY-',formatDateTime(utcnow(),'dd'))",
					"type": "Expression"
				},
				"fileSystem": "ces-adls"
			},
			"compressionCodec": "snappy"
		},
		"schema": []
	}
}