{
	"name": "ds_adlsgen2_Insert_Access",
	"properties": {
		"linkedServiceName": {
			"referenceName": "lscesdb",
			"type": "LinkedServiceReference"
		},
		"annotations": [],
		"type": "AzureSqlTable",
		"schema": [
			{
				"name": "ACCESS_SR_KEY",
				"type": "decimal",
				"precision": 18,
				"scale": 0
			},
			{
				"name": "ASSET_GUID",
				"type": "varchar"
			},
			{
				"name": "EXAM_TYPE_SR_KEY",
				"type": "decimal",
				"precision": 18,
				"scale": 0
			},
			{
				"name": "POSSESSION",
				"type": "varchar"
			},
			{
				"name": "LINE_BLOCK",
				"type": "varchar"
			},
			{
				"name": "TRAFFIC_MNGT",
				"type": "varchar"
			},
			{
				"name": "RRV",
				"type": "varchar"
			},
			{
				"name": "MEWP",
				"type": "varchar"
			},
			{
				"name": "ROPE_ACCESS",
				"type": "varchar"
			},
			{
				"name": "LADDER",
				"type": "varchar"
			},
			{
				"name": "SCAFFOLD",
				"type": "varchar"
			},
			{
				"name": "CCTV",
				"type": "varchar"
			},
			{
				"name": "CONFINED_SPACE",
				"type": "varchar"
			},
			{
				"name": "WATER_PERMIT",
				"type": "varchar"
			},
			{
				"name": "SAFETY_BOAT",
				"type": "varchar"
			},
			{
				"name": "3RD_PARTY",
				"type": "varchar"
			},
			{
				"name": "CREATED_USER",
				"type": "varchar"
			},
			{
				"name": "CREATED_DATE",
				"type": "datetime",
				"precision": 23,
				"scale": 3
			},
			{
				"name": "UPDATED_USER",
				"type": "varchar"
			},
			{
				"name": "UPDATED_DATE",
				"type": "datetime",
				"precision": 23,
				"scale": 3
			},
			{
				"name": "ISACTIVE",
				"type": "bit"
			}
		],
		"typeProperties": {
			"schema": "CES",
			"table": "ACCESS"
		}
	}
}