{
	"name": "ds_adlsgen2_postexamdata_blob_zip",
	"properties": {
		"linkedServiceName": {
			"referenceName": "lsDatalake",
			"type": "LinkedServiceReference"
		},
		"parameters": {
			"Directory": {
				"type": "string"
			},
			"Filename": {
				"type": "string"
			}
		},
		"annotations": [],
		"type": "Binary",
		"typeProperties": {
			"location": {
				"type": "AzureBlobFSLocation",
				"fileName": {
					"value": "@dataset().Filename",
					"type": "Expression"
				},
				"folderPath": {
					"value": "@dataset().Directory",
					"type": "Expression"
				},
				"fileSystem": "ces-adls"
			},
			"compression": {
				"type": "ZipDeflate",
				"level": "Optimal"
			}
		}
	}
}