{
	"name": "ds_adlsgen2_XML_rawfile",
	"properties": {
		"linkedServiceName": {
			"referenceName": "lsDatalake",
			"type": "LinkedServiceReference"
		},
		"parameters": {
			"RawDirectory": {
				"type": "string"
			},
			"RawFilename": {
				"type": "string"
			}
		},
		"annotations": [],
		"type": "Parquet",
		"typeProperties": {
			"location": {
				"type": "AzureBlobFSLocation",
				"fileName": {
					"value": "@dataset().RawFilename",
					"type": "Expression"
				},
				"folderPath": {
					"value": "@dataset().RawDirectory",
					"type": "Expression"
				},
				"fileSystem": "ces-adls"
			},
			"compressionCodec": "snappy"
		},
		"schema": [
			{
				"name": "CCTV",
				"type": "UTF8"
			},
			{
				"name": "CONFINED_SPACE",
				"type": "UTF8"
			},
			{
				"name": "LINE_BLOCK",
				"type": "BOOLEAN"
			},
			{
				"name": "MEWP",
				"type": "UTF8"
			},
			{
				"name": "POSSESSION",
				"type": "BOOLEAN"
			},
			{
				"name": "RRV",
				"type": "BOOLEAN"
			},
			{
				"name": "ROPE_ACCESS",
				"type": "UTF8"
			},
			{
				"name": "SAFETY_BOAT",
				"type": "UTF8"
			},
			{
				"name": "SCAFFOLD",
				"type": "UTF8"
			},
			{
				"name": "3RD_PARTY",
				"type": "UTF8"
			},
			{
				"name": "TRAFFIC_MNGT",
				"type": "UTF8"
			},
			{
				"name": "WATER_PERMIT",
				"type": "UTF8"
			},
			{
				"name": "ELR",
				"type": "UTF8"
			},
			{
				"name": "STRUC_REFERENCE",
				"type": "UTF8"
			},
			{
				"name": "XML_EXAM_ID",
				"type": "INT32"
			},
			{
				"name": "XML_ASSET_GUID",
				"type": "UTF8"
			},
			{
				"name": "SUPPLIER_NAME",
				"type": "UTF8"
			},
			{
				"name": "EXAM_TYPE",
				"type": "UTF8"
			}
		]
	}
}