{
	"name": "ds_adlsgen2_Raw_XML",
	"properties": {
		"linkedServiceName": {
			"referenceName": "lsDatalake",
			"type": "LinkedServiceReference"
		},
		"parameters": {
			"XMLrawDirectory": {
				"type": "string"
			},
			"XMLfilename": {
				"type": "string"
			}
		},
		"annotations": [],
		"type": "Xml",
		"typeProperties": {
			"location": {
				"type": "AzureBlobFSLocation",
				"fileName": {
					"value": "@dataset().XMLfilename",
					"type": "Expression"
				},
				"folderPath": {
					"value": "@dataset().XMLrawDirectory",
					"type": "Expression"
				},
				"fileSystem": "ces-adls"
			}
		}
	}
}