{
	"name": "ds_adlsgen2_alarm_stagefiles",
	"properties": {
		"linkedServiceName": {
			"referenceName": "lsDatalake",
			"type": "LinkedServiceReference"
		},
		"parameters": {
			"stage_filename": {
				"type": "string"
			}
		},
		"annotations": [],
		"type": "Excel",
		"typeProperties": {
			"sheetName": "Defects",
			"location": {
				"type": "AzureBlobFSLocation",
				"fileName": {
					"value": "@dataset().stage_filename",
					"type": "Expression"
				},
				"folderPath": "Full/Alarm",
				"fileSystem": "ces-adls-stage"
			},
			"firstRowAsHeader": true
		},
		"schema": []
	}
}