{
	"name": "ds_adlsgen2_common_sink_csv",
	"properties": {
		"linkedServiceName": {
			"referenceName": "lsDatalake",
			"type": "LinkedServiceReference"
		},
		"parameters": {
			"FileDirectory": {
				"type": "string"
			},
			"FileSystem": {
				"type": "string"
			}
		},
		"annotations": [],
		"type": "DelimitedText",
		"typeProperties": {
			"location": {
				"type": "AzureBlobFSLocation",
				"folderPath": {
					"value": "@dataset().FileDirectory",
					"type": "Expression"
				},
				"fileSystem": {
					"value": "@dataset().FileSystem",
					"type": "Expression"
				}
			},
			"columnDelimiter": ",",
			"escapeChar": "\\",
			"firstRowAsHeader": true,
			"quoteChar": "\""
		},
		"schema": []
	}
}