{
	"name": "ds_adlsgen2_binary_copy",
	"properties": {
		"linkedServiceName": {
			"referenceName": "lsDatalake",
			"type": "LinkedServiceReference"
		},
		"parameters": {
			"FileSystem": {
				"type": "string"
			},
			"DataDirectory": {
				"type": "string"
			},
			"FileName": {
				"type": "string"
			}
		},
		"annotations": [],
		"type": "Binary",
		"typeProperties": {
			"location": {
				"type": "AzureBlobFSLocation",
				"fileName": {
					"value": "@dataset().FileName",
					"type": "Expression"
				},
				"folderPath": {
					"value": "@dataset().DataDirectory",
					"type": "Expression"
				},
				"fileSystem": {
					"value": "@dataset().FileSystem",
					"type": "Expression"
				}
			}
		}
	}
}