{
	"name": "ds_adlsgen2_stage_xlsx",
	"properties": {
		"linkedServiceName": {
			"referenceName": "lsDatalake",
			"type": "LinkedServiceReference"
		},
		"parameters": {
			"Directory": {
				"type": "string"
			},
			"FileSystem": {
				"type": "string"
			},
			"SheetName": {
				"type": "string"
			}
		},
		"annotations": [],
		"type": "Excel",
		"typeProperties": {
			"sheetName": {
				"value": "@dataset().SheetName",
				"type": "Expression"
			},
			"location": {
				"type": "AzureBlobFSLocation",
				"folderPath": {
					"value": "@dataset().Directory",
					"type": "Expression"
				},
				"fileSystem": {
					"value": "@dataset().FileSystem",
					"type": "Expression"
				}
			},
			"firstRowAsHeader": true
		},
		"schema": []
	}
}