{
	"name": "ds_adlsgen2_common_HCE",
	"properties": {
		"linkedServiceName": {
			"referenceName": "lsDatalake",
			"type": "LinkedServiceReference"
		},
		"annotations": [],
		"type": "Excel",
		"typeProperties": {
			"sheetName": "Asset_HCE",
			"location": {
				"type": "AzureBlobFSLocation",
				"fileName": "Asset_HCE.xlsx",
				"folderPath": "ces-adls-common",
				"fileSystem": "ces-adls"
			},
			"firstRowAsHeader": true
		},
		"schema": [
			{
				"name": "GUID",
				"type": "String"
			},
			{
				"name": "Territory",
				"type": "String"
			},
			{
				"name": "Area",
				"type": "String"
			},
			{
				"name": "Railway ID",
				"type": "String"
			},
			{
				"name": "ELR",
				"type": "String"
			},
			{
				"name": "StartMileage",
				"type": "String"
			},
			{
				"name": "HCE#",
				"type": "String"
			},
			{
				"name": "Asset Type",
				"type": "String"
			},
			{
				"name": "Description",
				"type": "String"
			},
			{
				"name": "Material",
				"type": "String"
			},
			{
				"name": "Owning Party",
				"type": "String"
			}
		]
	}
}