{
	"name": "ds_adlsgen2_rawtocurated",
	"properties": {
		"linkedServiceName": {
			"referenceName": "lsDatalake",
			"type": "LinkedServiceReference"
		},
		"annotations": [],
		"type": "Parquet",
		"typeProperties": {
			"location": {
				"type": "AzureBlobFSLocation",
				"fileSystem": "ces-adls"
			},
			"compressionCodec": "snappy"
		},
		"schema": [
			{
				"name": "CarrsAssetUID",
				"type": "UTF8"
			},
			{
				"name": "NR_Route",
				"type": "UTF8"
			},
			{
				"name": "ELR",
				"type": "UTF8"
			},
			{
				"name": "Structure_No",
				"type": "UTF8"
			},
			{
				"name": "Miles",
				"type": "INT_16"
			},
			{
				"name": "Chains",
				"type": "DOUBLE"
			},
			{
				"name": "Yards",
				"type": "INT_16"
			},
			{
				"name": "Struc_type",
				"type": "UTF8"
			},
			{
				"name": "Defect_Index",
				"type": "INT_16"
			},
			{
				"name": "Exam_Date",
				"type": "UTF8"
			},
			{
				"name": "Risk_Score",
				"type": "UTF8"
			},
			{
				"name": "Description",
				"type": "UTF8"
			},
			{
				"name": "Location",
				"type": "UTF8"
			},
			{
				"name": "Exam_Type",
				"type": "UTF8"
			},
			{
				"name": "Deterioration",
				"type": "UTF8"
			},
			{
				"name": "Access_Gained",
				"type": "UTF8"
			},
			{
				"name": "Access_reqd",
				"type": "UTF8"
			},
			{
				"name": "Repaired",
				"type": "UTF8"
			},
			{
				"name": "Is_closed",
				"type": "BOOLEAN"
			}
		]
	}
}