{
	"name": "ds_adlsgen2_Insert_Image",
	"properties": {
		"linkedServiceName": {
			"referenceName": "lscesdb",
			"type": "LinkedServiceReference"
		},
		"annotations": [],
		"type": "AzureSqlTable",
		"schema": [
			{
				"name": "IMAGE_SR_KEY",
				"type": "decimal",
				"precision": 18,
				"scale": 0
			},
			{
				"name": "EXAM_SR_KEY",
				"type": "decimal",
				"precision": 18,
				"scale": 0
			},
			{
				"name": "DESCRIPTION",
				"type": "varchar"
			},
			{
				"name": "IMAGE_LINK",
				"type": "varchar"
			},
			{
				"name": "CREATED_USER",
				"type": "varchar"
			},
			{
				"name": "CREATED_DATE",
				"type": "datetime",
				"precision": 23,
				"scale": 3
			},
			{
				"name": "UPDATED_USER",
				"type": "varchar"
			},
			{
				"name": "UPDATED_DATE",
				"type": "datetime",
				"precision": 23,
				"scale": 3
			},
			{
				"name": "ISACTIVE",
				"type": "bit"
			},
			{
				"name": "IMAGE_INDEX",
				"type": "decimal",
				"precision": 3,
				"scale": 0
			},
			{
				"name": "IMAGE_NAME",
				"type": "varchar"
			},
			{
				"name": "IMAGE_TYPE",
				"type": "varchar"
			}
		],
		"typeProperties": {
			"schema": "CES",
			"table": "IMAGE"
		}
	}
}