{
	"name": "ds_adlsgen2_blob_binary",
	"properties": {
		"linkedServiceName": {
			"referenceName": "lsBlobStorage",
			"type": "LinkedServiceReference"
		},
		"parameters": {
			"FileSystem": {
				"type": "string"
			},
			"Directory": {
				"type": "string"
			},
			"FileName": {
				"type": "string"
			}
		},
		"annotations": [],
		"type": "Binary",
		"typeProperties": {
			"location": {
				"type": "AzureBlobStorageLocation",
				"fileName": {
					"value": "@dataset().FileName",
					"type": "Expression"
				},
				"folderPath": {
					"value": "@dataset().Directory",
					"type": "Expression"
				},
				"container": {
					"value": "@dataset().FileSystem",
					"type": "Expression"
				}
			}
		}
	}
}