{
	"name": "ds_filecopy_blob",
	"properties": {
		"linkedServiceName": {
			"referenceName": "lsBlobStorage",
			"type": "LinkedServiceReference"
		},
		"parameters": {
			"SourceFileName": {
				"type": "string",
				"defaultValue": "test"
			},
			"SourceDirectory": {
				"type": "string",
				"defaultValue": "test"
			}
		},
		"annotations": [],
		"type": "Binary",
		"typeProperties": {
			"location": {
				"type": "AzureBlobStorageLocation",
				"fileName": {
					"value": "@dataset().SourceFileName",
					"type": "Expression"
				},
				"container": {
					"value": "@dataset().SourceDirectory",
					"type": "Expression"
				}
			}
		}
	}
}