{
	"name": "ds_Filecopy_Common_Sink",
	"properties": {
		"linkedServiceName": {
			"referenceName": "lsDatalake",
			"type": "LinkedServiceReference"
		},
		"parameters": {
			"container": {
				"type": "string",
				"defaultValue": "ces-adls-stage"
			},
			"directory": {
				"type": "string",
				"defaultValue": "INC/Amey"
			}
		},
		"annotations": [],
		"type": "Binary",
		"typeProperties": {
			"location": {
				"type": "AzureBlobFSLocation",
				"folderPath": {
					"value": "@dataset().directory",
					"type": "Expression"
				},
				"fileSystem": {
					"value": "@dataset().container",
					"type": "Expression"
				}
			}
		}
	}
}