{
	"name": "ds_SQL_Update_WorkTable",
	"properties": {
		"linkedServiceName": {
			"referenceName": "lscesdb",
			"type": "LinkedServiceReference"
		},
		"annotations": [],
		"type": "AzureSqlTable",
		"schema": [
			{
				"name": "WORK_SR_KEY",
				"type": "decimal",
				"precision": 18,
				"scale": 0
			},
			{
				"name": "WORK_YEAR_KEY",
				"type": "decimal",
				"precision": 18,
				"scale": 0
			},
			{
				"name": "WORK_YR_START_DT",
				"type": "date"
			},
			{
				"name": "WORK_YR_END_DT",
				"type": "date"
			},
			{
				"name": "ORG_SR_KEY",
				"type": "decimal",
				"precision": 18,
				"scale": 0
			},
			{
				"name": "ASSET_GUID",
				"type": "varchar"
			},
			{
				"name": "EXAM_TYPE_SR_KEY",
				"type": "decimal",
				"precision": 18,
				"scale": 0
			},
			{
				"name": "EXAM_DUE_DATE",
				"type": "date"
			},
			{
				"name": "WORK_STATUS",
				"type": "decimal",
				"precision": 18,
				"scale": 0
			},
			{
				"name": "SPECIFIC_EXAM_REQ",
				"type": "varchar"
			},
			{
				"name": "NR_INTERNAL_NOTES",
				"type": "varchar"
			},
			{
				"name": "COMMENTS_TO_SEC",
				"type": "varchar"
			},
			{
				"name": "ISACTIVE",
				"type": "bit"
			},
			{
				"name": "CREATED_USER",
				"type": "varchar"
			},
			{
				"name": "CREATED_DATE",
				"type": "datetime",
				"precision": 23,
				"scale": 3
			},
			{
				"name": "UPDATED_USER",
				"type": "varchar"
			},
			{
				"name": "UPDATED_DATE",
				"type": "datetime",
				"precision": 23,
				"scale": 3
			}
		],
		"typeProperties": {
			"schema": "CES",
			"table": "WORK"
		}
	}
}