{
	"name": "ds_sql_Insert_Compliance",
	"properties": {
		"linkedServiceName": {
			"referenceName": "lscesdb",
			"type": "LinkedServiceReference"
		},
		"annotations": [],
		"type": "AzureSqlTable",
		"schema": [
			{
				"name": "COMPLIANCE_SR_KEY",
				"type": "decimal",
				"precision": 18,
				"scale": 0
			},
			{
				"name": "ASSET_GUID",
				"type": "varchar"
			},
			{
				"name": "EXAM_TYPE_SR_KEY",
				"type": "decimal",
				"precision": 18,
				"scale": 0
			},
			{
				"name": "COMP_DATE",
				"type": "date"
			},
			{
				"name": "EFFECTIVE_FROM_DT",
				"type": "date"
			},
			{
				"name": "EFFECTIVE_TO_DT",
				"type": "date"
			},
			{
				"name": "ISACTIVE",
				"type": "bit"
			},
			{
				"name": "CREATED_USER",
				"type": "varchar"
			},
			{
				"name": "CREATED_DATE",
				"type": "datetime",
				"precision": 23,
				"scale": 3
			},
			{
				"name": "UPDATED_USER",
				"type": "varchar"
			},
			{
				"name": "UPDATED_DATE",
				"type": "datetime",
				"precision": 23,
				"scale": 3
			}
		],
		"typeProperties": {
			"schema": "CES",
			"table": "COMPLIANCE"
		}
	}
}