{
	"name": "ds_sql_Insert_Asset",
	"properties": {
		"linkedServiceName": {
			"referenceName": "lscesdb",
			"type": "LinkedServiceReference"
		},
		"annotations": [],
		"type": "AzureSqlTable",
		"schema": [
			{
				"name": "ASSET_GUID",
				"type": "varchar"
			},
			{
				"name": "PARENT_ASSET_GUID",
				"type": "varchar"
			},
			{
				"name": "ASSET_NAME",
				"type": "varchar"
			},
			{
				"name": "ASSET_TYPE_SR_KEY",
				"type": "decimal",
				"precision": 18,
				"scale": 0
			},
			{
				"name": "ASSET_GROUP_SR_KEY",
				"type": "decimal",
				"precision": 18,
				"scale": 0
			},
			{
				"name": "ORG_SR_KEY",
				"type": "decimal",
				"precision": 18,
				"scale": 0
			},
			{
				"name": "AREA",
				"type": "varchar"
			},
			{
				"name": "ENG_LINE_REF",
				"type": "varchar"
			},
			{
				"name": "RAILWAY_ID",
				"type": "varchar"
			},
			{
				"name": "START_MILES",
				"type": "decimal",
				"precision": 5,
				"scale": 0
			},
			{
				"name": "START_YARDS",
				"type": "decimal",
				"precision": 5,
				"scale": 0
			},
			{
				"name": "END_MILES",
				"type": "decimal",
				"precision": 5,
				"scale": 0
			},
			{
				"name": "END_YARDS",
				"type": "decimal",
				"precision": 5,
				"scale": 0
			},
			{
				"name": "PRIMARY_MATERIAL",
				"type": "varchar"
			},
			{
				"name": "SECONDARY_MATERIAL",
				"type": "varchar"
			},
			{
				"name": "OPERATIONAL_STATUS",
				"type": "varchar"
			},
			{
				"name": "STRUCTURAL_FORM",
				"type": "varchar"
			},
			{
				"name": "OWNING_PARTY",
				"type": "varchar"
			},
			{
				"name": "POSSESSION_CRITICAL",
				"type": "varchar"
			},
			{
				"name": "GPS_START_MILEAGE",
				"type": "varchar"
			},
			{
				"name": "GPS_END_MILEAGE",
				"type": "varchar"
			},
			{
				"name": "START_OS_GRID_REF",
				"type": "varchar"
			},
			{
				"name": "END_OS_GRID_REF",
				"type": "varchar"
			},
			{
				"name": "HCE_FLAG",
				"type": "varchar"
			},
			{
				"name": "ANY_HIDDEN_PARTS",
				"type": "varchar"
			},
			{
				"name": "STRUCTURE_CARRIES",
				"type": "varchar"
			},
			{
				"name": "STRUCTURE_OVER",
				"type": "varchar"
			},
			{
				"name": "CREATED_USER",
				"type": "varchar"
			},
			{
				"name": "CREATED_DATE",
				"type": "date"
			},
			{
				"name": "UPDATED_USER",
				"type": "varchar"
			},
			{
				"name": "UPDATED_DATE",
				"type": "date"
			}
		],
		"typeProperties": {
			"schema": "CES",
			"table": "ASSET"
		}
	}
}