{
	"name": "ds_sql_Insert_Action",
	"properties": {
		"linkedServiceName": {
			"referenceName": "lscesdb",
			"type": "LinkedServiceReference"
		},
		"annotations": [],
		"type": "AzureSqlTable",
		"schema": [
			{
				"name": "ACTION_SR_KEY",
				"type": "decimal",
				"precision": 18,
				"scale": 0
			},
			{
				"name": "RECOMMEND_SR_KEY",
				"type": "decimal",
				"precision": 18,
				"scale": 0
			},
			{
				"name": "ACTION_NUM",
				"type": "decimal",
				"precision": 18,
				"scale": 0
			},
			{
				"name": "RECOMMEND_NUM",
				"type": "decimal",
				"precision": 18,
				"scale": 0
			},
			{
				"name": "DESCRIPTION",
				"type": "varchar"
			},
			{
				"name": "LOCATION",
				"type": "varchar"
			},
			{
				"name": "WORK_TYPE",
				"type": "decimal",
				"precision": 18,
				"scale": 0
			},
			{
				"name": "WORK_CATEGORY",
				"type": "decimal",
				"precision": 18,
				"scale": 0
			},
			{
				"name": "WORK_STATUS",
				"type": "decimal",
				"precision": 18,
				"scale": 0
			},
			{
				"name": "PRIORITY_YEAR",
				"type": "decimal",
				"precision": 18,
				"scale": 0
			},
			{
				"name": "QUANTITY",
				"type": "decimal",
				"precision": 18,
				"scale": 2
			},
			{
				"name": "QUANTITY_UNIT",
				"type": "varchar"
			},
			{
				"name": "RISK_SCORE",
				"type": "varchar"
			},
			{
				"name": "SEVERITY",
				"type": "varchar"
			},
			{
				"name": "PROBABILITY",
				"type": "varchar"
			},
			{
				"name": "EXTENT",
				"type": "varchar"
			},
			{
				"name": "ESTIMATED_COST",
				"type": "decimal",
				"precision": 18,
				"scale": 2
			},
			{
				"name": "NOTES",
				"type": "varchar"
			},
			{
				"name": "CARRS_ACTION_ID",
				"type": "decimal",
				"precision": 18,
				"scale": 0
			},
			{
				"name": "ISACTIVE",
				"type": "bit"
			},
			{
				"name": "CREATED_USER",
				"type": "varchar"
			},
			{
				"name": "CREATED_DATE",
				"type": "datetime",
				"precision": 23,
				"scale": 3
			},
			{
				"name": "UPDATED_USER",
				"type": "varchar"
			},
			{
				"name": "UPDATED_DATE",
				"type": "datetime",
				"precision": 23,
				"scale": 3
			}
		],
		"typeProperties": {
			"schema": "CES",
			"table": "ACTION"
		}
	}
}