{
	"name": "ds_sql_Insert_ExamCycle",
	"properties": {
		"linkedServiceName": {
			"referenceName": "lscesdb",
			"type": "LinkedServiceReference"
		},
		"annotations": [],
		"type": "AzureSqlTable",
		"schema": [
			{
				"name": "EXAM_CYCLE_SR_KEY",
				"type": "decimal",
				"precision": 18,
				"scale": 0
			},
			{
				"name": "ASSET_GUID",
				"type": "varchar"
			},
			{
				"name": "EXAM_TYPE_SR_KEY",
				"type": "decimal",
				"precision": 18,
				"scale": 0
			},
			{
				"name": "BIRTHDAY_DAY",
				"type": "decimal",
				"precision": 5,
				"scale": 0
			},
			{
				"name": "BIRTHDAY_MONTH",
				"type": "decimal",
				"precision": 5,
				"scale": 0
			},
			{
				"name": "INTERVAL_DAYS",
				"type": "decimal",
				"precision": 5,
				"scale": 0
			},
			{
				"name": "INTERVAL_MONTHS",
				"type": "decimal",
				"precision": 5,
				"scale": 0
			},
			{
				"name": "INTERVAL_YEARS",
				"type": "decimal",
				"precision": 5,
				"scale": 0
			},
			{
				"name": "WORK_SR_KEY",
				"type": "decimal",
				"precision": 18,
				"scale": 0
			},
			{
				"name": "NEXT_EXAM_DUE_DATE",
				"type": "date"
			},
			{
				"name": "LAST_EXAM_ID",
				"type": "decimal",
				"precision": 18,
				"scale": 0
			},
			{
				"name": "LAST_EXAM_DATE",
				"type": "date"
			},
			{
				"name": "SUPPLIER_SR_KEY",
				"type": "decimal",
				"precision": 18,
				"scale": 0
			},
			{
				"name": "EXAM_REQUIREMENT",
				"type": "varchar"
			},
			{
				"name": "INTERNAL_NOTES",
				"type": "varchar"
			},
			{
				"name": "COMMENT_TO_SEC",
				"type": "varchar"
			},
			{
				"name": "ISACTIVE",
				"type": "bit"
			},
			{
				"name": "CREATED_USER",
				"type": "varchar"
			},
			{
				"name": "CREATED_DATE",
				"type": "datetime",
				"precision": 23,
				"scale": 3
			},
			{
				"name": "UPDATED_USER",
				"type": "varchar"
			},
			{
				"name": "UPDATED_DATE",
				"type": "datetime",
				"precision": 23,
				"scale": 3
			}
		],
		"typeProperties": {
			"schema": "ces",
			"table": "EXAM_CYCLE"
		}
	}
}