{
	"name": "ds_sql_Insert_PartNotExamined",
	"properties": {
		"linkedServiceName": {
			"referenceName": "lscesdb",
			"type": "LinkedServiceReference"
		},
		"annotations": [],
		"type": "AzureSqlTable",
		"schema": [
			{
				"name": "PART_ID",
				"type": "decimal",
				"precision": 9,
				"scale": 0
			},
			{
				"name": "EXAM_SUMMARY_ID",
				"type": "decimal",
				"precision": 9,
				"scale": 0
			},
			{
				"name": "PART_DESC",
				"type": "varchar"
			},
			{
				"name": "PART_NOT_EXAM_REASON_TEXT",
				"type": "varchar"
			},
			{
				"name": "MODIFIED_DATE",
				"type": "date"
			},
			{
				"name": "MODIFIED_BY_USER_ID",
				"type": "varchar"
			},
			{
				"name": "ROW_VER",
				"type": "decimal",
				"precision": 9,
				"scale": 0
			},
			{
				"name": "DELETED_FLG",
				"type": "varchar"
			}
		],
		"typeProperties": {
			"schema": "CES",
			"table": "PART_NOT_EXAMINED"
		}
	}
}