{
	"name": "ds_sql_insert_risk_assessment",
	"properties": {
		"linkedServiceName": {
			"referenceName": "lscesdb",
			"type": "LinkedServiceReference"
		},
		"annotations": [],
		"type": "AzureSqlTable",
		"schema": [
			{
				"name": "RISK_SR_KEY",
				"type": "decimal",
				"precision": 18,
				"scale": 0
			},
			{
				"name": "ASSET_GUID",
				"type": "varchar"
			},
			{
				"name": "EXAM_TYPE_SR_KEY",
				"type": "decimal",
				"precision": 18,
				"scale": 0
			},
			{
				"name": "ASSESSMENT_DATE",
				"type": "date"
			},
			{
				"name": "REVIEW_DATE",
				"type": "date"
			},
			{
				"name": "EXPIRY_DATE",
				"type": "date"
			},
			{
				"name": "RISK_SCORE",
				"type": "varchar"
			},
			{
				"name": "RISK_ASSESS_STATUS",
				"type": "decimal",
				"precision": 18,
				"scale": 0
			},
			{
				"name": "MITIGATION_COMMENT",
				"type": "varchar"
			},
			{
				"name": "RISK_USER",
				"type": "varchar"
			},
			{
				"name": "QUESTION_01",
				"type": "varchar"
			},
			{
				"name": "QUESTION_01_ANS",
				"type": "varchar"
			},
			{
				"name": "QUESTION_01_CMT",
				"type": "varchar"
			},
			{
				"name": "QUESTION_02",
				"type": "varchar"
			},
			{
				"name": "QUESTION_02_ANS",
				"type": "varchar"
			},
			{
				"name": "QUESTION_02_CMT",
				"type": "varchar"
			},
			{
				"name": "QUESTION_03",
				"type": "varchar"
			},
			{
				"name": "QUESTION_03_ANS",
				"type": "varchar"
			},
			{
				"name": "QUESTION_03_CMT",
				"type": "varchar"
			},
			{
				"name": "QUESTION_04",
				"type": "varchar"
			},
			{
				"name": "QUESTION_04_ANS",
				"type": "varchar"
			},
			{
				"name": "QUESTION_04_CMT",
				"type": "varchar"
			},
			{
				"name": "ISLATEST",
				"type": "char"
			},
			{
				"name": "ISACTIVE",
				"type": "bit"
			},
			{
				"name": "CREATED_USER",
				"type": "varchar"
			},
			{
				"name": "CREATED_DATE",
				"type": "datetime",
				"precision": 23,
				"scale": 3
			},
			{
				"name": "UPDATED_USER",
				"type": "varchar"
			},
			{
				"name": "UPDATED_DATE",
				"type": "datetime",
				"precision": 23,
				"scale": 3
			}
		],
		"typeProperties": {
			"schema": "CES",
			"table": "RISK_ASSESSMENT"
		}
	}
}