{
	"name": "ds_sql_Insert_Exam",
	"properties": {
		"linkedServiceName": {
			"referenceName": "lscesdb",
			"type": "LinkedServiceReference"
		},
		"annotations": [],
		"type": "AzureSqlTable",
		"schema": [
			{
				"name": "EXAM_SR_KEY",
				"type": "decimal",
				"precision": 18,
				"scale": 0
			},
			{
				"name": "EXAM_ID",
				"type": "decimal",
				"precision": 18,
				"scale": 0
			},
			{
				"name": "ASSET_GUID",
				"type": "varchar"
			},
			{
				"name": "WORK_SR_KEY",
				"type": "decimal",
				"precision": 18,
				"scale": 0
			},
			{
				"name": "EXAM_BASELINE_DATE",
				"type": "date"
			},
			{
				"name": "EXAM_PLANNED_DATE",
				"type": "date"
			},
			{
				"name": "EXAM_ACTUAL_DATE",
				"type": "date"
			},
			{
				"name": "EXAM_REVIEW_DATE",
				"type": "date"
			},
			{
				"name": "EXAM_SUBMISSION_DATE",
				"type": "date"
			},
			{
				"name": "EXAM_SIGNOFF_DATE",
				"type": "date"
			},
			{
				"name": "EXAM_TYPE_SR_KEY",
				"type": "decimal",
				"precision": 18,
				"scale": 0
			},
			{
				"name": "EXAM_REQ_STATUS",
				"type": "decimal",
				"precision": 18,
				"scale": 0
			},
			{
				"name": "EXAM_COMPLETED_IND",
				"type": "varchar"
			},
			{
				"name": "EXAMINER_NAME",
				"type": "varchar"
			},
			{
				"name": "EXAMINER_COMMENT",
				"type": "varchar"
			},
			{
				"name": "REVIEWER_NAME",
				"type": "varchar"
			},
			{
				"name": "REVIEWER_COMMENT",
				"type": "varchar"
			},
			{
				"name": "SUPPLIER_SR_KEY",
				"type": "decimal",
				"precision": 18,
				"scale": 0
			},
			{
				"name": "SUPPLIER_REPORT_FILENAME",
				"type": "varchar"
			},
			{
				"name": "SUPPLIER_REPORT_REFERENCE",
				"type": "varchar"
			},
			{
				"name": "SUPPLIER_ZIP_FILENAME",
				"type": "varchar"
			},
			{
				"name": "INSTRUCTION",
				"type": "varchar"
			},
			{
				"name": "CMI_SCORE",
				"type": "decimal",
				"precision": 3,
				"scale": 0
			},
			{
				"name": "CMI_DATE",
				"type": "date"
			},
			{
				"name": "STRUC_DESCRIPTION",
				"type": "varchar"
			},
			{
				"name": "AT_OR_BETWEEN_STATIONS",
				"type": "varchar"
			},
			{
				"name": "OBSERVED_UNDER_LOAD",
				"type": "varchar"
			},
			{
				"name": "SPAN_TEXT",
				"type": "varchar"
			},
			{
				"name": "CREATED_USER",
				"type": "varchar"
			},
			{
				"name": "CREATED_DATE",
				"type": "datetime",
				"precision": 23,
				"scale": 3
			},
			{
				"name": "UPDATED_USER",
				"type": "varchar"
			},
			{
				"name": "UPDATED_DATE",
				"type": "datetime",
				"precision": 23,
				"scale": 3
			},
			{
				"name": "ISACTIVE",
				"type": "bit"
			},
			{
				"name": "EXAM_REPORT_STATUS",
				"type": "decimal",
				"precision": 18,
				"scale": 0
			},
			{
				"name": "INTERNAL_NOTES",
				"type": "varchar"
			},
			{
				"name": "COMMENT_TO_SEC",
				"type": "varchar"
			},
			{
				"name": "CHANGE_REQ_ID",
				"type": "varchar"
			},
			{
				"name": "SUPPLIER_COMMENTS",
				"type": "varchar"
			},
			{
				"name": "IS_LAST_EXAM",
				"type": "char"
			},
			{
				"name": "EXAM_GROUP_SR_KEY",
				"type": "decimal",
				"precision": 18,
				"scale": 0
			},
			{
				"name": "EXAM_REQUIREMENT",
				"type": "varchar"
			}
		],
		"typeProperties": {
			"schema": "CES",
			"table": "EXAM"
		}
	}
}