{
	"name": "ds_sql_insert_alarm",
	"properties": {
		"linkedServiceName": {
			"referenceName": "lscesdb",
			"type": "LinkedServiceReference"
		},
		"annotations": [],
		"type": "AzureSqlTable",
		"schema": [
			{
				"name": "DEFECT_SR_KEY",
				"type": "decimal",
				"precision": 18,
				"scale": 0
			},
			{
				"name": "DEFECT_ID",
				"type": "decimal",
				"precision": 18,
				"scale": 0
			},
			{
				"name": "ASSET_GUID",
				"type": "varchar"
			},
			{
				"name": "EXAM_SR_KEY",
				"type": "decimal",
				"precision": 18,
				"scale": 0
			},
			{
				"name": "DESCRIPTION",
				"type": "varchar"
			},
			{
				"name": "LOCATION",
				"type": "varchar"
			},
			{
				"name": "LOCATION_MAJOR",
				"type": "varchar"
			},
			{
				"name": "LOCATION_MINOR",
				"type": "varchar"
			},
			{
				"name": "RISK_SCORE",
				"type": "varchar"
			},
			{
				"name": "DETERIORATION",
				"type": "varchar"
			},
			{
				"name": "ACCESS_GAINED",
				"type": "varchar"
			},
			{
				"name": "ACCESS_REQUIRED",
				"type": "varchar"
			},
			{
				"name": "REPAIRED",
				"type": "varchar"
			},
			{
				"name": "RECOMMEND_RAISED",
				"type": "varchar"
			},
			{
				"name": "FLAG_FOR_CLOSURE",
				"type": "varchar"
			},
			{
				"name": "ENGINEER_COMMENTS",
				"type": "varchar"
			},
			{
				"name": "DEFECT_USER",
				"type": "varchar"
			},
			{
				"name": "CREATED_USER",
				"type": "varchar"
			},
			{
				"name": "CREATED_DATE",
				"type": "datetime",
				"precision": 23,
				"scale": 3
			},
			{
				"name": "UPDATED_USER",
				"type": "varchar"
			},
			{
				"name": "UPDATED_DATE",
				"type": "datetime",
				"precision": 23,
				"scale": 3
			}
		],
		"typeProperties": {
			"schema": "CES",
			"table": "DEFECT"
		}
	}
}