{
	"name": "ds_sql_Insert_PNE",
	"properties": {
		"linkedServiceName": {
			"referenceName": "lscesdb",
			"type": "LinkedServiceReference"
		},
		"annotations": [],
		"type": "AzureSqlTable",
		"schema": [
			{
				"name": "PNE_SR_KEY",
				"type": "decimal",
				"precision": 18,
				"scale": 0
			},
			{
				"name": "EXAM_SR_KEY",
				"type": "decimal",
				"precision": 18,
				"scale": 0
			},
			{
				"name": "PNE_PART_NAME",
				"type": "varchar"
			},
			{
				"name": "PNE_REASON",
				"type": "varchar"
			},
			{
				"name": "ISACTIVE",
				"type": "bit"
			},
			{
				"name": "CREATED_USER",
				"type": "varchar"
			},
			{
				"name": "CREATED_DATE",
				"type": "datetime",
				"precision": 23,
				"scale": 3
			},
			{
				"name": "UPDATED_USER",
				"type": "varchar"
			},
			{
				"name": "UPDATED_DATE",
				"type": "datetime",
				"precision": 23,
				"scale": 3
			}
		],
		"typeProperties": {
			"schema": "CES",
			"table": "PART_NOT_EXAMINED"
		}
	}
}