{
	"name": "ds_sql_ReferenceValue_Insert",
	"properties": {
		"linkedServiceName": {
			"referenceName": "lscesdb",
			"type": "LinkedServiceReference"
		},
		"annotations": [],
		"type": "AzureSqlTable",
		"schema": [
			{
				"name": "REF_VAL_SR_KEY",
				"type": "decimal",
				"precision": 18,
				"scale": 0
			},
			{
				"name": "REF_TYP_SR_KEY",
				"type": "decimal",
				"precision": 18,
				"scale": 0
			},
			{
				"name": "REF_VALUE",
				"type": "varchar"
			},
			{
				"name": "CREATED_USER",
				"type": "varchar"
			},
			{
				"name": "CREATED_DATE",
				"type": "datetime",
				"precision": 23,
				"scale": 3
			},
			{
				"name": "UPDATED_USER",
				"type": "varchar"
			},
			{
				"name": "UPDATED_DATE",
				"type": "datetime",
				"precision": 23,
				"scale": 3
			}
		],
		"typeProperties": {
			"schema": "CES",
			"table": "REFERENCE_VALUE"
		}
	}
}