{
	"name": "Json1",
	"properties": {
		"linkedServiceName": {
			"referenceName": "lsDatalake",
			"type": "LinkedServiceReference"
		},
		"annotations": [],
		"type": "Json",
		"typeProperties": {
			"location": {
				"type": "AzureBlobFSLocation",
				"fileName": "assets.json",
				"folderPath": "Dynamic",
				"fileSystem": "webtcmi"
			}
		},
		"schema": {
			"type": "object",
			"properties": {
				"@odata.context": {
					"type": "string"
				},
				"value": {
					"type": "array",
					"items": {
						"type": "object",
						"properties": {
							"Id": {
								"type": "integer"
							},
							"Name": {
								"type": "string"
							},
							"AssetType": {
								"type": "string"
							},
							"BoreCutAndCover": {
								"type": "null"
							},
							"ShaftType": {
								"type": "null"
							},
							"IsDeleted": {
								"type": "boolean"
							},
							"LastModificationTime": {
								"type": "string"
							},
							"BoreId": {
								"type": "null"
							},
							"Route": {
								"type": "null"
							},
							"Region": {
								"type": "null"
							},
							"Elr": {
								"type": "string"
							},
							"RailwayId": {
								"type": "string"
							},
							"TunnelId": {
								"type": "integer"
							},
							"CarrsGuid": {
								"type": "string"
							},
							"SignificantWaterIngress": {
								"type": "boolean"
							},
							"DefectsGettingWorse": {
								"type": "boolean"
							},
							"PresenceOfWaterManagement": {
								"type": "boolean"
							},
							"MisalignedJoints": {
								"type": "boolean"
							},
							"SpalledConcrete": {
								"type": "boolean"
							},
							"LooseOrMissingSegmentBolts": {
								"type": "boolean"
							},
							"CastIronSectionLoss": {
								"type": "boolean"
							},
							"LowerSegmentalCriteria": {
								"type": "boolean"
							},
							"LowerCriteria": {
								"type": "boolean"
							},
							"HasRBE": {
								"type": "boolean"
							},
							"OperationalStatus": {
								"type": "string"
							},
							"IsNRResponsibility": {
								"type": "boolean"
							}
						}
					}
				}
			}
		}
	}
}