{
  "$schema": "https://schema.management.azure.com/schemas/2015-01-01/deploymentTemplate.json#",
  "contentVersion": "1.0.0.0",
  "parameters": {
    "ApimServiceName": {
      "type": "string"
    }
  },
  "resources": [
    {
      "properties": {
        "description": "Contain the set of operations/apis to get the defects related information for CES application",
        "authenticationSettings": {
          "subscriptionKeyRequired": false
        },
        "subscriptionKeyParameterNames": {
          "header": "Ocp-Apim-Subscription-Key",
          "query": "subscription-key"
        },
        "apiRevision": "1",
        "isCurrent": true,
        "subscriptionRequired": false,
        "displayName": "Manage Defects",
        "path": "II/CESAPI/assets/defects",
        "protocols": [
          "https"
        ]
      },
      "name": "[concat(parameters('ApimServiceName'), '/manage-defects')]",
      "type": "Microsoft.ApiManagement/service/apis",
      "apiVersion": "2019-01-01",
      "dependsOn": []
    },
    {
      "properties": {
        "contentType": "application/vnd.oai.openapi.components+json",
        "document": {
          "components": {
            "schemas": {
              "GetDefects": {
                "type": "object",
                "properties": {
                  "searchdatacount": {
                    "type": "object",
                    "properties": {
                      "currentpage": {
                        "type": "integer"
                      },
                      "totalcount": {
                        "type": "integer"
                      },
                      "totalpages": {
                        "type": "integer"
                      }
                    }
                  },
                  "searchresult": {
                    "type": "array",
                    "items": {
                      "type": "object",
                      "properties": {
                        "asset_guid": {
                          "type": "string"
                        },
                        "region": {
                          "type": "string"
                        },
                        "route": {
                          "type": "string"
                        },
                        "area": {
                          "type": "string"
                        },
                        "elr": {
                          "type": "string"
                        },
                        "struct_no": {
                          "type": "string"
                        },
                        "start_mileage": {
                          "type": "string"
                        },
                        "struct_type": {
                          "type": "string"
                        },
                        "mat_type": {
                          "type": "string"
                        },
                        "owner": {
                          "type": "string"
                        },
                        "hce_flag": {
                          "type": "string"
                        },
                        "total_defects": {
                          "type": "string"
                        },
                        "open_defects": {
                          "type": "string"
                        },
                        "highest_open_risk_score": {
                          "type": "string"
                        }
                      },
                      "required": [
                        "asset_guid",
                        "region",
                        "route",
                        "area",
                        "elr",
                        "struct_no",
                        "start_mileage",
                        "struct_type",
                        "mat_type",
                        "owner",
                        "hce_flag",
                        "total_defects",
                        "open_defects",
                        "highest_open_risk_score"
                      ]
                    }
                  }
                }
              },
              "GetDefectsDetailsByAssetId": {
                "type": "object",
                "properties": {
                  "searchdatacount": {
                    "type": "object",
                    "properties": {
                      "totalcount": {
                        "type": "integer"
                      }
                    }
                  },
                  "asset_guid": {
                    "type": "string"
                  },
                  "searchresult": {
                    "type": "array",
                    "items": {
                      "type": "object",
                      "properties": {
                        "defect_id": {
                          "type": "integer"
                        },
                        "description": {
                          "type": "string"
                        },
                        "location": {
                          "type": "string"
                        },
                        "loc_major": {
                          "type": "string"
                        },
                        "loc_minor": {
                          "type": "string"
                        },
                        "details": {
                          "type": "array",
                          "items": {
                            "type": "object",
                            "properties": {
                              "exam_id": {
                                "type": "integer"
                              },
                              "actual_exam_dt": {
                                "type": "string"
                              },
                              "exam_type": {
                                "type": "string"
                              },
                              "deterioration": {
                                "type": "string"
                              },
                              "risk_score": {
                                "type": "string"
                              },
                              "access_granted": {
                                "type": "string"
                              },
                              "access_required": {
                                "type": "string"
                              },
                              "repaired": {
                                "type": "string"
                              },
                              "closure_flg": {
                                "type": "string"
                              }
                            },
                            "required": [
                              "exam_id",
                              "actual_exam_dt",
                              "exam_type",
                              "deterioration",
                              "risk_score",
                              "access_granted",
                              "access_required",
                              "repaired",
                              "closure_flg"
                            ]
                          }
                        }
                      },
                      "required": [
                        "defect_id",
                        "description",
                        "location",
                        "loc_major",
                        "loc_minor",
                        "details"
                      ]
                    }
                  }
                }
              },
              "DefectRequest": {
                "type": "object",
                "properties": {
                  "defect_id": {
                    "type": "integer"
                  },
                  "user_key": {
                    "type": "string"
                  },
                  "supplier_id": {
                    "type": "integer"
                  },
                  "asset_guid": {
                    "type": "string"
                  },
                  "description": {
                    "type": "string"
                  },
                  "location": {
                    "type": "string"
                  },
                  "loc_major": {
                    "type": "string"
                  },
                  "loc_minor": {
                    "type": "string"
                  },
                  "exam_dt": {
                    "type": "string"
                  },
                  "exam_id": {
                    "type": "integer"
                  },
                  "access_req": {
                    "type": "string"
                  },
                  "exam_type_id": {
                    "type": "integer"
                  },
                  "recomm_no": {
                    "type": "string"
                  },
                  "risk_score": {
                    "type": "integer"
                  },
                  "deterioration_flg": {
                    "type": "string"
                  },
                  "repaired_flg": {
                    "type": "string"
                  },
                  "closure_flg": {
                    "type": "string"
                  },
                  "accs_grant_flg": {
                    "type": "string"
                  },
                  "comments": {
                    "type": "string"
                  },
                  "isnewdefect": {
                    "type": "string"
                  }
                }
              },
              "NewDefectDetailsResponse": {
                "type": "object",
                "properties": {
                  "exam_type": {
                    "type": "array",
                    "items": {
                      "type": "object",
                      "properties": {
                        "exam_type_id": {
                          "type": "integer"
                        },
                        "exam_type_val": {
                          "type": "string"
                        }
                      },
                      "required": [
                        "exam_type_id",
                        "exam_type_val"
                      ]
                    }
                  },
                  "defect_id": {
                    "type": "integer"
                  }
                }
              }
            }
          }
        }
      },
      "name": "[concat(parameters('ApimServiceName'), '/manage-defects/1609847704534')]",
      "type": "Microsoft.ApiManagement/service/apis/schemas",
      "apiVersion": "2019-01-01",
      "dependsOn": [
        "[resourceId('Microsoft.ApiManagement/service/apis', parameters('ApimServiceName'), 'manage-defects')]"
      ]
    },
    {
      "properties": {
        "templateParameters": [
          {
            "name": "defectId",
            "type": "integer",
            "required": true,
            "values": []
          }
        ],
        "description": "Deletes the existing defect ",
        "request": {
          "queryParameters": [
            {
              "name": "userKey",
              "type": "string",
              "required": true,
              "values": []
            }
          ],
          "headers": [],
          "representations": []
        },
        "responses": [
          {
            "statusCode": 200,
            "description": "",
            "headers": [],
            "representations": []
          },
          {
            "statusCode": 500,
            "description": "",
            "headers": [],
            "representations": []
          },
          {
            "statusCode": 401,
            "description": "",
            "headers": [],
            "representations": []
          },
          {
            "statusCode": 400,
            "description": "",
            "headers": [],
            "representations": []
          }
        ],
        "displayName": "closeDefect",
        "method": "DELETE",
        "urlTemplate": "/close/{defectId}"
      },
      "name": "[concat(parameters('ApimServiceName'), '/manage-defects/closedefect')]",
      "type": "Microsoft.ApiManagement/service/apis/operations",
      "apiVersion": "2019-01-01",
      "dependsOn": [
        "[resourceId('Microsoft.ApiManagement/service/apis', parameters('ApimServiceName'), 'manage-defects')]"
      ]
    },
    {
      "properties": {
        "value": "<!--\n    IMPORTANT:\n    - Policy elements can appear only within the <inbound>, <outbound>, <backend> section elements.\n    - To apply a policy to the incoming request (before it is forwarded to the backend service), place a corresponding policy element within the <inbound> section element.\n    - To apply a policy to the outgoing response (before it is sent back to the caller), place a corresponding policy element within the <outbound> section element.\n    - To add a policy, place the cursor at the desired insertion point and select a policy from the sidebar.\n    - To remove a policy, delete the corresponding policy statement from the policy document.\n    - Position the <base> element within a section element to inherit all policies from the corresponding section element in the enclosing scope.\n    - Remove the <base> element to prevent inheriting policies from the corresponding section element in the enclosing scope.\n    - Policies are applied in the order of their appearance, from the top down.\n    - Comments within policy elements are not supported and may disappear. Place your comments between policy elements or at a higher level scope.\n-->\r\n<policies>\r\n\t<inbound>\r\n\t\t<base />\r\n\t\t<set-backend-service id=\"apim-generated-policy\" backend-id=\"{{FnAppCivilManageDefect}}\" />\r\n\t\t<rewrite-uri template=\"{{CloseDefectsFunction}}\" />\r\n\t\t<set-query-parameter name=\"defectId\" exists-action=\"override\">\r\n\t\t\t<value>@(context.Request.MatchedParameters[\"defectId\"])</value>\r\n\t\t</set-query-parameter>\r\n\t</inbound>\r\n\t<backend>\r\n\t\t<base />\r\n\t</backend>\r\n\t<outbound>\r\n\t\t<base />\r\n\t</outbound>\r\n\t<on-error>\r\n\t\t<base />\r\n\t</on-error>\r\n</policies>",
        "format": "rawxml"
      },
      "name": "[concat(parameters('ApimServiceName'), '/manage-defects/closedefect/policy')]",
      "type": "Microsoft.ApiManagement/service/apis/operations/policies",
      "apiVersion": "2019-01-01",
      "dependsOn": [
        "[resourceId('Microsoft.ApiManagement/service/apis/operations', parameters('ApimServiceName'), 'manage-defects', 'closedefect')]"
      ]
    },
    {
      "properties": {
        "templateParameters": [],
        "description": "List all defects based on search ",
        "request": {
          "queryParameters": [],
          "headers": [
            {
              "name": "X-Defect-Filters",
              "description": "Defect Filter parameters",
              "type": "string",
              "required": true,
              "values": []
            }
          ],
          "representations": []
        },
        "responses": [
          {
            "statusCode": 200,
            "description": "OK",
            "headers": [],
            "representations": [
              {
                "contentType": "application/json",
                "schemaId": "1609847704534",
                "typeName": "GetDefects"
              }
            ]
          },
          {
            "statusCode": 204,
            "description": "No Content",
            "headers": [],
            "representations": []
          },
          {
            "statusCode": 400,
            "description": "Bad Request",
            "headers": [],
            "representations": []
          },
          {
            "statusCode": 500,
            "description": "Internal Server Error",
            "headers": [],
            "representations": []
          },
          {
            "statusCode": 401,
            "description": "Unauthorized",
            "headers": [],
            "representations": []
          }
        ],
        "displayName": "defects",
        "method": "GET",
        "urlTemplate": "/search"
      },
      "name": "[concat(parameters('ApimServiceName'), '/manage-defects/defects')]",
      "type": "Microsoft.ApiManagement/service/apis/operations",
      "apiVersion": "2019-01-01",
      "dependsOn": [
        "[resourceId('Microsoft.ApiManagement/service/apis', parameters('ApimServiceName'), 'manage-defects')]",
        "[resourceId('Microsoft.ApiManagement/service/apis/schemas', parameters('ApimServiceName'), 'manage-defects', '1609847704534')]"
      ]
    },
    {
      "properties": {
        "value": "<!--\n    IMPORTANT:\n    - Policy elements can appear only within the <inbound>, <outbound>, <backend> section elements.\n    - To apply a policy to the incoming request (before it is forwarded to the backend service), place a corresponding policy element within the <inbound> section element.\n    - To apply a policy to the outgoing response (before it is sent back to the caller), place a corresponding policy element within the <outbound> section element.\n    - To add a policy, place the cursor at the desired insertion point and select a policy from the sidebar.\n    - To remove a policy, delete the corresponding policy statement from the policy document.\n    - Position the <base> element within a section element to inherit all policies from the corresponding section element in the enclosing scope.\n    - Remove the <base> element to prevent inheriting policies from the corresponding section element in the enclosing scope.\n    - Policies are applied in the order of their appearance, from the top down.\n    - Comments within policy elements are not supported and may disappear. Place your comments between policy elements or at a higher level scope.\n-->\r\n<policies>\r\n\t<inbound>\r\n\t\t<base />\r\n\t\t<set-backend-service id=\"apim-generated-policy\" backend-id=\"{{FnAppCivilManageDefect}}\" />\r\n\t\t<rewrite-uri template=\"{{DefectsFunction}}\" />\r\n\t</inbound>\r\n\t<backend>\r\n\t\t<base />\r\n\t</backend>\r\n\t<outbound>\r\n\t\t<base />\r\n\t</outbound>\r\n\t<on-error>\r\n\t\t<base />\r\n\t</on-error>\r\n</policies>",
        "format": "rawxml"
      },
      "name": "[concat(parameters('ApimServiceName'), '/manage-defects/defects/policy')]",
      "type": "Microsoft.ApiManagement/service/apis/operations/policies",
      "apiVersion": "2019-01-01",
      "dependsOn": [
        "[resourceId('Microsoft.ApiManagement/service/apis/operations', parameters('ApimServiceName'), 'manage-defects', 'defects')]"
      ]
    },
    {
      "properties": {
        "templateParameters": [],
        "description": "List all defects based on specific asset ",
        "request": {
          "queryParameters": [],
          "headers": [
            {
              "name": "X-Defect-Filters",
              "description": "Defect Filters  ",
              "type": "string",
              "required": true,
              "values": []
            }
          ],
          "representations": []
        },
        "responses": [
          {
            "statusCode": 200,
            "description": "OK",
            "headers": [],
            "representations": [
              {
                "contentType": "application/json",
                "schemaId": "1609847704534",
                "typeName": "GetDefectsDetailsByAssetId"
              }
            ]
          },
          {
            "statusCode": 204,
            "description": "No Content",
            "headers": [],
            "representations": []
          },
          {
            "statusCode": 400,
            "description": "Bad Request",
            "headers": [],
            "representations": []
          },
          {
            "statusCode": 500,
            "description": "Internal Server Error",
            "headers": [],
            "representations": []
          },
          {
            "statusCode": 401,
            "description": "Unauthorized",
            "headers": [],
            "representations": []
          }
        ],
        "displayName": "defectsByAssetId",
        "method": "GET",
        "urlTemplate": "/assetId"
      },
      "name": "[concat(parameters('ApimServiceName'), '/manage-defects/defectsperasset')]",
      "type": "Microsoft.ApiManagement/service/apis/operations",
      "apiVersion": "2019-01-01",
      "dependsOn": [
        "[resourceId('Microsoft.ApiManagement/service/apis', parameters('ApimServiceName'), 'manage-defects')]",
        "[resourceId('Microsoft.ApiManagement/service/apis/schemas', parameters('ApimServiceName'), 'manage-defects', '1609847704534')]"
      ]
    },
    {
      "properties": {
        "value": "<!--\n    IMPORTANT:\n    - Policy elements can appear only within the <inbound>, <outbound>, <backend> section elements.\n    - To apply a policy to the incoming request (before it is forwarded to the backend service), place a corresponding policy element within the <inbound> section element.\n    - To apply a policy to the outgoing response (before it is sent back to the caller), place a corresponding policy element within the <outbound> section element.\n    - To add a policy, place the cursor at the desired insertion point and select a policy from the sidebar.\n    - To remove a policy, delete the corresponding policy statement from the policy document.\n    - Position the <base> element within a section element to inherit all policies from the corresponding section element in the enclosing scope.\n    - Remove the <base> element to prevent inheriting policies from the corresponding section element in the enclosing scope.\n    - Policies are applied in the order of their appearance, from the top down.\n    - Comments within policy elements are not supported and may disappear. Place your comments between policy elements or at a higher level scope.\n-->\r\n<policies>\r\n\t<inbound>\r\n\t\t<base />\r\n\t\t<set-backend-service id=\"apim-generated-policy\" backend-id=\"{{FnAppCivilManageDefect}}\" />\r\n\t\t<rewrite-uri template=\"{{DefectsByAssetFunction}}\" />\r\n\t</inbound>\r\n\t<backend>\r\n\t\t<base />\r\n\t</backend>\r\n\t<outbound>\r\n\t\t<base />\r\n\t</outbound>\r\n\t<on-error>\r\n\t\t<base />\r\n\t</on-error>\r\n</policies>",
        "format": "rawxml"
      },
      "name": "[concat(parameters('ApimServiceName'), '/manage-defects/defectsperasset/policy')]",
      "type": "Microsoft.ApiManagement/service/apis/operations/policies",
      "apiVersion": "2019-01-01",
      "dependsOn": [
        "[resourceId('Microsoft.ApiManagement/service/apis/operations', parameters('ApimServiceName'), 'manage-defects', 'defectsperasset')]"
      ]
    },
    {
      "properties": {
        "templateParameters": [
          {
            "name": "isNewDefect",
            "description": "Describe whether defect unique identifier required ",
            "type": "string",
            "required": true,
            "values": [
              "Y",
              "N"
            ]
          }
        ],
        "description": "Load the lookups for add defect screen ",
        "request": {
          "queryParameters": [],
          "headers": [],
          "representations": []
        },
        "responses": [
          {
            "statusCode": 200,
            "description": "OK",
            "headers": [],
            "representations": [
              {
                "contentType": "application/json",
                "schemaId": "1609847704534",
                "typeName": "NewDefectDetailsResponse"
              }
            ]
          },
          {
            "statusCode": 500,
            "description": "Internal Server Error",
            "headers": [],
            "representations": []
          },
          {
            "statusCode": 400,
            "description": "Bad Request ",
            "headers": [],
            "representations": []
          },
          {
            "statusCode": 204,
            "description": "No Content",
            "headers": [],
            "representations": []
          },
          {
            "statusCode": 401,
            "description": "Unauthorized",
            "headers": [],
            "representations": []
          }
        ],
        "displayName": "getNewDefectDetails",
        "method": "GET",
        "urlTemplate": "/{isNewDefect}"
      },
      "name": "[concat(parameters('ApimServiceName'), '/manage-defects/getdefect')]",
      "type": "Microsoft.ApiManagement/service/apis/operations",
      "apiVersion": "2019-01-01",
      "dependsOn": [
        "[resourceId('Microsoft.ApiManagement/service/apis', parameters('ApimServiceName'), 'manage-defects')]",
        "[resourceId('Microsoft.ApiManagement/service/apis/schemas', parameters('ApimServiceName'), 'manage-defects', '1609847704534')]"
      ]
    },
    {
      "properties": {
        "value": "<!--\n    IMPORTANT:\n    - Policy elements can appear only within the <inbound>, <outbound>, <backend> section elements.\n    - To apply a policy to the incoming request (before it is forwarded to the backend service), place a corresponding policy element within the <inbound> section element.\n    - To apply a policy to the outgoing response (before it is sent back to the caller), place a corresponding policy element within the <outbound> section element.\n    - To add a policy, place the cursor at the desired insertion point and select a policy from the sidebar.\n    - To remove a policy, delete the corresponding policy statement from the policy document.\n    - Position the <base> element within a section element to inherit all policies from the corresponding section element in the enclosing scope.\n    - Remove the <base> element to prevent inheriting policies from the corresponding section element in the enclosing scope.\n    - Policies are applied in the order of their appearance, from the top down.\n    - Comments within policy elements are not supported and may disappear. Place your comments between policy elements or at a higher level scope.\n-->\r\n<policies>\r\n\t<inbound>\r\n\t\t<base />\r\n\t\t<set-backend-service id=\"apim-generated-policy\" backend-id=\"{{FnAppCivilManageDefect}}\" />\r\n\t\t<rewrite-uri template=\"{{DefectManageFunction}}\" />\r\n\t\t<set-query-parameter name=\"isNewDefect\" exists-action=\"override\">\r\n\t\t\t<value>@(context.Request.MatchedParameters[\"isNewDefect\"])</value>\r\n\t\t</set-query-parameter>\r\n\t</inbound>\r\n\t<backend>\r\n\t\t<base />\r\n\t</backend>\r\n\t<outbound>\r\n\t\t<base />\r\n\t</outbound>\r\n\t<on-error>\r\n\t\t<base />\r\n\t</on-error>\r\n</policies>",
        "format": "rawxml"
      },
      "name": "[concat(parameters('ApimServiceName'), '/manage-defects/getdefect/policy')]",
      "type": "Microsoft.ApiManagement/service/apis/operations/policies",
      "apiVersion": "2019-01-01",
      "dependsOn": [
        "[resourceId('Microsoft.ApiManagement/service/apis/operations', parameters('ApimServiceName'), 'manage-defects', 'getdefect')]"
      ]
    },
    {
      "properties": {
        "templateParameters": [],
        "description": "Add new defect",
        "request": {
          "description": "Defect details for saving to CES database",
          "queryParameters": [],
          "headers": [],
          "representations": [
            {
              "contentType": "application/json",
              "schemaId": "1609847704534",
              "typeName": "DefectRequest"
            }
          ]
        },
        "responses": [
          {
            "statusCode": 201,
            "description": "Created",
            "headers": [],
            "representations": []
          },
          {
            "statusCode": 400,
            "description": "Bad Request",
            "headers": [],
            "representations": []
          },
          {
            "statusCode": 500,
            "description": "Internal Server Error",
            "headers": [],
            "representations": []
          },
          {
            "statusCode": 401,
            "description": "Unauthorized",
            "headers": [],
            "representations": []
          }
        ],
        "displayName": "saveDefect",
        "method": "POST",
        "urlTemplate": "/setDefect"
      },
      "name": "[concat(parameters('ApimServiceName'), '/manage-defects/savedefects')]",
      "type": "Microsoft.ApiManagement/service/apis/operations",
      "apiVersion": "2019-01-01",
      "dependsOn": [
        "[resourceId('Microsoft.ApiManagement/service/apis', parameters('ApimServiceName'), 'manage-defects')]",
        "[resourceId('Microsoft.ApiManagement/service/apis/schemas', parameters('ApimServiceName'), 'manage-defects', '1609847704534')]"
      ]
    },
    {
      "properties": {
        "value": "<!--\n    IMPORTANT:\n    - Policy elements can appear only within the <inbound>, <outbound>, <backend> section elements.\n    - To apply a policy to the incoming request (before it is forwarded to the backend service), place a corresponding policy element within the <inbound> section element.\n    - To apply a policy to the outgoing response (before it is sent back to the caller), place a corresponding policy element within the <outbound> section element.\n    - To add a policy, place the cursor at the desired insertion point and select a policy from the sidebar.\n    - To remove a policy, delete the corresponding policy statement from the policy document.\n    - Position the <base> element within a section element to inherit all policies from the corresponding section element in the enclosing scope.\n    - Remove the <base> element to prevent inheriting policies from the corresponding section element in the enclosing scope.\n    - Policies are applied in the order of their appearance, from the top down.\n    - Comments within policy elements are not supported and may disappear. Place your comments between policy elements or at a higher level scope.\n-->\r\n<policies>\r\n\t<inbound>\r\n\t\t<base />\r\n\t\t<set-backend-service id=\"apim-generated-policy\" backend-id=\"{{FnAppCivilManageDefect}}\" />\r\n\t\t<rewrite-uri template=\"{{DefectManageFunction}}\" />\r\n\t</inbound>\r\n\t<backend>\r\n\t\t<base />\r\n\t</backend>\r\n\t<outbound>\r\n\t\t<base />\r\n\t</outbound>\r\n\t<on-error>\r\n\t\t<base />\r\n\t</on-error>\r\n</policies>",
        "format": "rawxml"
      },
      "name": "[concat(parameters('ApimServiceName'), '/manage-defects/savedefects/policy')]",
      "type": "Microsoft.ApiManagement/service/apis/operations/policies",
      "apiVersion": "2019-01-01",
      "dependsOn": [
        "[resourceId('Microsoft.ApiManagement/service/apis/operations', parameters('ApimServiceName'), 'manage-defects', 'savedefects')]"
      ]
    },
    {
      "properties": {
        "value": "<!--\n    IMPORTANT:\n    - Policy elements can appear only within the <inbound>, <outbound>, <backend> section elements.\n    - To apply a policy to the incoming request (before it is forwarded to the backend service), place a corresponding policy element within the <inbound> section element.\n    - To apply a policy to the outgoing response (before it is sent back to the caller), place a corresponding policy element within the <outbound> section element.\n    - To add a policy, place the cursor at the desired insertion point and select a policy from the sidebar.\n    - To remove a policy, delete the corresponding policy statement from the policy document.\n    - Position the <base> element within a section element to inherit all policies from the corresponding section element in the enclosing scope.\n    - Remove the <base> element to prevent inheriting policies from the corresponding section element in the enclosing scope.\n    - Policies are applied in the order of their appearance, from the top down.\n    - Comments within policy elements are not supported and may disappear. Place your comments between policy elements or at a higher level scope.\n-->\r\n<policies>\r\n\t<inbound>\r\n\t\t<base />\r\n\t\t<validate-jwt header-name=\"Authorization\" failed-validation-httpcode=\"401\" failed-validation-error-message=\"unauthorized token\">\r\n\t\t\t<openid-config url=\"https://login.microsoftonline.com/{{oAuthTokenIssuerTenantId}}/.well-known/openid-configuration\" />\r\n\t\t\t<issuers>\r\n\t\t\t\t<issuer>https://sts.windows.net/{{oAuthTokenIssuerTenantId}}/</issuer>\r\n\t\t\t</issuers>\r\n\t\t\t<required-claims>\r\n\t\t\t\t<claim name=\"aud\" match=\"any\">\r\n\t\t\t\t\t<value>api://{{CesWebApp}}</value>\r\n\t\t\t\t</claim>\r\n\t\t\t</required-claims>\r\n\t\t</validate-jwt>\r\n\t</inbound>\r\n\t<backend>\r\n\t\t<base />\r\n\t</backend>\r\n\t<outbound>\r\n\t\t<base />\r\n\t</outbound>\r\n\t<on-error>\r\n\t\t<base />\r\n\t</on-error>\r\n</policies>",
        "format": "rawxml"
      },
      "name": "[concat(parameters('ApimServiceName'), '/manage-defects/policy')]",
      "type": "Microsoft.ApiManagement/service/apis/policies",
      "apiVersion": "2019-01-01",
      "dependsOn": [
        "[resourceId('Microsoft.ApiManagement/service/apis', parameters('ApimServiceName'), 'manage-defects')]"
      ]
    },
    {
      "properties": {},
      "name": "[concat(parameters('ApimServiceName'), '/cefa/manage-defects')]",
      "type": "Microsoft.ApiManagement/service/products/apis",
      "apiVersion": "2019-01-01",
      "dependsOn": [
        "[resourceId('Microsoft.ApiManagement/service/apis', parameters('ApimServiceName'), 'manage-defects')]"
      ]
    }
  ]
}