{
	"name": "ppl_ces_Asset_Sync_Curated_Dest",
	"properties": {
		"activities": [
			{
				"name": "acty_Sp_Insert_ControlAudit",
				"type": "SqlServerStoredProcedure",
				"dependsOn": [
					{
						"activity": "acty_StoredProc_RefValue_Curated_Dest",
						"dependencyConditions": [
							"Succeeded"
						]
					}
				],
				"policy": {
					"timeout": "7.00:00:00",
					"retry": 0,
					"retryIntervalInSeconds": 30,
					"secureOutput": false,
					"secureInput": false
				},
				"userProperties": [],
				"typeProperties": {
					"storedProcedureName": "[CTL_CES_ADL_CONTROL].sp_Insert_ADF_ControlAuditData",
					"storedProcedureParameters": {
						"ActivityName": {
							"value": "acty_lkp_get_dataConfigTable",
							"type": "String"
						},
						"ADFName": {
							"value": {
								"value": "@pipeline().DataFactory",
								"type": "Expression"
							},
							"type": "String"
						},
						"CreatedBy": {
							"value": "CES",
							"type": "String"
						},
						"EndTime": {
							"value": {
								"value": "@utcnow()",
								"type": "Expression"
							},
							"type": "DateTime"
						},
						"Message": {
							"value": "Loading the Curated data to target sql table",
							"type": "String"
						},
						"PipeLineName": {
							"value": {
								"value": "@pipeline().Pipeline",
								"type": "Expression"
							},
							"type": "String"
						},
						"PipeLineRunID": {
							"value": {
								"value": "@pipeline().RunId",
								"type": "Expression"
							},
							"type": "String"
						},
						"Rows_Transferred": {
							"value": null,
							"type": "Int64"
						},
						"StartTime": {
							"value": {
								"value": "@pipeline().TriggerTime",
								"type": "Expression"
							},
							"type": "DateTime"
						},
						"Status": {
							"value": "Success",
							"type": "String"
						},
						"TargetTable": {
							"value": null,
							"type": "String"
						},
						"TriggerType": {
							"value": {
								"value": "@pipeline().TriggerType",
								"type": "Expression"
							},
							"type": "String"
						}
					}
				},
				"linkedServiceName": {
					"referenceName": "lscesdb",
					"type": "LinkedServiceReference"
				}
			},
			{
				"name": "acty_Sp_Insert_ControlAudit_Failed",
				"type": "SqlServerStoredProcedure",
				"dependsOn": [
					{
						"activity": "acty_StoredProc_RefValue_Curated_Dest",
						"dependencyConditions": [
							"Failed"
						]
					}
				],
				"policy": {
					"timeout": "7.00:00:00",
					"retry": 0,
					"retryIntervalInSeconds": 30,
					"secureOutput": false,
					"secureInput": false
				},
				"userProperties": [],
				"typeProperties": {
					"storedProcedureName": "[CTL_CES_ADL_CONTROL].sp_Insert_ADF_ControlAuditData",
					"storedProcedureParameters": {
						"ActivityName": {
							"value": "acty_lkp_get_dataConfigTable",
							"type": "String"
						},
						"ADFName": {
							"value": {
								"value": "@pipeline().DataFactory",
								"type": "Expression"
							},
							"type": "String"
						},
						"CreatedBy": {
							"value": "CES",
							"type": "String"
						},
						"EndTime": {
							"value": {
								"value": "@utcnow()",
								"type": "Expression"
							},
							"type": "DateTime"
						},
						"Message": {
							"value": "Loading the Curated data to target sql table",
							"type": "String"
						},
						"PipeLineName": {
							"value": {
								"value": "@pipeline().Pipeline",
								"type": "Expression"
							},
							"type": "String"
						},
						"PipeLineRunID": {
							"value": {
								"value": "@pipeline().RunId",
								"type": "Expression"
							},
							"type": "String"
						},
						"Rows_Transferred": {
							"value": null,
							"type": "Int64"
						},
						"StartTime": {
							"value": {
								"value": "@pipeline().TriggerTime",
								"type": "Expression"
							},
							"type": "DateTime"
						},
						"Status": {
							"value": "Failed",
							"type": "String"
						},
						"TargetTable": {
							"value": null,
							"type": "String"
						},
						"TriggerType": {
							"value": {
								"value": "@pipeline().TriggerType",
								"type": "Expression"
							},
							"type": "String"
						}
					}
				},
				"linkedServiceName": {
					"referenceName": "lscesdb",
					"type": "LinkedServiceReference"
				}
			},
			{
				"name": "acty_update_IncrementalDate",
				"type": "SqlServerStoredProcedure",
				"dependsOn": [
					{
						"activity": "acty_StoredProc_RefValue_Curated_Dest",
						"dependencyConditions": [
							"Succeeded"
						]
					}
				],
				"policy": {
					"timeout": "7.00:00:00",
					"retry": 0,
					"retryIntervalInSeconds": 30,
					"secureOutput": false,
					"secureInput": false
				},
				"userProperties": [],
				"typeProperties": {
					"storedProcedureName": "[CTL_CES_ADL_CONTROL].[sp_update_ADF_DataConfig]",
					"storedProcedureParameters": {
						"ConfigFunctionOperation": {
							"value": "Sync",
							"type": "String"
						},
						"IncrementalDate": {
							"value": {
								"value": "@pipeline().parameters.SyncTimeStamp",
								"type": "Expression"
							},
							"type": "DateTime"
						},
						"SourceTableName": {
							"value": "ELEMENT,TenantedFlag",
							"type": "String"
						}
					}
				},
				"linkedServiceName": {
					"referenceName": "lscesdb",
					"type": "LinkedServiceReference"
				}
			},
			{
				"name": "acty_temp_copy_json",
				"type": "Copy",
				"dependsOn": [],
				"policy": {
					"timeout": "7.00:00:00",
					"retry": 0,
					"retryIntervalInSeconds": 30,
					"secureOutput": false,
					"secureInput": false
				},
				"userProperties": [],
				"typeProperties": {
					"source": {
						"type": "ParquetSource",
						"storeSettings": {
							"type": "AzureBlobFSReadSettings",
							"recursive": true,
							"enablePartitionDiscovery": false
						}
					},
					"sink": {
						"type": "JsonSink",
						"storeSettings": {
							"type": "AzureBlobFSWriteSettings"
						},
						"formatSettings": {
							"type": "JsonWriteSettings",
							"filePattern": "arrayOfObjects"
						}
					},
					"enableStaging": false,
					"translator": {
						"type": "TabularTranslator",
						"mappings": [
							{
								"source": {
									"name": "ASSET_GUID",
									"type": "String"
								},
								"sink": {
									"path": "$['ASSET_GUID']"
								}
							},
							{
								"source": {
									"name": "TENANTED_FLG",
									"type": "String"
								},
								"sink": {
									"path": "$['TENANTED_FLG']"
								}
							},
							{
								"source": {
									"name": "OUTSIDE_PARTY",
									"type": "String"
								},
								"sink": {
									"path": "$['OUTSIDE_PARTY']"
								}
							},
							{
								"source": {
									"name": "ASSET_NAME",
									"type": "String"
								},
								"sink": {
									"path": "$['ASSET_NAME']"
								}
							},
							{
								"source": {
									"name": "START_OS_GRID_REF",
									"type": "String"
								},
								"sink": {
									"path": "$['START_OS_GRID_REF']"
								}
							},
							{
								"source": {
									"name": "END_OS_GRID_REF",
									"type": "String"
								},
								"sink": {
									"path": "$['END_OS_GRID_REF']"
								}
							},
							{
								"source": {
									"name": "UPDATED_DATE",
									"type": "DateTime"
								},
								"sink": {
									"path": "$['UPDATED_DATE']"
								}
							},
							{
								"source": {
									"name": "UPDATED_USER",
									"type": "String"
								},
								"sink": {
									"path": "$['UPDATED_USER']"
								}
							},
							{
								"source": {
									"name": "ASSET_TYPE_SR_KEY",
									"type": "Decimal"
								},
								"sink": {
									"path": "$['ASSET_TYPE_SR_KEY']"
								}
							},
							{
								"source": {
									"name": "ASSET_GROUP_SR_KEY",
									"type": "Decimal"
								},
								"sink": {
									"path": "$['ASSET_GROUP_SR_KEY']"
								}
							},
							{
								"source": {
									"name": "ORG_SR_KEY",
									"type": "Decimal"
								},
								"sink": {
									"path": "$['ORG_SR_KEY']"
								}
							},
							{
								"source": {
									"name": "ENG_LINE_REF",
									"type": "Decimal"
								},
								"sink": {
									"path": "$['ENG_LINE_REF']"
								}
							},
							{
								"source": {
									"name": "START_MILES",
									"type": "Decimal"
								},
								"sink": {
									"path": "$['START_MILES']"
								}
							},
							{
								"source": {
									"name": "START_YARDS",
									"type": "Decimal"
								},
								"sink": {
									"path": "$['START_YARDS']"
								}
							},
							{
								"source": {
									"name": "END_MILES",
									"type": "Decimal"
								},
								"sink": {
									"path": "$['END_MILES']"
								}
							},
							{
								"source": {
									"name": "END_YARDS",
									"type": "Decimal"
								},
								"sink": {
									"path": "$['END_YARDS']"
								}
							},
							{
								"source": {
									"name": "RAILWAY_ID",
									"type": "String"
								},
								"sink": {
									"path": "$['RAILWAY_ID']"
								}
							},
							{
								"source": {
									"name": "OPERATIONAL_STATUS",
									"type": "Decimal"
								},
								"sink": {
									"path": "$['OPERATIONAL_STATUS']"
								}
							},
							{
								"source": {
									"name": "STRUCTURAL_FORM",
									"type": "Decimal"
								},
								"sink": {
									"path": "$['STRUCTURAL_FORM']"
								}
							},
							{
								"source": {
									"name": "SECONDARY_MATERIAL",
									"type": "Decimal"
								},
								"sink": {
									"path": "$['SECONDARY_MATERIAL']"
								}
							},
							{
								"source": {
									"name": "PRIMARY_MATERIAL",
									"type": "Decimal"
								},
								"sink": {
									"path": "$['PRIMARY_MATERIAL']"
								}
							},
							{
								"source": {
									"name": "OWNING_PARTY",
									"type": "String"
								},
								"sink": {
									"path": "$['OWNING_PARTY']"
								}
							},
							{
								"source": {
									"name": "PARENT_ASSET_GUID",
									"type": "String"
								},
								"sink": {
									"path": "$['PARENT_ASSET_GUID']"
								}
							},
							{
								"source": {
									"name": "HCE_FLAG",
									"type": "String"
								},
								"sink": {
									"path": "$['HCE_FLAG']"
								}
							},
							{
								"source": {
									"name": "AREA_SR_KEY",
									"type": "Decimal"
								},
								"sink": {
									"path": "$['AREA_SR_KEY']"
								}
							},
							{
								"source": {
									"name": "CMI_SCORE",
									"type": "Decimal"
								},
								"sink": {
									"path": "$['CMI_SCORE']"
								}
							},
							{
								"source": {
									"name": "CMI_DATE",
									"type": "DateTime"
								},
								"sink": {
									"path": "$['CMI_DATE']"
								}
							},
							{
								"source": {
									"name": "DELETED_FLG",
									"type": "String"
								},
								"sink": {
									"path": "$['DELETED_FLG']"
								}
							},
							{
								"source": {
									"name": "Migration_CREATED_DATE",
									"type": "DateTime"
								},
								"sink": {
									"path": "$['Migration_CREATED_DATE']"
								}
							}
						]
					}
				},
				"inputs": [
					{
						"referenceName": "ds_adlsgen2_Common_parquet",
						"type": "DatasetReference",
						"parameters": {
							"FileSystem": {
								"value": "@pipeline().globalParameters.gp_DataLake_Container",
								"type": "Expression"
							},
							"Directory": {
								"value": "@concat('ces-adls-data/INC/Curated/Asset/YEAR-', formatDateTime(utcnow(),'yyyy'),'/MONTH-',formatDateTime(utcnow(),'MM'),'/DAY-',formatDateTime(utcnow(),'dd'),'/HOUR-',formatDateTime(utcnow(),'HH'))",
								"type": "Expression"
							},
							"Filename": {
								"value": "@concat('CES_Asset_',formatDateTime(utcnow(),'yyyyMMdd'),'.parquet')",
								"type": "Expression"
							}
						}
					}
				],
				"outputs": [
					{
						"referenceName": "ds_adlsgen2_json",
						"type": "DatasetReference",
						"parameters": {
							"Directory": {
								"value": "@concat('ces-adls-data/INC/Curated/Asset/YEAR-', formatDateTime(utcnow(),'yyyy'),'/MONTH-',formatDateTime(utcnow(),'MM'),'/DAY-',formatDateTime(utcnow(),'dd'),'/HOUR-',formatDateTime(utcnow(),'HH'))",
								"type": "Expression"
							},
							"FileName": {
								"value": "@concat('CES_Asset_',formatDateTime(utcnow(),'yyyyMMdd'),'.json')",
								"type": "Expression"
							}
						}
					}
				]
			},
			{
				"name": "acty_LookupJsondata",
				"type": "Lookup",
				"dependsOn": [
					{
						"activity": "acty_temp_copy_json",
						"dependencyConditions": [
							"Succeeded"
						]
					}
				],
				"policy": {
					"timeout": "7.00:00:00",
					"retry": 0,
					"retryIntervalInSeconds": 30,
					"secureOutput": false,
					"secureInput": false
				},
				"userProperties": [],
				"typeProperties": {
					"source": {
						"type": "JsonSource",
						"storeSettings": {
							"type": "AzureBlobFSReadSettings",
							"recursive": true,
							"enablePartitionDiscovery": false
						},
						"formatSettings": {
							"type": "JsonReadSettings"
						}
					},
					"dataset": {
						"referenceName": "ds_adlsgen2_json",
						"type": "DatasetReference",
						"parameters": {
							"Directory": {
								"value": "@concat('ces-adls-data/INC/Curated/Asset/YEAR-', formatDateTime(utcnow(),'yyyy'),'/MONTH-',formatDateTime(utcnow(),'MM'),'/DAY-',formatDateTime(utcnow(),'dd'),'/HOUR-',formatDateTime(utcnow(),'HH'))",
								"type": "Expression"
							},
							"FileName": {
								"value": "@concat('CES_Asset_',formatDateTime(utcnow(),'yyyyMMdd'),'.json')",
								"type": "Expression"
							}
						}
					},
					"firstRowOnly": false
				}
			},
			{
				"name": "acty_StoredProc_RefValue_Curated_Dest",
				"type": "SqlServerStoredProcedure",
				"dependsOn": [
					{
						"activity": "acty_LookupJsondata",
						"dependencyConditions": [
							"Succeeded"
						]
					}
				],
				"policy": {
					"timeout": "7.00:00:00",
					"retry": 0,
					"retryIntervalInSeconds": 30,
					"secureOutput": false,
					"secureInput": false
				},
				"userProperties": [],
				"typeProperties": {
					"storedProcedureName": "[CES].[sp_Upsert_Asset_ADF]",
					"storedProcedureParameters": {
						"Input_JSON": {
							"value": {
								"value": "@concat('',activity('acty_LookupJsondata').output.value,'')",
								"type": "Expression"
							},
							"type": "String"
						}
					}
				},
				"linkedServiceName": {
					"referenceName": "lscesdb",
					"type": "LinkedServiceReference"
				}
			}
		],
		"parameters": {
			"SyncTimeStamp": {
				"type": "string"
			}
		},
		"folder": {
			"name": "CARRS/Synchronization/CuratedtoDestination"
		},
		"annotations": []
	}
}