{
	"name": "ppl_ces_Alarm_Migration_Curated_Dest",
	"properties": {
		"activities": [
			{
				"name": "Copycurtodest",
				"type": "Copy",
				"dependsOn": [],
				"policy": {
					"timeout": "7.00:00:00",
					"retry": 0,
					"retryIntervalInSeconds": 30,
					"secureOutput": false,
					"secureInput": false
				},
				"userProperties": [],
				"typeProperties": {
					"source": {
						"type": "ParquetSource",
						"storeSettings": {
							"type": "AzureBlobFSReadSettings",
							"recursive": true,
							"enablePartitionDiscovery": false
						}
					},
					"sink": {
						"type": "AzureSqlSink",
						"disableMetricsCollection": false
					},
					"enableStaging": false,
					"translator": {
						"type": "TabularTranslator",
						"mappings": [
							{
								"source": {
									"name": "CarrsAssetUID",
									"type": "String",
									"physicalType": "UTF8"
								},
								"sink": {
									"name": "ASSET_GUID",
									"type": "String",
									"physicalType": "varchar"
								}
							},
							{
								"source": {
									"name": "EXAM_SR_KEY",
									"type": "Decimal",
									"physicalType": "DECIMAL",
									"scale": 0,
									"precision": 18
								},
								"sink": {
									"name": "EXAM_SR_KEY",
									"type": "Decimal",
									"physicalType": "decimal",
									"scale": 0,
									"precision": 18
								}
							},
							{
								"source": {
									"name": "Description",
									"type": "String",
									"physicalType": "UTF8"
								},
								"sink": {
									"name": "DESCRIPTION",
									"type": "String",
									"physicalType": "varchar"
								}
							},
							{
								"source": {
									"name": "Location",
									"type": "String",
									"physicalType": "UTF8"
								},
								"sink": {
									"name": "LOCATION",
									"type": "String",
									"physicalType": "varchar"
								}
							},
							{
								"source": {
									"name": "Risk_Score",
									"type": "String",
									"physicalType": "UTF8"
								},
								"sink": {
									"name": "RISK_SCORE",
									"type": "String",
									"physicalType": "varchar"
								}
							},
							{
								"source": {
									"name": "Deterioration",
									"type": "String",
									"physicalType": "UTF8"
								},
								"sink": {
									"name": "DETERIORATION",
									"type": "String",
									"physicalType": "varchar"
								}
							},
							{
								"source": {
									"name": "Defect_ID",
									"physicalType": "INT64"
								},
								"sink": {
									"name": "DEFECT_ID",
									"type": "Decimal",
									"physicalType": "decimal",
									"scale": 0,
									"precision": 18
								}
							},
							{
								"source": {
									"name": "Access_Gained",
									"type": "String",
									"physicalType": "UTF8"
								},
								"sink": {
									"name": "ACCESS_GAINED",
									"type": "String",
									"physicalType": "varchar"
								}
							},
							{
								"source": {
									"name": "Access_reqd",
									"type": "String",
									"physicalType": "UTF8"
								},
								"sink": {
									"name": "ACCESS_REQUIRED",
									"type": "String",
									"physicalType": "varchar"
								}
							},
							{
								"source": {
									"name": "Repaired",
									"type": "String",
									"physicalType": "UTF8"
								},
								"sink": {
									"name": "REPAIRED",
									"type": "String",
									"physicalType": "varchar"
								}
							},
							{
								"source": {
									"name": "Is_closed",
									"type": "String",
									"physicalType": "UTF8"
								},
								"sink": {
									"name": "FLAG_FOR_CLOSURE",
									"type": "String",
									"physicalType": "varchar"
								}
							},
							{
								"source": {
									"name": "CREATED_USER",
									"type": "String",
									"physicalType": "UTF8"
								},
								"sink": {
									"name": "CREATED_USER",
									"type": "String",
									"physicalType": "varchar"
								}
							},
							{
								"source": {
									"name": "CREATED_DATE",
									"type": "DateTime",
									"physicalType": "INT96"
								},
								"sink": {
									"name": "CREATED_DATE",
									"type": "DateTime",
									"physicalType": "datetime"
								}
							}
						],
						"typeConversion": true,
						"typeConversionSettings": {
							"allowDataTruncation": true,
							"treatBooleanAsNumber": false
						}
					}
				},
				"inputs": [
					{
						"referenceName": "ds_adlsgen2_Common_parquet",
						"type": "DatasetReference",
						"parameters": {
							"FileSystem": {
								"value": "@pipeline().globalParameters.gp_DataLake_Container",
								"type": "Expression"
							},
							"Directory": {
								"value": "@concat('ces-adls-data/Full/Curated/Alarm/','YEAR-', formatDateTime(utcnow(),'yyyy'),'/MONTH-',formatDateTime(utcnow(),'MM'),'/DAY-',formatDateTime(utcnow(),'dd'))",
								"type": "Expression"
							},
							"Filename": {
								"value": "@concat('CES_Defect_',formatDateTime(utcnow(),'yyyyMMdd'),'.parquet')",
								"type": "Expression"
							}
						}
					}
				],
				"outputs": [
					{
						"referenceName": "ds_sql_insert_alarm",
						"type": "DatasetReference"
					}
				]
			},
			{
				"name": "acty_Sp_Insert_ControlAudit",
				"type": "SqlServerStoredProcedure",
				"dependsOn": [
					{
						"activity": "Stored procedure1",
						"dependencyConditions": [
							"Succeeded"
						]
					}
				],
				"policy": {
					"timeout": "7.00:00:00",
					"retry": 0,
					"retryIntervalInSeconds": 30,
					"secureOutput": false,
					"secureInput": false
				},
				"userProperties": [],
				"typeProperties": {
					"storedProcedureName": "[CTL_CES_ADL_CONTROL].[sp_Insert_ADF_ControlAuditData]",
					"storedProcedureParameters": {
						"ActivityName": {
							"value": {
								"value": "Copy_actvty_Curated_Dest",
								"type": "Expression"
							},
							"type": "String"
						},
						"ADFName": {
							"value": {
								"value": "@pipeline().DataFactory",
								"type": "Expression"
							},
							"type": "String"
						},
						"CreatedBy": {
							"value": "CES",
							"type": "String"
						},
						"EndTime": {
							"value": {
								"value": "@utcnow()",
								"type": "Expression"
							},
							"type": "DateTime"
						},
						"Message": {
							"value": {
								"value": "Copy Activity from Curated to DB",
								"type": "Expression"
							},
							"type": "String"
						},
						"PipeLineName": {
							"value": {
								"value": "@pipeline().Pipeline",
								"type": "Expression"
							},
							"type": "String"
						},
						"PipeLineRunID": {
							"value": {
								"value": "@pipeline().RunId",
								"type": "Expression"
							},
							"type": "String"
						},
						"Rows_Transferred": {
							"value": null,
							"type": "Int64"
						},
						"StartTime": {
							"value": {
								"value": "@utcnow()",
								"type": "Expression"
							},
							"type": "DateTime"
						},
						"Status": {
							"value": "Success",
							"type": "String"
						},
						"TargetTable": {
							"value": "CES.Defect",
							"type": "String"
						},
						"TriggerType": {
							"value": {
								"value": "@pipeline().TriggerType",
								"type": "Expression"
							},
							"type": "String"
						}
					}
				},
				"linkedServiceName": {
					"referenceName": "lscesdb",
					"type": "LinkedServiceReference"
				}
			},
			{
				"name": "Stored procedure1",
				"type": "SqlServerStoredProcedure",
				"dependsOn": [
					{
						"activity": "Copycurtodest",
						"dependencyConditions": [
							"Succeeded"
						]
					}
				],
				"policy": {
					"timeout": "7.00:00:00",
					"retry": 0,
					"retryIntervalInSeconds": 30,
					"secureOutput": false,
					"secureInput": false
				},
				"userProperties": [],
				"typeProperties": {
					"storedProcedureName": "[CES].[sp_AlterSeq_ADF_SEQ_DEFECT_ID]"
				},
				"linkedServiceName": {
					"referenceName": "lscesdb",
					"type": "LinkedServiceReference"
				}
			},
			{
				"name": "acty_Sp_Insert_ControlAudit_Failed",
				"type": "SqlServerStoredProcedure",
				"dependsOn": [
					{
						"activity": "Stored procedure1",
						"dependencyConditions": [
							"Failed"
						]
					}
				],
				"policy": {
					"timeout": "7.00:00:00",
					"retry": 0,
					"retryIntervalInSeconds": 30,
					"secureOutput": false,
					"secureInput": false
				},
				"userProperties": [],
				"typeProperties": {
					"storedProcedureName": "[CTL_CES_ADL_CONTROL].[sp_Insert_ADF_ControlAuditData]",
					"storedProcedureParameters": {
						"ActivityName": {
							"value": {
								"value": "Copy_actvty_Curated_Dest",
								"type": "Expression"
							},
							"type": "String"
						},
						"ADFName": {
							"value": {
								"value": "@pipeline().DataFactory",
								"type": "Expression"
							},
							"type": "String"
						},
						"CreatedBy": {
							"value": "CES",
							"type": "String"
						},
						"EndTime": {
							"value": {
								"value": "@utcnow()",
								"type": "Expression"
							},
							"type": "DateTime"
						},
						"Message": {
							"value": {
								"value": "Copy Activity from Curated to DB",
								"type": "Expression"
							},
							"type": "String"
						},
						"PipeLineName": {
							"value": {
								"value": "@pipeline().Pipeline",
								"type": "Expression"
							},
							"type": "String"
						},
						"PipeLineRunID": {
							"value": {
								"value": "@pipeline().RunId",
								"type": "Expression"
							},
							"type": "String"
						},
						"Rows_Transferred": {
							"value": null,
							"type": "Int64"
						},
						"StartTime": {
							"value": {
								"value": "@utcnow()",
								"type": "Expression"
							},
							"type": "DateTime"
						},
						"Status": {
							"value": "Failed",
							"type": "String"
						},
						"TargetTable": {
							"value": "CES.Defect",
							"type": "String"
						},
						"TriggerType": {
							"value": {
								"value": "@pipeline().TriggerType",
								"type": "Expression"
							},
							"type": "String"
						}
					}
				},
				"linkedServiceName": {
					"referenceName": "lscesdb",
					"type": "LinkedServiceReference"
				}
			}
		],
		"folder": {
			"name": "ALARM/Migration/Defect"
		},
		"annotations": []
	}
}