{
	"name": "ppl_ces_Sync_Stage_Raw",
	"properties": {
		"activities": [
			{
				"name": "acty_lkp_get_dataConfigTable",
				"type": "Lookup",
				"dependsOn": [],
				"policy": {
					"timeout": "7.00:00:00",
					"retry": 0,
					"retryIntervalInSeconds": 30,
					"secureOutput": false,
					"secureInput": false
				},
				"userProperties": [],
				"typeProperties": {
					"source": {
						"type": "AzureSqlSource",
						"sqlReaderQuery": "Select * from [CTL_CES_ADL_CONTROL].[DATA_CONFIGURATION]  WHERE ConfigGroupName = 'CarrsMain' AND ConfigFunctionOperation = 'Sync' ",
						"queryTimeout": "02:00:00",
						"partitionOption": "None"
					},
					"dataset": {
						"referenceName": "ds_sql_common_SQLQuery",
						"type": "DatasetReference"
					},
					"firstRowOnly": false
				}
			},
			{
				"name": "acty_ForEach_Stage_Raw",
				"type": "ForEach",
				"dependsOn": [
					{
						"activity": "acty_lkp_get_dataConfigTable",
						"dependencyConditions": [
							"Succeeded"
						]
					}
				],
				"userProperties": [],
				"typeProperties": {
					"items": {
						"value": "@activity('acty_lkp_get_dataConfigTable').output.value",
						"type": "Expression"
					},
					"isSequential": false,
					"batchCount": 10,
					"activities": [
						{
							"name": "LookupRecordCount",
							"type": "Lookup",
							"dependsOn": [],
							"policy": {
								"timeout": "7.00:00:00",
								"retry": 0,
								"retryIntervalInSeconds": 30,
								"secureOutput": false,
								"secureInput": false
							},
							"userProperties": [],
							"typeProperties": {
								"source": {
									"type": "ParquetSource",
									"storeSettings": {
										"type": "AzureBlobFSReadSettings",
										"recursive": true,
										"enablePartitionDiscovery": false
									}
								},
								"dataset": {
									"referenceName": "ds_adlsgen2_Common_parquet",
									"type": "DatasetReference",
									"parameters": {
										"FileSystem": {
											"value": "@pipeline().globalParameters.gp_Datalake_StagingContainer",
											"type": "Expression"
										},
										"Directory": "INC/Carrs",
										"Filename": {
											"value": "@concat(item().FileName,'.parquet')",
											"type": "Expression"
										}
									}
								}
							}
						},
						{
							"name": "If Condition",
							"type": "IfCondition",
							"dependsOn": [
								{
									"activity": "LookupRecordCount",
									"dependencyConditions": [
										"Succeeded"
									]
								}
							],
							"userProperties": [],
							"typeProperties": {
								"expression": {
									"value": "@contains(activity('LookupRecordCount').output,'firstRow')",
									"type": "Expression"
								},
								"ifFalseActivities": [
									{
										"name": "Delete",
										"type": "Delete",
										"dependsOn": [],
										"policy": {
											"timeout": "7.00:00:00",
											"retry": 0,
											"retryIntervalInSeconds": 30,
											"secureOutput": false,
											"secureInput": false
										},
										"userProperties": [],
										"typeProperties": {
											"dataset": {
												"referenceName": "ds_adlsgen2_Common_parquet",
												"type": "DatasetReference",
												"parameters": {
													"FileSystem": {
														"value": "@pipeline().globalParameters.gp_Datalake_StagingContainer",
														"type": "Expression"
													},
													"Directory": "INC/Carrs",
													"Filename": {
														"value": "@concat(item().FileName,'.parquet')",
														"type": "Expression"
													}
												}
											},
											"enableLogging": false,
											"storeSettings": {
												"type": "AzureBlobFSReadSettings",
												"recursive": true,
												"enablePartitionDiscovery": false
											}
										}
									}
								],
								"ifTrueActivities": [
									{
										"name": "ppl_ces_Asset_Sync_Copy",
										"type": "ExecutePipeline",
										"dependsOn": [],
										"userProperties": [],
										"typeProperties": {
											"pipeline": {
												"referenceName": "ppl_ces_Asset_Sync_Raw_Copy",
												"type": "PipelineReference"
											},
											"waitOnCompletion": true,
											"parameters": {
												"FileSystem": {
													"value": "@pipeline().globalParameters.gp_Datalake_StagingContainer",
													"type": "Expression"
												},
												"Directory": "INC/Carrs",
												"SourceFileName": {
													"value": "@concat(item().FileName,'.parquet')",
													"type": "Expression"
												},
												"SinkFileName": {
													"value": "@concat('CARRS','_',item().FileName,'_',formatDateTime(utcnow(),'yyyyMMdd'),'.parquet')",
													"type": "Expression"
												},
												"SinkFileSystem": {
													"value": "@item().OutboundDataLakeContainer",
													"type": "Expression"
												},
												"SinkDirectory": {
													"value": "@concat('ces-adls-data/INC/Raw/',item().OutboundDataLakePath,'/YEAR-', formatDateTime(utcnow(),'yyyy'),'/MONTH-',formatDateTime(utcnow(),'MM'),'/DAY-',formatDateTime(utcnow(),'dd'),'/HOUR-',formatDateTime(utcnow(),'HH'))",
													"type": "Expression"
												}
											}
										}
									}
								]
							}
						}
					]
				}
			},
			{
				"name": "acty_Sp_Insert_ControlAudit",
				"type": "SqlServerStoredProcedure",
				"dependsOn": [
					{
						"activity": "acty_lkp_get_dataConfigTable",
						"dependencyConditions": [
							"Succeeded"
						]
					}
				],
				"policy": {
					"timeout": "7.00:00:00",
					"retry": 0,
					"retryIntervalInSeconds": 30,
					"secureOutput": false,
					"secureInput": false
				},
				"userProperties": [],
				"typeProperties": {
					"storedProcedureName": "[CTL_CES_ADL_CONTROL].sp_Insert_ADF_ControlAuditData",
					"storedProcedureParameters": {
						"ActivityName": {
							"value": "acty_lkp_get_dataConfigTable",
							"type": "String"
						},
						"ADFName": {
							"value": {
								"value": "@pipeline().DataFactory",
								"type": "Expression"
							},
							"type": "String"
						},
						"CreatedBy": {
							"value": "CES",
							"type": "String"
						},
						"EndTime": {
							"value": {
								"value": "@utcnow()",
								"type": "Expression"
							},
							"type": "DateTime"
						},
						"Message": {
							"value": "Lookup Activity for Stage to Raw",
							"type": "String"
						},
						"PipeLineName": {
							"value": {
								"value": "@pipeline().Pipeline",
								"type": "Expression"
							},
							"type": "String"
						},
						"PipeLineRunID": {
							"value": {
								"value": "@pipeline().RunId",
								"type": "Expression"
							},
							"type": "String"
						},
						"Rows_Transferred": {
							"value": {
								"value": "@activity('acty_lkp_get_dataConfigTable').output.count",
								"type": "Expression"
							},
							"type": "Int64"
						},
						"StartTime": {
							"value": {
								"value": "@pipeline().TriggerTime",
								"type": "Expression"
							},
							"type": "DateTime"
						},
						"Status": {
							"value": "Success",
							"type": "String"
						},
						"TargetTable": {
							"value": null,
							"type": "String"
						},
						"TriggerType": {
							"value": {
								"value": "@pipeline().TriggerType",
								"type": "Expression"
							},
							"type": "String"
						}
					}
				},
				"linkedServiceName": {
					"referenceName": "lscesdb",
					"type": "LinkedServiceReference"
				}
			},
			{
				"name": "acty_Sp_Insert_ControlAudit_Failed",
				"type": "SqlServerStoredProcedure",
				"dependsOn": [
					{
						"activity": "acty_lkp_get_dataConfigTable",
						"dependencyConditions": [
							"Failed"
						]
					}
				],
				"policy": {
					"timeout": "7.00:00:00",
					"retry": 0,
					"retryIntervalInSeconds": 30,
					"secureOutput": false,
					"secureInput": false
				},
				"userProperties": [],
				"typeProperties": {
					"storedProcedureName": "[CTL_CES_ADL_CONTROL].sp_Insert_ADF_ControlAuditData",
					"storedProcedureParameters": {
						"ActivityName": {
							"value": "acty_lkp_get_dataConfigTable",
							"type": "String"
						},
						"ADFName": {
							"value": {
								"value": "@pipeline().DataFactory",
								"type": "Expression"
							},
							"type": "String"
						},
						"CreatedBy": {
							"value": "CES",
							"type": "String"
						},
						"EndTime": {
							"value": {
								"value": "@utcnow()",
								"type": "Expression"
							},
							"type": "DateTime"
						},
						"Message": {
							"value": "Lookup Activity for Stage to Raw",
							"type": "String"
						},
						"PipeLineName": {
							"value": {
								"value": "@pipeline().Pipeline",
								"type": "Expression"
							},
							"type": "String"
						},
						"PipeLineRunID": {
							"value": {
								"value": "@pipeline().RunId",
								"type": "Expression"
							},
							"type": "String"
						},
						"Rows_Transferred": {
							"value": {
								"value": "@activity('acty_lkp_get_dataConfigTable').output.count",
								"type": "Expression"
							},
							"type": "Int64"
						},
						"StartTime": {
							"value": {
								"value": "@pipeline().TriggerTime",
								"type": "Expression"
							},
							"type": "DateTime"
						},
						"Status": {
							"value": "Failed",
							"type": "String"
						},
						"TargetTable": {
							"value": null,
							"type": "String"
						},
						"TriggerType": {
							"value": {
								"value": "@pipeline().TriggerType",
								"type": "Expression"
							},
							"type": "String"
						}
					}
				},
				"linkedServiceName": {
					"referenceName": "lscesdb",
					"type": "LinkedServiceReference"
				}
			}
		],
		"folder": {
			"name": "CARRS/Synchronization/StagetoRaw"
		},
		"annotations": []
	}
}