{
	"name": "ppl_ces_Sync_Master",
	"properties": {
		"activities": [
			{
				"name": "ppl_ces_Sync_Ingestion",
				"type": "ExecutePipeline",
				"dependsOn": [
					{
						"activity": "SetTimeStamp",
						"dependencyConditions": [
							"Succeeded"
						]
					}
				],
				"userProperties": [],
				"typeProperties": {
					"pipeline": {
						"referenceName": "ppl_ces_Sync_Ingestion",
						"type": "PipelineReference"
					},
					"waitOnCompletion": true,
					"parameters": {
						"SyncTimeStamp": {
							"value": "@variables('SyncTimeStamp')",
							"type": "Expression"
						}
					}
				}
			},
			{
				"name": "ppl_ces_ReferenceValue_Sync",
				"type": "ExecutePipeline",
				"dependsOn": [
					{
						"activity": "ppl_ces_Sync_Ingestion",
						"dependencyConditions": [
							"Succeeded"
						]
					}
				],
				"userProperties": [],
				"typeProperties": {
					"pipeline": {
						"referenceName": "ppl_ces_ReferenceValue_Sync",
						"type": "PipelineReference"
					},
					"waitOnCompletion": true,
					"parameters": {
						"SyncTimeStamp": {
							"value": "@variables('SyncTimeStamp')",
							"type": "Expression"
						}
					}
				}
			},
			{
				"name": "ppl_ces_ELR_Sync",
				"type": "ExecutePipeline",
				"dependsOn": [
					{
						"activity": "ppl_ces_ReferenceValue_Sync",
						"dependencyConditions": [
							"Succeeded"
						]
					}
				],
				"userProperties": [],
				"typeProperties": {
					"pipeline": {
						"referenceName": "ppl_ces_ELR_Sync",
						"type": "PipelineReference"
					},
					"waitOnCompletion": true,
					"parameters": {
						"SyncTimeStamp": {
							"value": "@variables('SyncTimeStamp')",
							"type": "Expression"
						}
					}
				}
			},
			{
				"name": "ppl_ces_Asset_Sync",
				"type": "ExecutePipeline",
				"dependsOn": [
					{
						"activity": "ppl_ces_ELR_Sync",
						"dependencyConditions": [
							"Succeeded"
						]
					}
				],
				"userProperties": [],
				"typeProperties": {
					"pipeline": {
						"referenceName": "ppl_ces_Asset_Sync",
						"type": "PipelineReference"
					},
					"waitOnCompletion": true,
					"parameters": {
						"SyncTimeStamp": {
							"value": "@variables('SyncTimeStamp')",
							"type": "Expression"
						}
					}
				}
			},
			{
				"name": "ppl_ces_Exam_Sync",
				"type": "ExecutePipeline",
				"dependsOn": [
					{
						"activity": "ppl_ces_Exam_Group_Asset_Map_Sync",
						"dependencyConditions": [
							"Succeeded"
						]
					}
				],
				"userProperties": [],
				"typeProperties": {
					"pipeline": {
						"referenceName": "ppl_ces_Exam_Sync",
						"type": "PipelineReference"
					},
					"waitOnCompletion": true,
					"parameters": {
						"SyncTimeStamp": {
							"value": "@variables('SyncTimeStamp')",
							"type": "Expression"
						}
					}
				}
			},
			{
				"name": "SetTimeStamp",
				"type": "SetVariable",
				"dependsOn": [],
				"userProperties": [],
				"typeProperties": {
					"variableName": "SyncTimeStamp",
					"value": {
						"value": "@formatDateTime(utcnow(),'yyyy-MM-dd HH:mm:ss')",
						"type": "Expression"
					}
				}
			},
			{
				"name": "ppl_ces_Recommendation_Sync",
				"type": "ExecutePipeline",
				"dependsOn": [
					{
						"activity": "ppl_ces_Exam_Sync",
						"dependencyConditions": [
							"Succeeded"
						]
					}
				],
				"userProperties": [],
				"typeProperties": {
					"pipeline": {
						"referenceName": "ppl_ces_Recommendation_sync",
						"type": "PipelineReference"
					},
					"waitOnCompletion": true,
					"parameters": {
						"SyncTimeStamp": {
							"value": "@variables('SyncTimeStamp')",
							"type": "Expression"
						}
					}
				}
			},
			{
				"name": "ppl_ces_Action_Sync",
				"type": "ExecutePipeline",
				"dependsOn": [
					{
						"activity": "ppl_ces_Recommendation_Sync",
						"dependencyConditions": [
							"Succeeded"
						]
					}
				],
				"userProperties": [],
				"typeProperties": {
					"pipeline": {
						"referenceName": "ppl_ces_Action_sync",
						"type": "PipelineReference"
					},
					"waitOnCompletion": true,
					"parameters": {
						"SyncTimeStamp": {
							"value": "@variables('SyncTimeStamp')",
							"type": "Expression"
						}
					}
				}
			},
			{
				"name": "ppl_ces_Compliance_Sync",
				"type": "ExecutePipeline",
				"dependsOn": [
					{
						"activity": "ppl_ces_Action_Sync",
						"dependencyConditions": [
							"Succeeded"
						]
					}
				],
				"userProperties": [],
				"typeProperties": {
					"pipeline": {
						"referenceName": "ppl_ces_Compliance_Sync",
						"type": "PipelineReference"
					},
					"waitOnCompletion": true,
					"parameters": {
						"SyncTimeStamp": {
							"value": "@variables('SyncTimeStamp')",
							"type": "Expression"
						}
					}
				}
			},
			{
				"name": "ppl_ces_Exam_Group_Sync",
				"type": "ExecutePipeline",
				"dependsOn": [
					{
						"activity": "ppl_ces_Asset_Sync",
						"dependencyConditions": [
							"Succeeded"
						]
					}
				],
				"userProperties": [],
				"typeProperties": {
					"pipeline": {
						"referenceName": "ppl_ces_Exam_Group_Sync",
						"type": "PipelineReference"
					},
					"waitOnCompletion": true,
					"parameters": {
						"SyncTimeStamp": {
							"value": "@variables('SyncTimeStamp')",
							"type": "Expression"
						}
					}
				}
			},
			{
				"name": "ppl_ces_Exam_Group_Asset_Map_Sync",
				"type": "ExecutePipeline",
				"dependsOn": [
					{
						"activity": "ppl_ces_Exam_Group_Sync",
						"dependencyConditions": [
							"Succeeded"
						]
					}
				],
				"userProperties": [],
				"typeProperties": {
					"pipeline": {
						"referenceName": "ppl_ces_Exam_Group_Asset_Map_Sync",
						"type": "PipelineReference"
					},
					"waitOnCompletion": true,
					"parameters": {
						"SyncTimeStamp": {
							"value": "@variables('SyncTimeStamp')",
							"type": "Expression"
						}
					}
				}
			}
		],
		"variables": {
			"SyncTimeStamp": {
				"type": "String"
			}
		},
		"folder": {
			"name": "CARRS/Synchronization/Orchestration"
		},
		"annotations": []
	}
}