{
	"name": "ppl_ces_Sync_Ingestion",
	"properties": {
		"activities": [
			{
				"name": "ppl_ces_sync_lookup_Source_Stage",
				"type": "ExecutePipeline",
				"dependsOn": [],
				"userProperties": [],
				"typeProperties": {
					"pipeline": {
						"referenceName": "ppl_ces_sync_lookup_Source_Stage",
						"type": "PipelineReference"
					},
					"waitOnCompletion": true
				}
			},
			{
				"name": "ppl_ces_sync_lookup_Stage_Raw",
				"type": "ExecutePipeline",
				"dependsOn": [
					{
						"activity": "ppl_ces_sync_lookup_Source_Stage",
						"dependencyConditions": [
							"Succeeded"
						]
					}
				],
				"userProperties": [],
				"typeProperties": {
					"pipeline": {
						"referenceName": "ppl_ces_sync_lookup_Stage_Raw",
						"type": "PipelineReference"
					},
					"waitOnCompletion": true
				}
			},
			{
				"name": "ppl_ces_Sync_Source_Stage",
				"type": "ExecutePipeline",
				"dependsOn": [],
				"userProperties": [],
				"typeProperties": {
					"pipeline": {
						"referenceName": "ppl_ces_Sync_Source_Stage",
						"type": "PipelineReference"
					},
					"waitOnCompletion": true,
					"parameters": {
						"SyncTimeStamp": {
							"value": "@pipeline().parameters.SyncTimeStamp",
							"type": "Expression"
						}
					}
				}
			},
			{
				"name": "ppl_ces_Sync_Stage_Raw",
				"type": "ExecutePipeline",
				"dependsOn": [
					{
						"activity": "ppl_ces_Sync_Source_Stage",
						"dependencyConditions": [
							"Succeeded"
						]
					}
				],
				"userProperties": [],
				"typeProperties": {
					"pipeline": {
						"referenceName": "ppl_ces_Sync_Stage_Raw",
						"type": "PipelineReference"
					},
					"waitOnCompletion": true
				}
			}
		],
		"parameters": {
			"SyncTimeStamp": {
				"type": "string"
			}
		},
		"folder": {
			"name": "CARRS/Synchronization/Orchestration"
		},
		"annotations": []
	}
}