{
	"name": "ppl_ces_purge",
	"properties": {
		"activities": [
			{
				"name": "acty_Delete_backup",
				"type": "Delete",
				"dependsOn": [],
				"policy": {
					"timeout": "7.00:00:00",
					"retry": 0,
					"retryIntervalInSeconds": 30,
					"secureOutput": false,
					"secureInput": false
				},
				"userProperties": [],
				"typeProperties": {
					"dataset": {
						"referenceName": "ds_adlsgen2_backup_dest_Full",
						"type": "DatasetReference",
						"parameters": {
							"Directory": {
								"value": "@concat('Full/',formatDateTime(adddays(utcnow(),-7300),'yyyy-MM-dd'))",
								"type": "Expression"
							}
						}
					},
					"enableLogging": false,
					"storeSettings": {
						"type": "AzureBlobFSReadSettings",
						"recursive": true
					}
				}
			}
		],
		"folder": {
			"name": "BackupandRetension"
		},
		"annotations": []
	}
}