{
	"name": "ppl_ces_Photo_Migration_Master",
	"properties": {
		"activities": [
			{
				"name": "Execute_ppl_Photo_Stage_Raw",
				"type": "ExecutePipeline",
				"dependsOn": [],
				"userProperties": [],
				"typeProperties": {
					"pipeline": {
						"referenceName": "ppl_ces_Photo_Migration_Stage_Raw",
						"type": "PipelineReference"
					},
					"waitOnCompletion": true
				}
			},
			{
				"name": "Execute_ppl_Photo_Raw_curated",
				"type": "ExecutePipeline",
				"dependsOn": [
					{
						"activity": "Execute_ppl_Photo_Stage_Raw",
						"dependencyConditions": [
							"Succeeded"
						]
					}
				],
				"userProperties": [],
				"typeProperties": {
					"pipeline": {
						"referenceName": "ppl_ces_Photo_Migration_Raw_Curated",
						"type": "PipelineReference"
					},
					"waitOnCompletion": true
				}
			},
			{
				"name": "Execute_ppl_Photo_Curated_DB",
				"type": "ExecutePipeline",
				"dependsOn": [
					{
						"activity": "Execute_ppl_Photo_Raw_curated",
						"dependencyConditions": [
							"Succeeded"
						]
					}
				],
				"userProperties": [],
				"typeProperties": {
					"pipeline": {
						"referenceName": "ppl_ces_Photo_Migration_Curated_Dest",
						"type": "PipelineReference"
					},
					"waitOnCompletion": true
				}
			}
		],
		"folder": {
			"name": "ALARM/Migration/PhotoMetadata"
		},
		"annotations": []
	}
}