{
	"name": "ppl_ces_Asset_Bridge_Curated_Dest",
	"properties": {
		"activities": [
			{
				"name": "acty_copy_Curated_Dest",
				"type": "Copy",
				"dependsOn": [],
				"policy": {
					"timeout": "7.00:00:00",
					"retry": 0,
					"retryIntervalInSeconds": 30,
					"secureOutput": false,
					"secureInput": false
				},
				"userProperties": [],
				"typeProperties": {
					"source": {
						"type": "ParquetSource",
						"storeSettings": {
							"type": "AzureBlobFSReadSettings",
							"recursive": true,
							"enablePartitionDiscovery": false
						}
					},
					"sink": {
						"type": "AzureSqlSink"
					},
					"enableStaging": false,
					"translator": {
						"type": "TabularTranslator",
						"mappings": [
							{
								"source": {
									"name": "ASSET_GUID",
									"type": "String",
									"physicalType": "UTF8"
								},
								"sink": {
									"name": "ASSET_GUID",
									"type": "String",
									"physicalType": "varchar"
								}
							},
							{
								"source": {
									"name": "REGION",
									"type": "String",
									"physicalType": "UTF8"
								},
								"sink": {
									"name": "REGION",
									"type": "String",
									"physicalType": "varchar"
								}
							},
							{
								"source": {
									"name": "ROUTE",
									"type": "String",
									"physicalType": "UTF8"
								},
								"sink": {
									"name": "ROUTE",
									"type": "String",
									"physicalType": "varchar"
								}
							},
							{
								"source": {
									"name": "AREA",
									"type": "String",
									"physicalType": "UTF8"
								},
								"sink": {
									"name": "AREA",
									"type": "String",
									"physicalType": "varchar"
								}
							},
							{
								"source": {
									"name": "START_MILEAGE",
									"type": "Double",
									"physicalType": "DOUBLE"
								},
								"sink": {
									"name": "START_MILEAGE",
									"type": "Decimal",
									"physicalType": "decimal",
									"scale": 5,
									"precision": 18
								}
							},
							{
								"source": {
									"name": "END_MILEAGE",
									"type": "Double",
									"physicalType": "DOUBLE"
								},
								"sink": {
									"name": "END_MILEAGE",
									"type": "Decimal",
									"physicalType": "decimal",
									"scale": 5,
									"precision": 18
								}
							},
							{
								"source": {
									"name": "RAILWAY_ID",
									"type": "String",
									"physicalType": "UTF8"
								},
								"sink": {
									"name": "RAILWAY_ID",
									"type": "String",
									"physicalType": "varchar"
								}
							},
							{
								"source": {
									"name": "ASSET_GROUP_CD",
									"type": "String",
									"physicalType": "UTF8"
								},
								"sink": {
									"name": "ASSET_GROUP_CD",
									"type": "String",
									"physicalType": "varchar"
								}
							},
							{
								"source": {
									"name": "ASSET_GROUP_DESC",
									"type": "String",
									"physicalType": "UTF8"
								},
								"sink": {
									"name": "ASSET_GROUP_DESC",
									"type": "String",
									"physicalType": "varchar"
								}
							},
							{
								"source": {
									"name": "ASSET_TYPE",
									"type": "String",
									"physicalType": "UTF8"
								},
								"sink": {
									"name": "ASSET_TYPE",
									"type": "String",
									"physicalType": "varchar"
								}
							},
							{
								"source": {
									"name": "ASSET_NAME",
									"type": "String",
									"physicalType": "UTF8"
								},
								"sink": {
									"name": "ASSET_NAME",
									"type": "String",
									"physicalType": "varchar"
								}
							},
							{
								"source": {
									"name": "PRIMARY_MATERIAL",
									"type": "String",
									"physicalType": "UTF8"
								},
								"sink": {
									"name": "PRIMARY_MATERIAL",
									"type": "String",
									"physicalType": "varchar"
								}
							},
							{
								"source": {
									"name": "OS_GRID_REF",
									"type": "String",
									"physicalType": "UTF8"
								},
								"sink": {
									"name": "OS_GRID_REF",
									"type": "String",
									"physicalType": "varchar"
								}
							},
							{
								"source": {
									"name": "HCE_FLAG",
									"type": "String",
									"physicalType": "UTF8"
								},
								"sink": {
									"name": "HCE_FLAG",
									"type": "String",
									"physicalType": "varchar"
								}
							},
							{
								"source": {
									"name": "CREATED_USER",
									"type": "String",
									"physicalType": "UTF8"
								},
								"sink": {
									"name": "CREATED_USER",
									"type": "String",
									"physicalType": "varchar"
								}
							},
							{
								"source": {
									"name": "CREATED_DATE",
									"type": "DateTime",
									"physicalType": "INT96"
								},
								"sink": {
									"name": "CREATED_DATE",
									"type": "DateTime",
									"physicalType": "datetime"
								}
							},
							{
								"source": {
									"name": "ENGINE_LINE_REF",
									"type": "String",
									"physicalType": "UTF8"
								},
								"sink": {
									"name": "ENGINE_LINE_REF",
									"type": "String",
									"physicalType": "varchar"
								}
							}
						],
						"typeConversion": true,
						"typeConversionSettings": {
							"allowDataTruncation": true,
							"treatBooleanAsNumber": false
						}
					}
				},
				"inputs": [
					{
						"referenceName": "ds_adlsgen2_Common_parquet",
						"type": "DatasetReference",
						"parameters": {
							"FileSystem": {
								"value": "@pipeline().globalParameters.gp_DataLake_Container",
								"type": "Expression"
							},
							"Directory": {
								"value": "@concat('ces-adls-data/Full/Curated/Bridge_Asset_Migration/','YEAR-', formatDateTime(utcnow(),'yyyy'),\n'/MONTH-',formatDateTime(utcnow(),'MM'),'/DAY-',formatDateTime(utcnow(),'dd'))",
								"type": "Expression"
							},
							"Filename": {
								"value": "@concat('CES_Bridge_Asset_Migration_',formatDateTime(utcnow(),'yyyyMMdd'),'.parquet')",
								"type": "Expression"
							}
						}
					}
				],
				"outputs": [
					{
						"referenceName": "ds_adlsgen2_Common_TableInsertUpdate",
						"type": "DatasetReference",
						"parameters": {
							"TableSchema": "CES",
							"TableName": "ASSET_BRIDGE"
						}
					}
				]
			},
			{
				"name": "acty_Sp_Insert_ControlAudit",
				"type": "SqlServerStoredProcedure",
				"dependsOn": [
					{
						"activity": "acty_copy_Curated_Dest",
						"dependencyConditions": [
							"Succeeded"
						]
					}
				],
				"policy": {
					"timeout": "7.00:00:00",
					"retry": 0,
					"retryIntervalInSeconds": 30,
					"secureOutput": false,
					"secureInput": false
				},
				"userProperties": [],
				"typeProperties": {
					"storedProcedureName": "[CTL_CES_ADL_CONTROL].sp_Insert_ADF_ControlAuditData",
					"storedProcedureParameters": {
						"ActivityName": {
							"value": "acty_copy_Curated_Dest",
							"type": "String"
						},
						"ADFName": {
							"value": {
								"value": "@pipeline().DataFactory",
								"type": "Expression"
							},
							"type": "String"
						},
						"CreatedBy": {
							"value": "CES",
							"type": "String"
						},
						"EndTime": {
							"value": {
								"value": "@utcnow()",
								"type": "Expression"
							},
							"type": "DateTime"
						},
						"Message": {
							"value": {
								"value": "Executing the file fromCurated to SQL DB",
								"type": "Expression"
							},
							"type": "String"
						},
						"PipeLineName": {
							"value": {
								"value": "@pipeline().Pipeline",
								"type": "Expression"
							},
							"type": "String"
						},
						"PipeLineRunID": {
							"value": {
								"value": "@pipeline().RunId",
								"type": "Expression"
							},
							"type": "String"
						},
						"Rows_Transferred": {
							"value": null,
							"type": "Int64"
						},
						"StartTime": {
							"value": {
								"value": "@pipeline().TriggerTime",
								"type": "Expression"
							},
							"type": "DateTime"
						},
						"Status": {
							"value": "Success",
							"type": "String"
						},
						"TargetTable": {
							"value": null,
							"type": "String"
						},
						"TriggerType": {
							"value": {
								"value": "@pipeline().TriggerType",
								"type": "Expression"
							},
							"type": "String"
						}
					}
				},
				"linkedServiceName": {
					"referenceName": "lscesdb",
					"type": "LinkedServiceReference"
				}
			},
			{
				"name": "acty_Sp_Insert_ControlAudit_Failed",
				"type": "SqlServerStoredProcedure",
				"dependsOn": [
					{
						"activity": "acty_copy_Curated_Dest",
						"dependencyConditions": [
							"Failed"
						]
					}
				],
				"policy": {
					"timeout": "7.00:00:00",
					"retry": 0,
					"retryIntervalInSeconds": 30,
					"secureOutput": false,
					"secureInput": false
				},
				"userProperties": [],
				"typeProperties": {
					"storedProcedureName": "[CTL_CES_ADL_CONTROL].sp_Insert_ADF_ControlAuditData",
					"storedProcedureParameters": {
						"ActivityName": {
							"value": "acty_copy_Curated_Dest",
							"type": "String"
						},
						"ADFName": {
							"value": {
								"value": "@pipeline().DataFactory",
								"type": "Expression"
							},
							"type": "String"
						},
						"CreatedBy": {
							"value": "CES",
							"type": "String"
						},
						"EndTime": {
							"value": {
								"value": "@utcnow()",
								"type": "Expression"
							},
							"type": "DateTime"
						},
						"Message": {
							"value": {
								"value": "Executing the file fromCurated to SQL DB",
								"type": "Expression"
							},
							"type": "String"
						},
						"PipeLineName": {
							"value": {
								"value": "@pipeline().Pipeline",
								"type": "Expression"
							},
							"type": "String"
						},
						"PipeLineRunID": {
							"value": {
								"value": "@pipeline().RunId",
								"type": "Expression"
							},
							"type": "String"
						},
						"Rows_Transferred": {
							"value": null,
							"type": "Int64"
						},
						"StartTime": {
							"value": {
								"value": "@pipeline().TriggerTime",
								"type": "Expression"
							},
							"type": "DateTime"
						},
						"Status": {
							"value": "Failed",
							"type": "String"
						},
						"TargetTable": {
							"value": null,
							"type": "String"
						},
						"TriggerType": {
							"value": {
								"value": "@pipeline().TriggerType",
								"type": "Expression"
							},
							"type": "String"
						}
					}
				},
				"linkedServiceName": {
					"referenceName": "lscesdb",
					"type": "LinkedServiceReference"
				}
			}
		],
		"folder": {
			"name": "BRIDGE/Asset_Bridge_Migration"
		},
		"annotations": []
	}
}