{
	"name": "ppl_delete_yearmonth",
	"properties": {
		"activities": [
			{
				"name": "Get Metadata Full",
				"type": "GetMetadata",
				"dependsOn": [
					{
						"activity": "Set Year",
						"dependencyConditions": [
							"Succeeded"
						]
					},
					{
						"activity": "Set Month",
						"dependencyConditions": [
							"Succeeded"
						]
					}
				],
				"policy": {
					"timeout": "7.00:00:00",
					"retry": 0,
					"retryIntervalInSeconds": 30,
					"secureOutput": false,
					"secureInput": false
				},
				"userProperties": [],
				"typeProperties": {
					"dataset": {
						"referenceName": "ds_adlsgen2_archive_Foldername",
						"type": "DatasetReference",
						"parameters": {
							"Path": {
								"value": "@concat('ces-adls-bkp/Full/Raw/')",
								"type": "Expression"
							}
						}
					},
					"fieldList": [
						"childItems"
					],
					"storeSettings": {
						"type": "AzureBlobFSReadSettings",
						"recursive": true,
						"enablePartitionDiscovery": false
					},
					"formatSettings": {
						"type": "BinaryReadSettings"
					}
				}
			},
			{
				"name": "ForEach Full",
				"type": "ForEach",
				"dependsOn": [
					{
						"activity": "Get Metadata Full",
						"dependencyConditions": [
							"Succeeded"
						]
					}
				],
				"userProperties": [],
				"typeProperties": {
					"items": {
						"value": "@activity('Get Metadata Full').output.childItems",
						"type": "Expression"
					},
					"isSequential": false,
					"activities": [
						{
							"name": "Get Metadata File exists Full",
							"type": "GetMetadata",
							"dependsOn": [],
							"policy": {
								"timeout": "7.00:00:00",
								"retry": 0,
								"retryIntervalInSeconds": 30,
								"secureOutput": false,
								"secureInput": false
							},
							"userProperties": [],
							"typeProperties": {
								"dataset": {
									"referenceName": "ds_adlsgen2_archive_Foldername",
									"type": "DatasetReference",
									"parameters": {
										"Path": {
											"value": "@concat('ces-adls-bkp/Full/Raw/',item().name,'/',variables('Year'),'/',variables('Month'))",
											"type": "Expression"
										}
									}
								},
								"fieldList": [
									"exists"
								],
								"storeSettings": {
									"type": "AzureBlobFSReadSettings",
									"recursive": true,
									"enablePartitionDiscovery": false
								},
								"formatSettings": {
									"type": "BinaryReadSettings"
								}
							}
						},
						{
							"name": "If Condition Full",
							"type": "IfCondition",
							"dependsOn": [
								{
									"activity": "Get Metadata File exists Full",
									"dependencyConditions": [
										"Succeeded"
									]
								}
							],
							"userProperties": [],
							"typeProperties": {
								"expression": {
									"value": "@and(activity('Get Metadata File exists Full').output.exists,lessOrEquals(split(variables('Month'),'-')[1],'11'))",
									"type": "Expression"
								},
								"ifFalseActivities": [
									{
										"name": "DeleteYear Full",
										"type": "Delete",
										"dependsOn": [],
										"policy": {
											"timeout": "7.00:00:00",
											"retry": 0,
											"retryIntervalInSeconds": 30,
											"secureOutput": false,
											"secureInput": false
										},
										"userProperties": [],
										"typeProperties": {
											"dataset": {
												"referenceName": "ds_adlsgen2_archive_sink_yearmonth",
												"type": "DatasetReference",
												"parameters": {
													"FileSystem": {
														"value": "ces-adls-bkp",
														"type": "Expression"
													},
													"FileDirectory": {
														"value": "@concat('Full/Raw/',item().name,'/',variables('Year'),'/')",
														"type": "Expression"
													}
												}
											},
											"enableLogging": false,
											"storeSettings": {
												"type": "AzureBlobFSReadSettings",
												"recursive": true,
												"enablePartitionDiscovery": false
											}
										}
									}
								],
								"ifTrueActivities": [
									{
										"name": "Delete Full",
										"type": "Delete",
										"dependsOn": [],
										"policy": {
											"timeout": "7.00:00:00",
											"retry": 0,
											"retryIntervalInSeconds": 30,
											"secureOutput": false,
											"secureInput": false
										},
										"userProperties": [],
										"typeProperties": {
											"dataset": {
												"referenceName": "ds_adlsgen2_archive_sink_yearmonth",
												"type": "DatasetReference",
												"parameters": {
													"FileSystem": {
														"value": "ces-adls-bkp",
														"type": "Expression"
													},
													"FileDirectory": {
														"value": "@concat('Full/Raw/',item().name,'/',variables('Year'),'/',variables('Month'))",
														"type": "Expression"
													}
												}
											},
											"enableLogging": false,
											"storeSettings": {
												"type": "AzureBlobFSReadSettings",
												"recursive": true,
												"enablePartitionDiscovery": false
											}
										}
									}
								]
							}
						}
					]
				}
			},
			{
				"name": "Set Year",
				"type": "SetVariable",
				"dependsOn": [],
				"userProperties": [],
				"typeProperties": {
					"variableName": "Year",
					"value": {
						"value": "@concat('YEAR-',formatDateTime(addtotime(utcnow(),-27,'Year'),'yyyy'))",
						"type": "Expression"
					}
				}
			},
			{
				"name": "Set Month",
				"type": "SetVariable",
				"dependsOn": [],
				"userProperties": [],
				"typeProperties": {
					"variableName": "Month",
					"value": {
						"value": "@concat('MONTH-',formatDateTime(addtotime(utcnow(),-1,'Month'),'MM'))",
						"type": "Expression"
					}
				}
			},
			{
				"name": "Get Metadata INC",
				"type": "GetMetadata",
				"dependsOn": [
					{
						"activity": "Set Year",
						"dependencyConditions": [
							"Succeeded"
						]
					},
					{
						"activity": "Set Month",
						"dependencyConditions": [
							"Succeeded"
						]
					}
				],
				"policy": {
					"timeout": "7.00:00:00",
					"retry": 0,
					"retryIntervalInSeconds": 30,
					"secureOutput": false,
					"secureInput": false
				},
				"userProperties": [],
				"typeProperties": {
					"dataset": {
						"referenceName": "ds_adlsgen2_archive_Foldername",
						"type": "DatasetReference",
						"parameters": {
							"Path": {
								"value": "@concat('ces-adls-bkp/INC/Raw/')",
								"type": "Expression"
							}
						}
					},
					"fieldList": [
						"childItems"
					],
					"storeSettings": {
						"type": "AzureBlobFSReadSettings",
						"recursive": true,
						"enablePartitionDiscovery": false
					},
					"formatSettings": {
						"type": "BinaryReadSettings"
					}
				}
			},
			{
				"name": "ForEach INC",
				"type": "ForEach",
				"dependsOn": [
					{
						"activity": "Get Metadata INC",
						"dependencyConditions": [
							"Succeeded"
						]
					}
				],
				"userProperties": [],
				"typeProperties": {
					"items": {
						"value": "@activity('Get Metadata INC').output.childItems",
						"type": "Expression"
					},
					"isSequential": false,
					"activities": [
						{
							"name": "Get Metadata File exists INC",
							"type": "GetMetadata",
							"dependsOn": [],
							"policy": {
								"timeout": "7.00:00:00",
								"retry": 0,
								"retryIntervalInSeconds": 30,
								"secureOutput": false,
								"secureInput": false
							},
							"userProperties": [],
							"typeProperties": {
								"dataset": {
									"referenceName": "ds_adlsgen2_archive_Foldername",
									"type": "DatasetReference",
									"parameters": {
										"Path": {
											"value": "@concat('ces-adls-bkp/INC/Raw/',item().name,'/',variables('Year'),'/',variables('Month'))",
											"type": "Expression"
										}
									}
								},
								"fieldList": [
									"exists"
								],
								"storeSettings": {
									"type": "AzureBlobFSReadSettings",
									"recursive": true,
									"enablePartitionDiscovery": false
								},
								"formatSettings": {
									"type": "BinaryReadSettings"
								}
							}
						},
						{
							"name": "If Condition INC",
							"type": "IfCondition",
							"dependsOn": [
								{
									"activity": "Get Metadata File exists INC",
									"dependencyConditions": [
										"Succeeded"
									]
								}
							],
							"userProperties": [],
							"typeProperties": {
								"expression": {
									"value": "@and(activity('Get Metadata File exists INC').output.exists,lessOrEquals(split(variables('Month'),'-')[1],'11'))",
									"type": "Expression"
								},
								"ifFalseActivities": [
									{
										"name": "DeleteYear INC",
										"type": "Delete",
										"dependsOn": [],
										"policy": {
											"timeout": "7.00:00:00",
											"retry": 0,
											"retryIntervalInSeconds": 30,
											"secureOutput": false,
											"secureInput": false
										},
										"userProperties": [],
										"typeProperties": {
											"dataset": {
												"referenceName": "ds_adlsgen2_archive_sink_yearmonth",
												"type": "DatasetReference",
												"parameters": {
													"FileSystem": {
														"value": "ces-adls-bkp",
														"type": "Expression"
													},
													"FileDirectory": {
														"value": "@concat('INC/Raw/',item().name,'/',variables('Year'),'/')",
														"type": "Expression"
													}
												}
											},
											"enableLogging": false,
											"storeSettings": {
												"type": "AzureBlobFSReadSettings",
												"recursive": true,
												"enablePartitionDiscovery": false
											}
										}
									}
								],
								"ifTrueActivities": [
									{
										"name": "Delete INC",
										"type": "Delete",
										"dependsOn": [],
										"policy": {
											"timeout": "7.00:00:00",
											"retry": 0,
											"retryIntervalInSeconds": 30,
											"secureOutput": false,
											"secureInput": false
										},
										"userProperties": [],
										"typeProperties": {
											"dataset": {
												"referenceName": "ds_adlsgen2_archive_sink_yearmonth",
												"type": "DatasetReference",
												"parameters": {
													"FileSystem": {
														"value": "ces-adls-bkp",
														"type": "Expression"
													},
													"FileDirectory": {
														"value": "@concat('INC/Raw/',item().name,'/',variables('Year'),'/',variables('Month'))",
														"type": "Expression"
													}
												}
											},
											"enableLogging": false,
											"storeSettings": {
												"type": "AzureBlobFSReadSettings",
												"recursive": true,
												"enablePartitionDiscovery": false
											}
										}
									}
								]
							}
						}
					]
				}
			},
			{
				"name": "Get Arrival_Files",
				"type": "GetMetadata",
				"dependsOn": [
					{
						"activity": "Set Year",
						"dependencyConditions": [
							"Succeeded"
						]
					},
					{
						"activity": "Set Month",
						"dependencyConditions": [
							"Succeeded"
						]
					}
				],
				"policy": {
					"timeout": "7.00:00:00",
					"retry": 0,
					"retryIntervalInSeconds": 30,
					"secureOutput": false,
					"secureInput": false
				},
				"userProperties": [],
				"typeProperties": {
					"dataset": {
						"referenceName": "ds_filecopyall_blob",
						"type": "DatasetReference",
						"parameters": {
							"SourceDirectory": {
								"value": "ces-func/Archive/",
								"type": "Expression"
							}
						}
					},
					"fieldList": [
						"childItems"
					],
					"storeSettings": {
						"type": "AzureBlobStorageReadSettings",
						"recursive": true,
						"enablePartitionDiscovery": false
					},
					"formatSettings": {
						"type": "BinaryReadSettings"
					}
				}
			},
			{
				"name": "ForEach Arrival_Files",
				"type": "ForEach",
				"dependsOn": [
					{
						"activity": "Get Arrival_Files",
						"dependencyConditions": [
							"Succeeded"
						]
					}
				],
				"userProperties": [],
				"typeProperties": {
					"items": {
						"value": "@activity('Get Arrival_Files').output.childItems",
						"type": "Expression"
					},
					"activities": [
						{
							"name": "Get Metadata file exists Arrival_Files",
							"type": "GetMetadata",
							"dependsOn": [],
							"policy": {
								"timeout": "7.00:00:00",
								"retry": 0,
								"retryIntervalInSeconds": 30,
								"secureOutput": false,
								"secureInput": false
							},
							"userProperties": [],
							"typeProperties": {
								"dataset": {
									"referenceName": "ds_filecopyall_blob",
									"type": "DatasetReference",
									"parameters": {
										"SourceDirectory": {
											"value": "@concat('ces-func/Archive/',item().name,'/',variables('Year'),'/',variables('Month'))",
											"type": "Expression"
										}
									}
								},
								"fieldList": [
									"exists"
								],
								"storeSettings": {
									"type": "AzureBlobStorageReadSettings",
									"recursive": true,
									"enablePartitionDiscovery": false
								},
								"formatSettings": {
									"type": "BinaryReadSettings"
								}
							}
						},
						{
							"name": "If Condition Arrival_Files",
							"type": "IfCondition",
							"dependsOn": [
								{
									"activity": "Get Metadata file exists Arrival_Files",
									"dependencyConditions": [
										"Succeeded"
									]
								}
							],
							"userProperties": [],
							"typeProperties": {
								"expression": {
									"value": "@and(activity('Get Metadata file exists Arrival_Files').output.exists,if(equals(item().name,'CarrsOutbound'),bool(0),bool(1)))",
									"type": "Expression"
								},
								"ifTrueActivities": [
									{
										"name": "Delete Arrival_Files",
										"type": "Delete",
										"dependsOn": [],
										"policy": {
											"timeout": "7.00:00:00",
											"retry": 0,
											"retryIntervalInSeconds": 30,
											"secureOutput": false,
											"secureInput": false
										},
										"userProperties": [],
										"typeProperties": {
											"dataset": {
												"referenceName": "ds_filecopyall_blob",
												"type": "DatasetReference",
												"parameters": {
													"SourceDirectory": {
														"value": "@if(equals(variables('Month'),'MONTH-12'),\nconcat('ces-func/Archive/',item().name,'/',variables('Year')),\nconcat('ces-func/Archive/',item().name,'/',variables('Year'),'/',variables('Month')))",
														"type": "Expression"
													}
												}
											},
											"enableLogging": false,
											"storeSettings": {
												"type": "AzureBlobStorageReadSettings",
												"recursive": true,
												"enablePartitionDiscovery": false
											}
										}
									}
								]
							}
						}
					]
				}
			},
			{
				"name": "Set OutboundYear",
				"type": "SetVariable",
				"dependsOn": [],
				"userProperties": [],
				"typeProperties": {
					"variableName": "OutboundYear",
					"value": {
						"value": "@concat('YEAR-',formatDateTime(addtotime(utcnow(),-3,'Month'),'yyyy'))",
						"type": "Expression"
					}
				}
			},
			{
				"name": "Set OutboundMonth",
				"type": "SetVariable",
				"dependsOn": [],
				"userProperties": [],
				"typeProperties": {
					"variableName": "OutboundMonth",
					"value": {
						"value": "@concat('MONTH-',formatDateTime(addtotime(utcnow(),-3,'Month'),'MM'))",
						"type": "Expression"
					}
				}
			},
			{
				"name": "Get Outbound",
				"type": "GetMetadata",
				"dependsOn": [
					{
						"activity": "Set OutboundYear",
						"dependencyConditions": [
							"Succeeded"
						]
					},
					{
						"activity": "Set OutboundMonth",
						"dependencyConditions": [
							"Succeeded"
						]
					}
				],
				"policy": {
					"timeout": "7.00:00:00",
					"retry": 0,
					"retryIntervalInSeconds": 30,
					"secureOutput": false,
					"secureInput": false
				},
				"userProperties": [],
				"typeProperties": {
					"dataset": {
						"referenceName": "ds_filecopyall_blob",
						"type": "DatasetReference",
						"parameters": {
							"SourceDirectory": {
								"value": "@concat('ces-func/Archive/CarrsOutbound/',variables('OutboundYear'),'/',variables('OutboundMonth'))",
								"type": "Expression"
							}
						}
					},
					"fieldList": [
						"exists"
					],
					"storeSettings": {
						"type": "AzureBlobStorageReadSettings",
						"recursive": true,
						"enablePartitionDiscovery": false
					},
					"formatSettings": {
						"type": "BinaryReadSettings"
					}
				}
			},
			{
				"name": "If Condition Outbound",
				"type": "IfCondition",
				"dependsOn": [
					{
						"activity": "Get Outbound",
						"dependencyConditions": [
							"Succeeded"
						]
					}
				],
				"userProperties": [],
				"typeProperties": {
					"expression": {
						"value": "@activity('Get Outbound').output.exists",
						"type": "Expression"
					},
					"ifTrueActivities": [
						{
							"name": "Delete Outbound",
							"type": "Delete",
							"dependsOn": [],
							"policy": {
								"timeout": "7.00:00:00",
								"retry": 0,
								"retryIntervalInSeconds": 30,
								"secureOutput": false,
								"secureInput": false
							},
							"userProperties": [],
							"typeProperties": {
								"dataset": {
									"referenceName": "ds_filecopyall_blob",
									"type": "DatasetReference",
									"parameters": {
										"SourceDirectory": {
											"value": "@if(equals(variables('OutboundMonth'),'MONTH-12'),\nconcat('ces-func/Archive/CarrsOutbound/',variables('OutboundYear')),\nconcat('ces-func/Archive/CarrsOutbound/',variables('OutboundYear'),'/',variables('OutboundMonth')))",
											"type": "Expression"
										}
									}
								},
								"enableLogging": false,
								"storeSettings": {
									"type": "AzureBlobStorageReadSettings",
									"recursive": true,
									"enablePartitionDiscovery": false
								}
							}
						}
					]
				}
			}
		],
		"variables": {
			"name": {
				"type": "String"
			},
			"Year": {
				"type": "String"
			},
			"Month": {
				"type": "String"
			},
			"OutboundYear": {
				"type": "String"
			},
			"OutboundMonth": {
				"type": "String"
			}
		},
		"folder": {
			"name": "BackupandRetension"
		},
		"annotations": []
	}
}