{
	"name": "ppl_ces_Alarm_Migration_Raw_Curated",
	"properties": {
		"activities": [
			{
				"name": "acty_sp_Insert_filemetadata",
				"type": "SqlServerStoredProcedure",
				"dependsOn": [
					{
						"activity": "dataflow_ces_ALARM_Migration_Raw_curated",
						"dependencyConditions": [
							"Completed"
						]
					}
				],
				"policy": {
					"timeout": "7.00:00:00",
					"retry": 0,
					"retryIntervalInSeconds": 30,
					"secureOutput": false,
					"secureInput": false
				},
				"userProperties": [],
				"typeProperties": {
					"storedProcedureName": "[CTL_CES_ADL_CONTROL].[sp_Insert_ADF_FileMetadata]",
					"storedProcedureParameters": {
						"Creation_Date": {
							"value": {
								"value": "@utcnow()",
								"type": "Expression"
							},
							"type": "DateTime"
						},
						"Creator": {
							"value": {
								"value": "@pipeline().Pipeline",
								"type": "Expression"
							},
							"type": "String"
						},
						"Data_Classification": {
							"value": "CIVILS",
							"type": "String"
						},
						"Data_Type": {
							"value": "Structured",
							"type": "String"
						},
						"Description": {
							"value": {
								"value": "Defect Data",
								"type": "Expression"
							},
							"type": "String"
						},
						"Encoding": {
							"value": null,
							"type": "String"
						},
						"File_Extension": {
							"value": ".parquet",
							"type": "String"
						},
						"FileName": {
							"value": {
								"value": "@concat('CES_',formatDateTime(utcnow(),'yyyyMMdd'),'_Defect.parquet')",
								"type": "Expression"
							},
							"type": "String"
						},
						"Owner": {
							"value": "CES",
							"type": "String"
						},
						"Personal_Data": {
							"value": "N",
							"type": "String"
						},
						"PipeLineRunID": {
							"value": {
								"value": "@pipeline().RunId",
								"type": "Expression"
							},
							"type": "String"
						},
						"Rows_Error": {
							"value": {
								"value": "@if(contains(activity('dataflow_ces_ALARM_Migration_Raw_curated').output.runStatus.metrics,'sinkError'),activity('dataflow_ces_ALARM_Migration_Raw_curated').output.runStatus.metrics.sinkError.rowsWritten,0)",
								"type": "Expression"
							},
							"type": "Int64"
						},
						"Rows_Read": {
							"value": null,
							"type": "Int64"
						},
						"Rows_Transferred": {
							"value": {
								"value": "@if(contains(activity('dataflow_ces_ALARM_Migration_Raw_curated').output.runStatus.metrics,'SinkCurated'),activity('dataflow_ces_ALARM_Migration_Raw_curated').output.runStatus.metrics.SinkCurated.rowsWritten,0)",
								"type": "Expression"
							},
							"type": "Int64"
						},
						"Security_Classification": {
							"value": "Internal",
							"type": "String"
						},
						"Storage_Layer": {
							"value": "Curated",
							"type": "String"
						}
					}
				},
				"linkedServiceName": {
					"referenceName": "lscesdb",
					"type": "LinkedServiceReference"
				}
			},
			{
				"name": "dataflow_ces_ALARM_Migration_Raw_curated",
				"type": "ExecuteDataFlow",
				"dependsOn": [],
				"policy": {
					"timeout": "7.00:00:00",
					"retry": 0,
					"retryIntervalInSeconds": 30,
					"secureOutput": false,
					"secureInput": false
				},
				"userProperties": [],
				"typeProperties": {
					"dataflow": {
						"referenceName": "dataflow_ces_ALARM_Migration_Raw_curated",
						"type": "DataFlowReference",
						"parameters": {
							"parameter": "concat('ces-adls-data/Full/Raw/Alarm/','YEAR-',toString(currentUTC(),'yyyy'),'/MONTH-',toString(currentUTC(),'MM'),'/DAY-',toString(currentUTC(),'dd'))"
						},
						"datasetParameters": {
							"SinkCurated": {
								"Directory": {
									"value": "@concat('ces-adls-data/Full/Curated/Alarm/YEAR-',formatDateTime(utcnow(),'yyyy'),'/MONTH-',formatDateTime(utcnow(),'MM'),'/DAY-',formatDateTime(utcnow(),'dd'))",
									"type": "Expression"
								},
								"FileSystem": {
									"value": "@pipeline().globalParameters.gp_DataLake_Container",
									"type": "Expression"
								}
							},
							"SinkError": {
								"FileDirectory": {
									"value": "@concat('ces-adls-error/Full/Alarm/YEAR-',formatDateTime(utcnow(),'yyyy'),'/MONTH-',formatDateTime(utcnow(),'MM'),'/DAY-',formatDateTime(utcnow(),'dd'))",
									"type": "Expression"
								},
								"FileSystem": {
									"value": "@pipeline().globalParameters.gp_DataLake_Container",
									"type": "Expression"
								}
							}
						}
					},
					"integrationRuntime": {
						"referenceName": "ir-uks-Azure-ii-civl0001",
						"type": "IntegrationRuntimeReference"
					},
					"traceLevel": "Coarse"
				}
			},
			{
				"name": "acty_Sp_Insert_ControlAudit",
				"type": "SqlServerStoredProcedure",
				"dependsOn": [
					{
						"activity": "dataflow_ces_ALARM_Migration_Raw_curated",
						"dependencyConditions": [
							"Succeeded"
						]
					}
				],
				"policy": {
					"timeout": "7.00:00:00",
					"retry": 0,
					"retryIntervalInSeconds": 30,
					"secureOutput": false,
					"secureInput": false
				},
				"userProperties": [],
				"typeProperties": {
					"storedProcedureName": "[CTL_CES_ADL_CONTROL].[sp_Insert_ADF_ControlAuditData]",
					"storedProcedureParameters": {
						"ActivityName": {
							"value": {
								"value": "dataflow_ces_ALARM_Migration_Raw_curated",
								"type": "Expression"
							},
							"type": "String"
						},
						"ADFName": {
							"value": {
								"value": "@pipeline().DataFactory",
								"type": "Expression"
							},
							"type": "String"
						},
						"CreatedBy": {
							"value": "CES",
							"type": "String"
						},
						"EndTime": {
							"value": {
								"value": "@utcnow()",
								"type": "Expression"
							},
							"type": "DateTime"
						},
						"Message": {
							"value": {
								"value": "Raw to Curated layer. Data Transformation and DQ rules applied to the data",
								"type": "Expression"
							},
							"type": "String"
						},
						"PipeLineName": {
							"value": {
								"value": "@pipeline().Pipeline",
								"type": "Expression"
							},
							"type": "String"
						},
						"PipeLineRunID": {
							"value": {
								"value": "@pipeline().RunId",
								"type": "Expression"
							},
							"type": "String"
						},
						"Rows_Transferred": {
							"value": null,
							"type": "Int64"
						},
						"StartTime": {
							"value": {
								"value": "@utcnow()",
								"type": "Expression"
							},
							"type": "DateTime"
						},
						"Status": {
							"value": "Success",
							"type": "String"
						},
						"TargetTable": {
							"value": null,
							"type": "String"
						},
						"TriggerType": {
							"value": {
								"value": "@pipeline().TriggerType",
								"type": "Expression"
							},
							"type": "String"
						}
					}
				},
				"linkedServiceName": {
					"referenceName": "lscesdb",
					"type": "LinkedServiceReference"
				}
			},
			{
				"name": "acty_Sp_Insert_ControlAudit_Failed",
				"type": "SqlServerStoredProcedure",
				"dependsOn": [
					{
						"activity": "dataflow_ces_ALARM_Migration_Raw_curated",
						"dependencyConditions": [
							"Failed"
						]
					}
				],
				"policy": {
					"timeout": "7.00:00:00",
					"retry": 0,
					"retryIntervalInSeconds": 30,
					"secureOutput": false,
					"secureInput": false
				},
				"userProperties": [],
				"typeProperties": {
					"storedProcedureName": "[CTL_CES_ADL_CONTROL].[sp_Insert_ADF_ControlAuditData]",
					"storedProcedureParameters": {
						"ActivityName": {
							"value": {
								"value": "dataflow_ces_ALARM_Migration_Raw_curated",
								"type": "Expression"
							},
							"type": "String"
						},
						"ADFName": {
							"value": {
								"value": "@pipeline().DataFactory",
								"type": "Expression"
							},
							"type": "String"
						},
						"CreatedBy": {
							"value": "CES",
							"type": "String"
						},
						"EndTime": {
							"value": {
								"value": "@utcnow()",
								"type": "Expression"
							},
							"type": "DateTime"
						},
						"Message": {
							"value": {
								"value": "Raw to Curated layer. Data Transformation and DQ rules applied to the data",
								"type": "Expression"
							},
							"type": "String"
						},
						"PipeLineName": {
							"value": {
								"value": "@pipeline().Pipeline",
								"type": "Expression"
							},
							"type": "String"
						},
						"PipeLineRunID": {
							"value": {
								"value": "@pipeline().RunId",
								"type": "Expression"
							},
							"type": "String"
						},
						"Rows_Transferred": {
							"value": null,
							"type": "Int64"
						},
						"StartTime": {
							"value": {
								"value": "@utcnow()",
								"type": "Expression"
							},
							"type": "DateTime"
						},
						"Status": {
							"value": "Failed",
							"type": "String"
						},
						"TargetTable": {
							"value": null,
							"type": "String"
						},
						"TriggerType": {
							"value": {
								"value": "@pipeline().TriggerType",
								"type": "Expression"
							},
							"type": "String"
						}
					}
				},
				"linkedServiceName": {
					"referenceName": "lscesdb",
					"type": "LinkedServiceReference"
				}
			}
		],
		"folder": {
			"name": "ALARM/Migration/Defect"
		},
		"annotations": []
	}
}