{
	"name": "ppl_ces_Photo_Migration_Stage_Raw",
	"properties": {
		"activities": [
			{
				"name": "GetFileList",
				"type": "GetMetadata",
				"dependsOn": [],
				"policy": {
					"timeout": "7.00:00:00",
					"retry": 0,
					"retryIntervalInSeconds": 30,
					"secureOutput": false,
					"secureInput": false
				},
				"userProperties": [],
				"typeProperties": {
					"dataset": {
						"referenceName": "ds_adlsgen2_image_raw",
						"type": "DatasetReference",
						"parameters": {
							"Directory": "Full/PhotoMetadata",
							"FileSystem": {
								"value": "@pipeline().globalParameters.gp_Datalake_StagingContainer",
								"type": "Expression"
							}
						}
					},
					"fieldList": [
						"childItems"
					],
					"storeSettings": {
						"type": "AzureBlobFSReadSettings",
						"recursive": true,
						"enablePartitionDiscovery": false
					},
					"formatSettings": {
						"type": "BinaryReadSettings"
					}
				}
			},
			{
				"name": "ForEachxlsxfile",
				"type": "ForEach",
				"dependsOn": [
					{
						"activity": "FilterXlsx",
						"dependencyConditions": [
							"Succeeded"
						]
					}
				],
				"userProperties": [],
				"typeProperties": {
					"items": {
						"value": "@activity('FilterXlsx').output.value",
						"type": "Expression"
					},
					"activities": [
						{
							"name": "dataflow_ces_Photo_Migration_Stage_Raw",
							"type": "ExecuteDataFlow",
							"dependsOn": [],
							"policy": {
								"timeout": "7.00:00:00",
								"retry": 0,
								"retryIntervalInSeconds": 30,
								"secureOutput": false,
								"secureInput": false
							},
							"userProperties": [],
							"typeProperties": {
								"dataflow": {
									"referenceName": "dataflow_ces_Photo_Migration_Stage_Raw",
									"type": "DataFlowReference",
									"datasetParameters": {
										"Photoxlsx": {
											"FileSystem": {
												"value": "@pipeline().globalParameters.gp_Datalake_StagingContainer",
												"type": "Expression"
											},
											"FileDirectory": "Full/PhotoMetadata",
											"FileName": {
												"value": "@item().name",
												"type": "Expression"
											},
											"SheetName": "PhotoMetadata"
										},
										"SinkImage": {
											"Directory": {
												"value": "@concat('ces-adls-data/Full/Raw/PhotoMetadata/YEAR-',formatDateTime(utcnow(),'yyyy'),'/MONTH-',formatDateTime(utcnow(),'MM'),'/DAY-',formatDateTime(utcnow(),'dd'))",
												"type": "Expression"
											},
											"FileSystem": {
												"value": "@pipeline().globalParameters.gp_DataLake_Container",
												"type": "Expression"
											}
										}
									}
								},
								"integrationRuntime": {
									"referenceName": "ir-uks-Azure-ii-civl0001",
									"type": "IntegrationRuntimeReference"
								},
								"traceLevel": "Coarse"
							}
						},
						{
							"name": "acty_Sp_Insert_ControlAudit",
							"type": "SqlServerStoredProcedure",
							"dependsOn": [
								{
									"activity": "dataflow_ces_Photo_Migration_Stage_Raw",
									"dependencyConditions": [
										"Succeeded"
									]
								}
							],
							"policy": {
								"timeout": "7.00:00:00",
								"retry": 0,
								"retryIntervalInSeconds": 30,
								"secureOutput": false,
								"secureInput": false
							},
							"userProperties": [],
							"typeProperties": {
								"storedProcedureName": "[CTL_CES_ADL_CONTROL].[sp_Insert_ADF_ControlAuditData]",
								"storedProcedureParameters": {
									"ActivityName": {
										"value": {
											"value": "dataflow_ces_Photo_Migration_Raw_curated",
											"type": "Expression"
										},
										"type": "String"
									},
									"ADFName": {
										"value": {
											"value": "@pipeline().DataFactory",
											"type": "Expression"
										},
										"type": "String"
									},
									"CreatedBy": {
										"value": "CES",
										"type": "String"
									},
									"EndTime": {
										"value": {
											"value": "@utcnow()",
											"type": "Expression"
										},
										"type": "DateTime"
									},
									"Message": {
										"value": {
											"value": "@concat('Move the files from Stage to Datalake RAW layer. Raw File Name: CES_',substring(item().name,0,sub(length(item().name),5)),'_',formatDateTime(utcnow(),'yyyyMMdd'),'.parquet')",
											"type": "Expression"
										},
										"type": "String"
									},
									"PipeLineName": {
										"value": {
											"value": "@pipeline().Pipeline",
											"type": "Expression"
										},
										"type": "String"
									},
									"PipeLineRunID": {
										"value": {
											"value": "@pipeline().RunId",
											"type": "Expression"
										},
										"type": "String"
									},
									"Rows_Transferred": {
										"value": null,
										"type": "Int64"
									},
									"StartTime": {
										"value": {
											"value": "@utcnow()",
											"type": "Expression"
										},
										"type": "DateTime"
									},
									"Status": {
										"value": "Success",
										"type": "String"
									},
									"TargetTable": {
										"value": null,
										"type": "String"
									},
									"TriggerType": {
										"value": {
											"value": "@pipeline().TriggerType",
											"type": "Expression"
										},
										"type": "String"
									}
								}
							},
							"linkedServiceName": {
								"referenceName": "lscesdb",
								"type": "LinkedServiceReference"
							}
						},
						{
							"name": "acty_sp_Insert_filemetadata",
							"type": "SqlServerStoredProcedure",
							"dependsOn": [
								{
									"activity": "dataflow_ces_Photo_Migration_Stage_Raw",
									"dependencyConditions": [
										"Succeeded"
									]
								}
							],
							"policy": {
								"timeout": "7.00:00:00",
								"retry": 0,
								"retryIntervalInSeconds": 30,
								"secureOutput": false,
								"secureInput": false
							},
							"userProperties": [],
							"typeProperties": {
								"storedProcedureName": "[CTL_CES_ADL_CONTROL].[sp_Insert_ADF_FileMetadata]",
								"storedProcedureParameters": {
									"Creation_Date": {
										"value": {
											"value": "@utcnow()",
											"type": "Expression"
										},
										"type": "DateTime"
									},
									"Creator": {
										"value": {
											"value": "@pipeline().Pipeline",
											"type": "Expression"
										},
										"type": "String"
									},
									"Data_Classification": {
										"value": "CIVILS",
										"type": "String"
									},
									"Data_Type": {
										"value": "Structured",
										"type": "String"
									},
									"Description": {
										"value": {
											"value": "Image Data",
											"type": "Expression"
										},
										"type": "String"
									},
									"Encoding": {
										"value": null,
										"type": "String"
									},
									"File_Extension": {
										"value": ".parquet",
										"type": "String"
									},
									"FileName": {
										"value": {
											"value": "@concat('CES_',substring(item().name,0,sub(length(item().name),5)),'_',formatDateTime(utcnow(),'yyyyMMdd'),'.parquet')",
											"type": "Expression"
										},
										"type": "String"
									},
									"Owner": {
										"value": "CES",
										"type": "String"
									},
									"Personal_Data": {
										"value": "N",
										"type": "String"
									},
									"PipeLineRunID": {
										"value": {
											"value": "@pipeline().RunId",
											"type": "Expression"
										},
										"type": "String"
									},
									"Rows_Error": {
										"value": null,
										"type": "Int64"
									},
									"Rows_Read": {
										"value": null,
										"type": "Int64"
									},
									"Rows_Transferred": {
										"value": null,
										"type": "Int64"
									},
									"Security_Classification": {
										"value": "Internal",
										"type": "String"
									},
									"Storage_Layer": {
										"value": "Raw",
										"type": "String"
									}
								}
							},
							"linkedServiceName": {
								"referenceName": "lscesdb",
								"type": "LinkedServiceReference"
							}
						},
						{
							"name": "acty_Sp_Insert_ControlAudit_Failed",
							"type": "SqlServerStoredProcedure",
							"dependsOn": [
								{
									"activity": "dataflow_ces_Photo_Migration_Stage_Raw",
									"dependencyConditions": [
										"Failed"
									]
								}
							],
							"policy": {
								"timeout": "7.00:00:00",
								"retry": 0,
								"retryIntervalInSeconds": 30,
								"secureOutput": false,
								"secureInput": false
							},
							"userProperties": [],
							"typeProperties": {
								"storedProcedureName": "[CTL_CES_ADL_CONTROL].[sp_Insert_ADF_ControlAuditData]",
								"storedProcedureParameters": {
									"ActivityName": {
										"value": {
											"value": "dataflow_ces_ALARM_Migration_Raw_curated",
											"type": "Expression"
										},
										"type": "String"
									},
									"ADFName": {
										"value": {
											"value": "@pipeline().DataFactory",
											"type": "Expression"
										},
										"type": "String"
									},
									"CreatedBy": {
										"value": "CES",
										"type": "String"
									},
									"EndTime": {
										"value": {
											"value": "@utcnow()",
											"type": "Expression"
										},
										"type": "DateTime"
									},
									"Message": {
										"value": {
											"value": "@concat('Move the files from Stage to Datalake RAW layer. Raw File Name: CES_',substring(item().name,0,sub(length(item().name),5)),'_',formatDateTime(utcnow(),'yyyyMMdd'),'.parquet')",
											"type": "Expression"
										},
										"type": "String"
									},
									"PipeLineName": {
										"value": {
											"value": "@pipeline().Pipeline",
											"type": "Expression"
										},
										"type": "String"
									},
									"PipeLineRunID": {
										"value": {
											"value": "@pipeline().RunId",
											"type": "Expression"
										},
										"type": "String"
									},
									"Rows_Transferred": {
										"value": null,
										"type": "Int64"
									},
									"StartTime": {
										"value": {
											"value": "@utcnow()",
											"type": "Expression"
										},
										"type": "DateTime"
									},
									"Status": {
										"value": "Failed",
										"type": "String"
									},
									"TargetTable": {
										"value": null,
										"type": "String"
									},
									"TriggerType": {
										"value": {
											"value": "@pipeline().TriggerType",
											"type": "Expression"
										},
										"type": "String"
									}
								}
							},
							"linkedServiceName": {
								"referenceName": "lscesdb",
								"type": "LinkedServiceReference"
							}
						},
						{
							"name": "DeleteXlsx",
							"type": "Delete",
							"dependsOn": [
								{
									"activity": "dataflow_ces_Photo_Migration_Stage_Raw",
									"dependencyConditions": [
										"Succeeded"
									]
								}
							],
							"policy": {
								"timeout": "7.00:00:00",
								"retry": 0,
								"retryIntervalInSeconds": 30,
								"secureOutput": false,
								"secureInput": false
							},
							"userProperties": [],
							"typeProperties": {
								"dataset": {
									"referenceName": "ds_adlsgen2_common_xlsx",
									"type": "DatasetReference",
									"parameters": {
										"FileSystem": {
											"value": "@pipeline().globalParameters.gp_Datalake_StagingContainer",
											"type": "Expression"
										},
										"FileDirectory": {
											"value": "Full/PhotoMetadata",
											"type": "Expression"
										},
										"FileName": {
											"value": "@item().name",
											"type": "Expression"
										},
										"SheetName": "PhotoMetadata"
									}
								},
								"enableLogging": false,
								"storeSettings": {
									"type": "AzureBlobFSReadSettings",
									"recursive": true,
									"enablePartitionDiscovery": false
								}
							}
						}
					]
				}
			},
			{
				"name": "FilterXlsx",
				"type": "Filter",
				"dependsOn": [
					{
						"activity": "GetFileList",
						"dependencyConditions": [
							"Succeeded"
						]
					}
				],
				"userProperties": [],
				"typeProperties": {
					"items": {
						"value": "@activity('GetFileList').output.childitems",
						"type": "Expression"
					},
					"condition": {
						"value": "@equals(split(item().name,'.')[1],'xlsx')",
						"type": "Expression"
					}
				}
			},
			{
				"name": "FilterZip",
				"type": "Filter",
				"dependsOn": [
					{
						"activity": "GetFileList",
						"dependencyConditions": [
							"Succeeded"
						]
					}
				],
				"userProperties": [],
				"typeProperties": {
					"items": {
						"value": "@activity('GetFileList').output.childitems",
						"type": "Expression"
					},
					"condition": {
						"value": "@equals(split(item().name,'.')[1],'zip')",
						"type": "Expression"
					}
				}
			},
			{
				"name": "ForEachzipfile",
				"type": "ForEach",
				"dependsOn": [
					{
						"activity": "FilterZip",
						"dependencyConditions": [
							"Succeeded"
						]
					}
				],
				"userProperties": [],
				"typeProperties": {
					"items": {
						"value": "@activity('FilterZip').output.value",
						"type": "Expression"
					},
					"activities": [
						{
							"name": "acty_Sp_Insert_ControlAudit1",
							"type": "SqlServerStoredProcedure",
							"dependsOn": [
								{
									"activity": "Copyzip",
									"dependencyConditions": [
										"Succeeded"
									]
								}
							],
							"policy": {
								"timeout": "7.00:00:00",
								"retry": 0,
								"retryIntervalInSeconds": 30,
								"secureOutput": false,
								"secureInput": false
							},
							"userProperties": [],
							"typeProperties": {
								"storedProcedureName": "[CTL_CES_ADL_CONTROL].[sp_Insert_ADF_ControlAuditData]",
								"storedProcedureParameters": {
									"ActivityName": {
										"value": {
											"value": "Copyzip",
											"type": "Expression"
										},
										"type": "String"
									},
									"ADFName": {
										"value": {
											"value": "@pipeline().DataFactory",
											"type": "Expression"
										},
										"type": "String"
									},
									"CreatedBy": {
										"value": "CES",
										"type": "String"
									},
									"EndTime": {
										"value": {
											"value": "@utcnow()",
											"type": "Expression"
										},
										"type": "DateTime"
									},
									"Message": {
										"value": {
											"value": "Unzipped the files from Stage to Datalake RAW layer",
											"type": "Expression"
										},
										"type": "String"
									},
									"PipeLineName": {
										"value": {
											"value": "@pipeline().Pipeline",
											"type": "Expression"
										},
										"type": "String"
									},
									"PipeLineRunID": {
										"value": {
											"value": "@pipeline().RunId",
											"type": "Expression"
										},
										"type": "String"
									},
									"Rows_Transferred": {
										"value": null,
										"type": "Int64"
									},
									"StartTime": {
										"value": {
											"value": "@utcnow()",
											"type": "Expression"
										},
										"type": "DateTime"
									},
									"Status": {
										"value": "Success",
										"type": "String"
									},
									"TargetTable": {
										"value": null,
										"type": "String"
									},
									"TriggerType": {
										"value": {
											"value": "@pipeline().TriggerType",
											"type": "Expression"
										},
										"type": "String"
									}
								}
							},
							"linkedServiceName": {
								"referenceName": "lscesdb",
								"type": "LinkedServiceReference"
							}
						},
						{
							"name": "acty_Sp_Insert_ControlAudit_Failed1",
							"type": "SqlServerStoredProcedure",
							"dependsOn": [
								{
									"activity": "Copyzip",
									"dependencyConditions": [
										"Failed"
									]
								}
							],
							"policy": {
								"timeout": "7.00:00:00",
								"retry": 0,
								"retryIntervalInSeconds": 30,
								"secureOutput": false,
								"secureInput": false
							},
							"userProperties": [],
							"typeProperties": {
								"storedProcedureName": "[CTL_CES_ADL_CONTROL].[sp_Insert_ADF_ControlAuditData]",
								"storedProcedureParameters": {
									"ActivityName": {
										"value": {
											"value": "Copyzip",
											"type": "Expression"
										},
										"type": "String"
									},
									"ADFName": {
										"value": {
											"value": "@pipeline().DataFactory",
											"type": "Expression"
										},
										"type": "String"
									},
									"CreatedBy": {
										"value": "CES",
										"type": "String"
									},
									"EndTime": {
										"value": {
											"value": "@utcnow()",
											"type": "Expression"
										},
										"type": "DateTime"
									},
									"Message": {
										"value": {
											"value": "Unzipped the files from Stage to Datalake RAW layer",
											"type": "Expression"
										},
										"type": "String"
									},
									"PipeLineName": {
										"value": {
											"value": "@pipeline().Pipeline",
											"type": "Expression"
										},
										"type": "String"
									},
									"PipeLineRunID": {
										"value": {
											"value": "@pipeline().RunId",
											"type": "Expression"
										},
										"type": "String"
									},
									"Rows_Transferred": {
										"value": null,
										"type": "Int64"
									},
									"StartTime": {
										"value": {
											"value": "@utcnow()",
											"type": "Expression"
										},
										"type": "DateTime"
									},
									"Status": {
										"value": "Failed",
										"type": "String"
									},
									"TargetTable": {
										"value": null,
										"type": "String"
									},
									"TriggerType": {
										"value": {
											"value": "@pipeline().TriggerType",
											"type": "Expression"
										},
										"type": "String"
									}
								}
							},
							"linkedServiceName": {
								"referenceName": "lscesdb",
								"type": "LinkedServiceReference"
							}
						},
						{
							"name": "Copyzip",
							"type": "Copy",
							"dependsOn": [],
							"policy": {
								"timeout": "7.00:00:00",
								"retry": 0,
								"retryIntervalInSeconds": 30,
								"secureOutput": false,
								"secureInput": false
							},
							"userProperties": [],
							"typeProperties": {
								"source": {
									"type": "BinarySource",
									"storeSettings": {
										"type": "AzureBlobFSReadSettings",
										"recursive": true,
										"deleteFilesAfterCompletion": false
									},
									"formatSettings": {
										"type": "BinaryReadSettings",
										"compressionProperties": {
											"type": "ZipDeflateReadSettings",
											"preserveZipFileNameAsFolder": false
										}
									}
								},
								"sink": {
									"type": "BinarySink",
									"storeSettings": {
										"type": "AzureBlobFSWriteSettings"
									}
								},
								"enableStaging": false
							},
							"inputs": [
								{
									"referenceName": "ds_adlsgen2_Image_zip",
									"type": "DatasetReference",
									"parameters": {
										"Filesystem": {
											"value": "@pipeline().globalParameters.gp_Datalake_StagingContainer",
											"type": "Expression"
										},
										"Directory": {
											"value": "Full/PhotoMetadata",
											"type": "Expression"
										},
										"Filename": {
											"value": "@item().name",
											"type": "Expression"
										}
									}
								}
							],
							"outputs": [
								{
									"referenceName": "ds_adlsgen2_image_raw",
									"type": "DatasetReference",
									"parameters": {
										"Directory": {
											"value": "@concat('ces-adls-data/Full/Raw/PhotoMetadata/YEAR-',formatDateTime(utcnow(),'yyyy'),'/MONTH-',formatDateTime(utcnow(),'MM'),'/DAY-',formatDateTime(utcnow(),'dd'))",
											"type": "Expression"
										},
										"FileSystem": {
											"value": "@pipeline().globalParameters.gp_DataLake_Container",
											"type": "Expression"
										}
									}
								}
							]
						},
						{
							"name": "DeleteZip",
							"type": "Delete",
							"dependsOn": [
								{
									"activity": "Copyzip",
									"dependencyConditions": [
										"Succeeded"
									]
								}
							],
							"policy": {
								"timeout": "7.00:00:00",
								"retry": 0,
								"retryIntervalInSeconds": 30,
								"secureOutput": false,
								"secureInput": false
							},
							"userProperties": [],
							"typeProperties": {
								"dataset": {
									"referenceName": "ds_adlsgen2_Image_zip",
									"type": "DatasetReference",
									"parameters": {
										"Filesystem": {
											"value": "@pipeline().globalParameters.gp_Datalake_StagingContainer",
											"type": "Expression"
										},
										"Directory": {
											"value": "Full/PhotoMetadata",
											"type": "Expression"
										},
										"Filename": {
											"value": "@item().name",
											"type": "Expression"
										}
									}
								},
								"enableLogging": false,
								"storeSettings": {
									"type": "AzureBlobFSReadSettings",
									"recursive": true,
									"enablePartitionDiscovery": false
								}
							}
						}
					]
				}
			}
		],
		"folder": {
			"name": "ALARM/Migration/PhotoMetadata"
		},
		"annotations": []
	}
}