{
	"name": "ppl_ces_Compliance_Migration_Master",
	"properties": {
		"activities": [
			{
				"name": "ppl_ces_Compliance_Migration_Raw_Curated",
				"type": "ExecutePipeline",
				"dependsOn": [],
				"userProperties": [],
				"typeProperties": {
					"pipeline": {
						"referenceName": "ppl_ces_Compliance_Migration_Raw_Curated",
						"type": "PipelineReference"
					},
					"waitOnCompletion": true
				}
			},
			{
				"name": "ppl_ces_Compliance_Migration_Curated_Dest",
				"type": "ExecutePipeline",
				"dependsOn": [
					{
						"activity": "ppl_ces_Compliance_Migration_Raw_Curated",
						"dependencyConditions": [
							"Succeeded"
						]
					}
				],
				"userProperties": [],
				"typeProperties": {
					"pipeline": {
						"referenceName": "ppl_ces_Compliance_Migration_Curated_Dest",
						"type": "PipelineReference"
					},
					"waitOnCompletion": true
				}
			}
		],
		"folder": {
			"name": "CARRS/Migration/Orchestration"
		},
		"annotations": []
	}
}