{
	"name": "ppl_ces_backup",
	"properties": {
		"activities": [
			{
				"name": "acty_copy_backup",
				"type": "Copy",
				"dependsOn": [],
				"policy": {
					"timeout": "7.00:00:00",
					"retry": 0,
					"retryIntervalInSeconds": 30,
					"secureOutput": false,
					"secureInput": false
				},
				"userProperties": [],
				"typeProperties": {
					"source": {
						"type": "ParquetSource",
						"storeSettings": {
							"type": "AzureBlobFSReadSettings",
							"recursive": true,
							"wildcardFolderPath": "ces-adls/ces-adls-data/Full",
							"wildcardFileName": "*"
						}
					},
					"sink": {
						"type": "ParquetSink",
						"storeSettings": {
							"type": "AzureBlobFSWriteSettings",
							"copyBehavior": "PreserveHierarchy"
						},
						"formatSettings": {
							"type": "ParquetWriteSettings"
						}
					},
					"enableStaging": false,
					"translator": {
						"type": "TabularTranslator",
						"typeConversion": true,
						"typeConversionSettings": {
							"allowDataTruncation": true,
							"treatBooleanAsNumber": false
						}
					}
				},
				"inputs": [
					{
						"referenceName": "ds_adlsgen2_source_backup_Full",
						"type": "DatasetReference"
					}
				],
				"outputs": [
					{
						"referenceName": "ds_adlsgen2_backup_dest_Full",
						"type": "DatasetReference",
						"parameters": {
							"Directory": {
								"value": "@concat('Full/',formatDateTime(utcnow(),'yyyy-MM-dd'))",
								"type": "Expression"
							}
						}
					}
				]
			}
		],
		"folder": {
			"name": "BackupandRetension"
		},
		"annotations": []
	}
}