{
	"name": "ppl_ces_Risk_Assessment_Curated_Dest",
	"properties": {
		"activities": [
			{
				"name": "acty_Copy_Curated_Destination",
				"type": "Copy",
				"dependsOn": [],
				"policy": {
					"timeout": "7.00:00:00",
					"retry": 0,
					"retryIntervalInSeconds": 30,
					"secureOutput": false,
					"secureInput": false
				},
				"userProperties": [],
				"typeProperties": {
					"source": {
						"type": "ParquetSource",
						"storeSettings": {
							"type": "AzureBlobFSReadSettings",
							"recursive": true,
							"enablePartitionDiscovery": false
						}
					},
					"sink": {
						"type": "AzureSqlSink"
					},
					"enableStaging": false,
					"translator": {
						"type": "TabularTranslator",
						"mappings": [
							{
								"source": {
									"name": "GUID",
									"type": "String",
									"physicalType": "UTF8"
								},
								"sink": {
									"name": "ASSET_GUID",
									"type": "String",
									"physicalType": "varchar"
								}
							},
							{
								"source": {
									"name": "EXAM_TYPE_SR_KEY",
									"type": "Decimal",
									"physicalType": "DECIMAL",
									"scale": 0,
									"precision": 18
								},
								"sink": {
									"name": "EXAM_TYPE_SR_KEY",
									"type": "Decimal",
									"physicalType": "decimal",
									"scale": 0,
									"precision": 18
								}
							},
							{
								"source": {
									"name": "RA_DATE",
									"type": "DateTime",
									"physicalType": "INT96"
								},
								"sink": {
									"name": "ASSESSMENT_DATE",
									"type": "DateTime",
									"physicalType": "date"
								}
							},
							{
								"source": {
									"name": "NEXT_REVIEW_DATE",
									"type": "DateTime",
									"physicalType": "INT96"
								},
								"sink": {
									"name": "REVIEW_DATE",
									"type": "DateTime",
									"physicalType": "date"
								}
							},
							{
								"source": {
									"name": "EXPIRY_DATE",
									"type": "DateTime",
									"physicalType": "INT96"
								},
								"sink": {
									"name": "EXPIRY_DATE",
									"type": "DateTime",
									"physicalType": "date"
								}
							},
							{
								"source": {
									"name": "RISK_SCORE",
									"type": "String",
									"physicalType": "UTF8"
								},
								"sink": {
									"name": "RISK_SCORE",
									"type": "String",
									"physicalType": "varchar"
								}
							},
							{
								"source": {
									"name": "RISK_ASSESS_STATUS",
									"type": "Decimal",
									"physicalType": "DECIMAL",
									"scale": 0,
									"precision": 18
								},
								"sink": {
									"name": "RISK_ASSESS_STATUS",
									"type": "Decimal",
									"physicalType": "decimal",
									"scale": 0,
									"precision": 18
								}
							},
							{
								"source": {
									"name": "RA_COMMENTS",
									"type": "String",
									"physicalType": "UTF8"
								},
								"sink": {
									"name": "MITIGATION_COMMENT",
									"type": "String",
									"physicalType": "varchar"
								}
							},
							{
								"source": {
									"name": "ISLATEST",
									"type": "String",
									"physicalType": "UTF8"
								},
								"sink": {
									"name": "ISLATEST",
									"type": "String",
									"physicalType": "char"
								}
							},
							{
								"source": {
									"name": "CREATED_USER",
									"type": "String",
									"physicalType": "UTF8"
								},
								"sink": {
									"name": "CREATED_USER",
									"type": "String",
									"physicalType": "varchar"
								}
							},
							{
								"source": {
									"name": "MODIFIED_TIME_CUSTOM",
									"type": "DateTime",
									"physicalType": "INT96"
								},
								"sink": {
									"name": "CREATED_DATE",
									"type": "DateTime",
									"physicalType": "datetime"
								}
							},
							{
								"source": {
									"name": "RA_ID",
									"type": "String",
									"physicalType": "UTF8"
								},
								"sink": {
									"name": "BRIDGE_RA_ID",
									"type": "Decimal",
									"physicalType": "decimal",
									"scale": 0,
									"precision": 18
								}
							}
						],
						"typeConversion": true,
						"typeConversionSettings": {
							"allowDataTruncation": true,
							"treatBooleanAsNumber": false
						}
					}
				},
				"inputs": [
					{
						"referenceName": "ds_adlsgen2_Common_parquet",
						"type": "DatasetReference",
						"parameters": {
							"FileSystem": {
								"value": "@pipeline().globalParameters.gp_DataLake_Container",
								"type": "Expression"
							},
							"Directory": {
								"value": "@concat('ces-adls-data/Full/Curated/Risk_Assessment/','YEAR-', formatDateTime(utcnow(),'yyyy'),'/MONTH-',formatDateTime(utcnow(),'MM'),'/DAY-',formatDateTime(utcnow(),'dd'))",
								"type": "Expression"
							},
							"Filename": {
								"value": "@concat('CES_Risk_Assessment_',formatDateTime(utcnow(),'yyyyMMdd'),'.parquet')",
								"type": "Expression"
							}
						}
					}
				],
				"outputs": [
					{
						"referenceName": "ds_sql_insert_risk_assessment",
						"type": "DatasetReference"
					}
				]
			},
			{
				"name": "Stored_procedure_update_islatest_created_date",
				"type": "SqlServerStoredProcedure",
				"dependsOn": [
					{
						"activity": "acty_Copy_Curated_Destination",
						"dependencyConditions": [
							"Succeeded"
						]
					}
				],
				"policy": {
					"timeout": "7.00:00:00",
					"retry": 0,
					"retryIntervalInSeconds": 30,
					"secureOutput": false,
					"secureInput": false
				},
				"userProperties": [],
				"typeProperties": {
					"storedProcedureName": "[CES].[sp_Update_IsLatest_Risk_Assessment_Migration_ADF]"
				},
				"linkedServiceName": {
					"referenceName": "lscesdb",
					"type": "LinkedServiceReference"
				}
			},
			{
				"name": "acty_Sp_Insert_ControlAudit",
				"type": "SqlServerStoredProcedure",
				"dependsOn": [
					{
						"activity": "acty_Copy_Curated_Destination",
						"dependencyConditions": [
							"Succeeded"
						]
					}
				],
				"policy": {
					"timeout": "7.00:00:00",
					"retry": 0,
					"retryIntervalInSeconds": 30,
					"secureOutput": false,
					"secureInput": false
				},
				"userProperties": [],
				"typeProperties": {
					"storedProcedureName": "[CTL_CES_ADL_CONTROL].sp_Insert_ADF_ControlAuditData",
					"storedProcedureParameters": {
						"ActivityName": {
							"value": "acty_Copy_Curated_Destination",
							"type": "String"
						},
						"ADFName": {
							"value": {
								"value": "@pipeline().DataFactory",
								"type": "Expression"
							},
							"type": "String"
						},
						"CreatedBy": {
							"value": "CES",
							"type": "String"
						},
						"EndTime": {
							"value": {
								"value": "@utcnow()",
								"type": "Expression"
							},
							"type": "DateTime"
						},
						"Message": {
							"value": {
								"value": "Execution of curated file to destination table",
								"type": "Expression"
							},
							"type": "String"
						},
						"PipeLineName": {
							"value": {
								"value": "@pipeline().Pipeline",
								"type": "Expression"
							},
							"type": "String"
						},
						"PipeLineRunID": {
							"value": {
								"value": "@pipeline().RunId",
								"type": "Expression"
							},
							"type": "String"
						},
						"Rows_Transferred": {
							"value": null,
							"type": "Int64"
						},
						"StartTime": {
							"value": {
								"value": "@pipeline().TriggerTime",
								"type": "Expression"
							},
							"type": "DateTime"
						},
						"Status": {
							"value": "Success",
							"type": "String"
						},
						"TargetTable": {
							"value": null,
							"type": "String"
						},
						"TriggerType": {
							"value": {
								"value": "@pipeline().TriggerType",
								"type": "Expression"
							},
							"type": "String"
						}
					}
				},
				"linkedServiceName": {
					"referenceName": "lscesdb",
					"type": "LinkedServiceReference"
				}
			},
			{
				"name": "acty_Sp_Insert_ControlAudit_failed",
				"type": "SqlServerStoredProcedure",
				"dependsOn": [
					{
						"activity": "acty_Copy_Curated_Destination",
						"dependencyConditions": [
							"Failed"
						]
					}
				],
				"policy": {
					"timeout": "7.00:00:00",
					"retry": 0,
					"retryIntervalInSeconds": 30,
					"secureOutput": false,
					"secureInput": false
				},
				"userProperties": [],
				"typeProperties": {
					"storedProcedureName": "[CTL_CES_ADL_CONTROL].sp_Insert_ADF_ControlAuditData",
					"storedProcedureParameters": {
						"ActivityName": {
							"value": "acty_Copy_Curated_Destination",
							"type": "String"
						},
						"ADFName": {
							"value": {
								"value": "@pipeline().DataFactory",
								"type": "Expression"
							},
							"type": "String"
						},
						"CreatedBy": {
							"value": "CES",
							"type": "String"
						},
						"EndTime": {
							"value": {
								"value": "@utcnow()",
								"type": "Expression"
							},
							"type": "DateTime"
						},
						"Message": {
							"value": {
								"value": "Execution of curated file to destination table",
								"type": "Expression"
							},
							"type": "String"
						},
						"PipeLineName": {
							"value": {
								"value": "@pipeline().Pipeline",
								"type": "Expression"
							},
							"type": "String"
						},
						"PipeLineRunID": {
							"value": {
								"value": "@pipeline().RunId",
								"type": "Expression"
							},
							"type": "String"
						},
						"Rows_Transferred": {
							"value": null,
							"type": "Int64"
						},
						"StartTime": {
							"value": {
								"value": "@pipeline().TriggerTime",
								"type": "Expression"
							},
							"type": "DateTime"
						},
						"Status": {
							"value": "Failed",
							"type": "String"
						},
						"TargetTable": {
							"value": null,
							"type": "String"
						},
						"TriggerType": {
							"value": {
								"value": "@pipeline().TriggerType",
								"type": "Expression"
							},
							"type": "String"
						}
					}
				},
				"linkedServiceName": {
					"referenceName": "lscesdb",
					"type": "LinkedServiceReference"
				}
			}
		],
		"folder": {
			"name": "BRIDGE/RiskAssessmentMigration"
		},
		"annotations": []
	}
}