{
	"name": "ppl_ces_PostExamfiles_DefID_Gen_fail",
	"properties": {
		"activities": [
			{
				"name": "Lookupfilename",
				"type": "Lookup",
				"dependsOn": [],
				"policy": {
					"timeout": "7.00:00:00",
					"retry": 0,
					"retryIntervalInSeconds": 30,
					"secureOutput": false,
					"secureInput": false
				},
				"userProperties": [],
				"typeProperties": {
					"source": {
						"type": "AzureSqlSource",
						"sqlReaderQuery": {
							"value": "@concat('Select File_name from ces.File_process_log where File_name like ''',pipeline().parameters.Filename,'%''')",
							"type": "Expression"
						},
						"queryTimeout": "02:00:00",
						"partitionOption": "None"
					},
					"dataset": {
						"referenceName": "ds_sql_common_SQLQuery",
						"type": "DatasetReference"
					},
					"firstRowOnly": false
				}
			},
			{
				"name": "ForEach1",
				"type": "ForEach",
				"dependsOn": [
					{
						"activity": "Lookupfilename",
						"dependencyConditions": [
							"Succeeded"
						]
					}
				],
				"userProperties": [],
				"typeProperties": {
					"items": {
						"value": "@activity('Lookupfilename').output.value",
						"type": "Expression"
					},
					"activities": [
						{
							"name": "If Condition1",
							"type": "IfCondition",
							"dependsOn": [],
							"userProperties": [],
							"typeProperties": {
								"expression": {
									"value": "@equals(split(item().File_name,'.')[1],'xml')",
									"type": "Expression"
								},
								"ifFalseActivities": [
									{
										"name": "sp_File_Process_Log_JPG_PDF_Fail",
										"type": "SqlServerStoredProcedure",
										"dependsOn": [],
										"policy": {
											"timeout": "7.00:00:00",
											"retry": 0,
											"retryIntervalInSeconds": 30,
											"secureOutput": false,
											"secureInput": false
										},
										"userProperties": [],
										"typeProperties": {
											"storedProcedureName": "[CES].[sp_update_ADF_FILE_PROCESS_LOG]",
											"storedProcedureParameters": {
												"Error_Description": {
													"value": {
														"value": "Defect ID sequence Generation Failed",
														"type": "Expression"
													},
													"type": "String"
												},
												"Error_File_Location": {
													"value": null,
													"type": "String"
												},
												"File_Name": {
													"value": {
														"value": "@item().File_name",
														"type": "Expression"
													},
													"type": "String"
												},
												"File_Process_Date": {
													"value": {
														"value": "@utcnow()",
														"type": "Expression"
													},
													"type": "DateTime"
												},
												"File_Process_Status": {
													"value": "Failed",
													"type": "String"
												},
												"Source_File_Location": {
													"value": null,
													"type": "String"
												},
												"Updated_Date": {
													"value": {
														"value": "@utcnow()",
														"type": "Expression"
													},
													"type": "DateTime"
												},
												"Updated_User": {
													"value": "CES",
													"type": "String"
												}
											}
										},
										"linkedServiceName": {
											"referenceName": "lscesdb",
											"type": "LinkedServiceReference"
										}
									}
								],
								"ifTrueActivities": [
									{
										"name": "sp_update_FileProcess_Log_Def_ID_Fail",
										"type": "SqlServerStoredProcedure",
										"dependsOn": [],
										"policy": {
											"timeout": "7.00:00:00",
											"retry": 0,
											"retryIntervalInSeconds": 30,
											"secureOutput": false,
											"secureInput": false
										},
										"userProperties": [],
										"typeProperties": {
											"storedProcedureName": "[CES].[sp_update_ADF_FILE_PROCESS_LOG]",
											"storedProcedureParameters": {
												"ERROR_DESCRIPTION": {
													"value": "Defect_ID - sequence generation failed,Check the Azure Logs for detailed Error Description.",
													"type": "String"
												},
												"ERROR_FILE_LOCATION": {
													"value": null,
													"type": "String"
												},
												"FILE_NAME": {
													"value": {
														"value": "@item().File_name",
														"type": "Expression"
													},
													"type": "String"
												},
												"FILE_PROCESS_DATE": {
													"value": {
														"value": "@utcnow()",
														"type": "Expression"
													},
													"type": "DateTime"
												},
												"FILE_PROCESS_STATUS": {
													"value": "Failed",
													"type": "String"
												},
												"SOURCE_FILE_LOCATION": {
													"value": null,
													"type": "String"
												},
												"UPDATED_DATE": {
													"value": {
														"value": "@utcnow()",
														"type": "Expression"
													},
													"type": "DateTime"
												},
												"UPDATED_USER": {
													"value": {
														"value": "CES",
														"type": "Expression"
													},
													"type": "String"
												}
											}
										},
										"linkedServiceName": {
											"referenceName": "lscesdb",
											"type": "LinkedServiceReference"
										}
									}
								]
							}
						}
					]
				}
			}
		],
		"parameters": {
			"Filename": {
				"type": "string"
			}
		},
		"folder": {
			"name": "Post_Exam_Data"
		},
		"annotations": []
	}
}