{
	"name": "ppl_ces_Bridge_Exam_ObsUnderLoad_Arrival_Dest",
	"properties": {
		"activities": [
			{
				"name": "acty_Sp_Insert_ControlAudit",
				"type": "SqlServerStoredProcedure",
				"dependsOn": [
					{
						"activity": "acty_dataflow_Migrate_Raw_Dest",
						"dependencyConditions": [
							"Succeeded"
						]
					}
				],
				"policy": {
					"timeout": "7.00:00:00",
					"retry": 0,
					"retryIntervalInSeconds": 30,
					"secureOutput": false,
					"secureInput": false
				},
				"userProperties": [],
				"typeProperties": {
					"storedProcedureName": "[CTL_CES_ADL_CONTROL].sp_Insert_ADF_ControlAuditData",
					"storedProcedureParameters": {
						"ActivityName": {
							"value": "acty_copy_Arrival_raw",
							"type": "String"
						},
						"ADFName": {
							"value": {
								"value": "@pipeline().DataFactory",
								"type": "Expression"
							},
							"type": "String"
						},
						"CreatedBy": {
							"value": "CES",
							"type": "String"
						},
						"EndTime": {
							"value": {
								"value": "@utcnow()",
								"type": "Expression"
							},
							"type": "DateTime"
						},
						"Message": {
							"value": {
								"value": "Executing the Arrival of files in Raw layer from the stage ",
								"type": "Expression"
							},
							"type": "String"
						},
						"PipeLineName": {
							"value": {
								"value": "@pipeline().Pipeline",
								"type": "Expression"
							},
							"type": "String"
						},
						"PipeLineRunID": {
							"value": {
								"value": "@pipeline().RunId",
								"type": "Expression"
							},
							"type": "String"
						},
						"Rows_Transferred": {
							"value": null,
							"type": "Int64"
						},
						"StartTime": {
							"value": {
								"value": "@pipeline().TriggerTime",
								"type": "Expression"
							},
							"type": "DateTime"
						},
						"Status": {
							"value": "Success",
							"type": "String"
						},
						"TargetTable": {
							"value": null,
							"type": "String"
						},
						"TriggerType": {
							"value": {
								"value": "@pipeline().TriggerType",
								"type": "Expression"
							},
							"type": "String"
						}
					}
				},
				"linkedServiceName": {
					"referenceName": "lscesdb",
					"type": "LinkedServiceReference"
				}
			},
			{
				"name": "acty_Sp_Insert_ControlAudit_Failed",
				"type": "SqlServerStoredProcedure",
				"dependsOn": [
					{
						"activity": "acty_dataflow_Migrate_Raw_Dest",
						"dependencyConditions": [
							"Failed"
						]
					}
				],
				"policy": {
					"timeout": "7.00:00:00",
					"retry": 0,
					"retryIntervalInSeconds": 30,
					"secureOutput": false,
					"secureInput": false
				},
				"userProperties": [],
				"typeProperties": {
					"storedProcedureName": "[CTL_CES_ADL_CONTROL].sp_Insert_ADF_ControlAuditData",
					"storedProcedureParameters": {
						"ActivityName": {
							"value": "acty_copy_Arrival_raw",
							"type": "String"
						},
						"ADFName": {
							"value": {
								"value": "@pipeline().DataFactory",
								"type": "Expression"
							},
							"type": "String"
						},
						"CreatedBy": {
							"value": "CES",
							"type": "String"
						},
						"EndTime": {
							"value": {
								"value": "@utcnow()",
								"type": "Expression"
							},
							"type": "DateTime"
						},
						"Message": {
							"value": {
								"value": "Executing the Arrival of files in Raw layer from the stage ",
								"type": "Expression"
							},
							"type": "String"
						},
						"PipeLineName": {
							"value": {
								"value": "@pipeline().Pipeline",
								"type": "Expression"
							},
							"type": "String"
						},
						"PipeLineRunID": {
							"value": {
								"value": "@pipeline().RunId",
								"type": "Expression"
							},
							"type": "String"
						},
						"Rows_Transferred": {
							"value": null,
							"type": "Int64"
						},
						"StartTime": {
							"value": {
								"value": "@pipeline().TriggerTime",
								"type": "Expression"
							},
							"type": "DateTime"
						},
						"Status": {
							"value": "Failed",
							"type": "String"
						},
						"TargetTable": {
							"value": null,
							"type": "String"
						},
						"TriggerType": {
							"value": {
								"value": "@pipeline().TriggerType",
								"type": "Expression"
							},
							"type": "String"
						}
					}
				},
				"linkedServiceName": {
					"referenceName": "lscesdb",
					"type": "LinkedServiceReference"
				}
			},
			{
				"name": "acty_dataflow_Migrate_Raw_Dest",
				"type": "ExecuteDataFlow",
				"dependsOn": [
					{
						"activity": "acty_copy_common_Raw",
						"dependencyConditions": [
							"Succeeded"
						]
					}
				],
				"policy": {
					"timeout": "7.00:00:00",
					"retry": 0,
					"retryIntervalInSeconds": 30,
					"secureOutput": false,
					"secureInput": false
				},
				"userProperties": [],
				"typeProperties": {
					"dataflow": {
						"referenceName": "dataflow_ces_Bridge_ExamData_migration",
						"type": "DataFlowReference",
						"parameters": {
							"CuratedFileName": {
								"value": "'@{concat('CES_EXT_EXAM_DATA_TABLE_',formatDateTime(utcnow(),'yyyyMMdd'),'.parquet')}'",
								"type": "Expression"
							}
						},
						"datasetParameters": {
							"source1": {
								"FileSystem": {
									"value": "@pipeline().globalParameters.gp_DataLake_Container",
									"type": "Expression"
								},
								"FileDirectory": {
									"value": "@concat('ces-adls-data/Full/Raw/Bridge_ExamData/','YEAR-', formatDateTime(utcnow(),'yyyy'),\n'/MONTH-',formatDateTime(utcnow(),'MM'),'/DAY-',formatDateTime(utcnow(),'dd'))",
									"type": "Expression"
								},
								"FileName": {
									"value": "@concat('BRIDGE_EXT_EXAM_DATA_TABLE_',formatDateTime(utcnow(),'yyyyMMdd'),'.csv')",
									"type": "Expression"
								}
							},
							"sinkCurated": {
								"Directory": {
									"value": "@concat('ces-adls-data/Full/Curated/Bridge_ExamData/','YEAR-', formatDateTime(utcnow(),'yyyy'),\n'/MONTH-',formatDateTime(utcnow(),'MM'),'/DAY-',formatDateTime(utcnow(),'dd'))",
									"type": "Expression"
								},
								"FileSystem": {
									"value": "@pipeline().globalParameters.gp_DataLake_Container",
									"type": "Expression"
								}
							}
						}
					},
					"integrationRuntime": {
						"referenceName": "ir-uks-Azure-ii-civl0001",
						"type": "IntegrationRuntimeReference"
					},
					"traceLevel": "Coarse",
					"runConcurrently": true
				}
			},
			{
				"name": "acty_copy_common_Raw",
				"type": "Copy",
				"dependsOn": [],
				"policy": {
					"timeout": "7.00:00:00",
					"retry": 0,
					"retryIntervalInSeconds": 30,
					"secureOutput": false,
					"secureInput": false
				},
				"userProperties": [],
				"typeProperties": {
					"source": {
						"type": "BinarySource",
						"storeSettings": {
							"type": "AzureBlobFSReadSettings",
							"recursive": true
						},
						"formatSettings": {
							"type": "BinaryReadSettings"
						}
					},
					"sink": {
						"type": "BinarySink",
						"storeSettings": {
							"type": "AzureBlobFSWriteSettings"
						}
					},
					"enableStaging": false
				},
				"inputs": [
					{
						"referenceName": "ds_adlsgen2_binary_copy",
						"type": "DatasetReference",
						"parameters": {
							"FileSystem": {
								"value": "@pipeline().globalParameters.gp_DataLake_Container",
								"type": "Expression"
							},
							"DataDirectory": "ces-adls-common",
							"FileName": "EXT_EXAM_DATA_TABLE.csv"
						}
					}
				],
				"outputs": [
					{
						"referenceName": "ds_adlsgen2_binary_copy",
						"type": "DatasetReference",
						"parameters": {
							"FileSystem": {
								"value": "@pipeline().globalParameters.gp_DataLake_Container",
								"type": "Expression"
							},
							"DataDirectory": {
								"value": "@concat('ces-adls-data/Full/Raw/Bridge_ExamData/','YEAR-', formatDateTime(utcnow(),'yyyy'),\n'/MONTH-',formatDateTime(utcnow(),'MM'),'/DAY-',formatDateTime(utcnow(),'dd'))",
								"type": "Expression"
							},
							"FileName": {
								"value": "@concat('BRIDGE_EXT_EXAM_DATA_TABLE_',formatDateTime(utcnow(),'yyyyMMdd'),'.csv')",
								"type": "Expression"
							}
						}
					}
				]
			}
		],
		"folder": {
			"name": "BRIDGE/Exam"
		},
		"annotations": []
	}
}