{
	"name": "ppl_ces_Migration_Master",
	"properties": {
		"activities": [
			{
				"name": "Execute_ppl_ces_Migration_Ingestion",
				"type": "ExecutePipeline",
				"dependsOn": [],
				"userProperties": [],
				"typeProperties": {
					"pipeline": {
						"referenceName": "ppl_ces_Migration_Ingestion",
						"type": "PipelineReference"
					},
					"waitOnCompletion": true
				}
			},
			{
				"name": "ppl_ces_ReferenceValue_Migration",
				"type": "ExecutePipeline",
				"dependsOn": [
					{
						"activity": "Execute_ppl_ces_Migration_Ingestion",
						"dependencyConditions": [
							"Succeeded"
						]
					}
				],
				"userProperties": [],
				"typeProperties": {
					"pipeline": {
						"referenceName": "ppl_ces_ReferenceValue_Migration",
						"type": "PipelineReference"
					},
					"waitOnCompletion": true
				}
			},
			{
				"name": "ppl_ces_ELR_Migration",
				"type": "ExecutePipeline",
				"dependsOn": [
					{
						"activity": "ppl_ces_ReferenceValue_Migration",
						"dependencyConditions": [
							"Succeeded"
						]
					}
				],
				"userProperties": [],
				"typeProperties": {
					"pipeline": {
						"referenceName": "ppl_ces_ELR_Migration",
						"type": "PipelineReference"
					},
					"waitOnCompletion": true
				}
			},
			{
				"name": "ppl_ces_Asset_Migration",
				"type": "ExecutePipeline",
				"dependsOn": [
					{
						"activity": "ppl_ces_ELR_Migration",
						"dependencyConditions": [
							"Succeeded"
						]
					}
				],
				"userProperties": [],
				"typeProperties": {
					"pipeline": {
						"referenceName": "ppl_ces_Asset_Migration",
						"type": "PipelineReference"
					},
					"waitOnCompletion": true
				}
			},
			{
				"name": "ppl_ces_Exam_Migration",
				"type": "ExecutePipeline",
				"dependsOn": [
					{
						"activity": "ppl_ces_Exam_Group_Asset_Map_Migration_Master",
						"dependencyConditions": [
							"Succeeded"
						]
					}
				],
				"userProperties": [],
				"typeProperties": {
					"pipeline": {
						"referenceName": "ppl_ces_Exam_Migration",
						"type": "PipelineReference"
					},
					"waitOnCompletion": true
				}
			},
			{
				"name": "ppl_ces_Alarm_Migration_Master",
				"type": "ExecutePipeline",
				"dependsOn": [
					{
						"activity": "ppl_ces_PartNotExamined_Migration_Master",
						"dependencyConditions": [
							"Succeeded"
						]
					}
				],
				"userProperties": [],
				"typeProperties": {
					"pipeline": {
						"referenceName": "ppl_ces_Alarm_Migration_Master",
						"type": "PipelineReference"
					},
					"waitOnCompletion": true
				}
			},
			{
				"name": "ppl_ces_Recommendation_master",
				"type": "ExecutePipeline",
				"dependsOn": [
					{
						"activity": "ppl_ces_Alarm_Migration_Master",
						"dependencyConditions": [
							"Succeeded"
						]
					}
				],
				"userProperties": [],
				"typeProperties": {
					"pipeline": {
						"referenceName": "ppl_ces_Recommendation_Migration_Master",
						"type": "PipelineReference"
					},
					"waitOnCompletion": true
				}
			},
			{
				"name": "ppl_ces_Action_master",
				"type": "ExecutePipeline",
				"dependsOn": [
					{
						"activity": "ppl_ces_Recommendation_master",
						"dependencyConditions": [
							"Succeeded"
						]
					}
				],
				"userProperties": [],
				"typeProperties": {
					"pipeline": {
						"referenceName": "ppl_ces_Action_Migration_Master",
						"type": "PipelineReference"
					},
					"waitOnCompletion": true
				}
			},
			{
				"name": "ppl_ces_Compliance_Migration_Master",
				"type": "ExecutePipeline",
				"dependsOn": [
					{
						"activity": "ppl_ces_Action_master",
						"dependencyConditions": [
							"Succeeded"
						]
					}
				],
				"userProperties": [],
				"typeProperties": {
					"pipeline": {
						"referenceName": "ppl_ces_Compliance_Migration_Master",
						"type": "PipelineReference"
					},
					"waitOnCompletion": true
				}
			},
			{
				"name": "ppl_ces_Exam_Group_Migration_Master",
				"type": "ExecutePipeline",
				"dependsOn": [
					{
						"activity": "ppl_ces_Asset_Migration",
						"dependencyConditions": [
							"Succeeded"
						]
					}
				],
				"userProperties": [],
				"typeProperties": {
					"pipeline": {
						"referenceName": "ppl_ces_Exam_Group_Migration_Master",
						"type": "PipelineReference"
					},
					"waitOnCompletion": true
				}
			},
			{
				"name": "ppl_ces_Exam_Group_Asset_Map_Migration_Master",
				"type": "ExecutePipeline",
				"dependsOn": [
					{
						"activity": "ppl_ces_Exam_Group_Migration_Master",
						"dependencyConditions": [
							"Succeeded"
						]
					}
				],
				"userProperties": [],
				"typeProperties": {
					"pipeline": {
						"referenceName": "ppl_ces_Exam_Group_Asset_Map_Migration_Master",
						"type": "PipelineReference"
					},
					"waitOnCompletion": true
				}
			},
			{
				"name": "ppl_ces_PartNotExamined_Migration_Master",
				"type": "ExecutePipeline",
				"dependsOn": [
					{
						"activity": "ppl_ces_Exam_Migration",
						"dependencyConditions": [
							"Succeeded"
						]
					}
				],
				"userProperties": [],
				"typeProperties": {
					"pipeline": {
						"referenceName": "ppl_ces_PartNotExamined_Migration_Master",
						"type": "PipelineReference"
					},
					"waitOnCompletion": true
				}
			}
		],
		"folder": {
			"name": "CARRS/Migration/Orchestration"
		},
		"annotations": []
	}
}