{
	"name": "ppl_ces_RiskAssesmentStatus_Raw_Curated",
	"properties": {
		"activities": [
			{
				"name": "acty_dataflow_Tranformation_RiskAssessment",
				"type": "ExecuteDataFlow",
				"dependsOn": [
					{
						"activity": "LookupUserID",
						"dependencyConditions": [
							"Succeeded"
						]
					}
				],
				"policy": {
					"timeout": "7.00:00:00",
					"retry": 0,
					"retryIntervalInSeconds": 30,
					"secureOutput": false,
					"secureInput": false
				},
				"userProperties": [],
				"typeProperties": {
					"dataflow": {
						"referenceName": "dataflow_ces_RiskAssesmentStatus_Raw_Curated",
						"type": "DataFlowReference",
						"parameters": {
							"OutputFileName": {
								"value": "'@{concat(pipeline().parameters.CuratedFileName,'.parquet')}'",
								"type": "Expression"
							},
							"ErrorFileName": {
								"value": "'@{pipeline().parameters.ErrorFileName}'",
								"type": "Expression"
							},
							"User_ID": {
								"value": "'@{if(contains(activity('LookupUserID').output, 'firstRow'), activity('LookupUserID').output.firstRow.USER_ID, '')}'",
								"type": "Expression"
							}
						},
						"datasetParameters": {
							"SourceRiskAssesment": {
								"FileSystem": {
									"value": "@pipeline().parameters.Container",
									"type": "Expression"
								},
								"FileDirectory": {
									"value": "@concat(pipeline().parameters.RootDirectory,'/Raw/',pipeline().parameters.DateDirectory)",
									"type": "Expression"
								},
								"FileName": {
									"value": "@pipeline().parameters.RawFileName",
									"type": "Expression"
								},
								"SheetName": "RiskAssessment"
							},
							"DQSinkCurated": {
								"Directory": {
									"value": "@concat(pipeline().parameters.RootDirectory, '/Curated/', pipeline().parameters.DateDirectory)",
									"type": "Expression"
								},
								"FileSystem": {
									"value": "@pipeline().parameters.Container",
									"type": "Expression"
								}
							},
							"DQSinkError": {
								"FileDirectory": {
									"value": "@concat(pipeline().parameters.ErrorDirectory,'/',pipeline().parameters.DateDirectory)",
									"type": "Expression"
								},
								"FileSystem": {
									"value": "@pipeline().parameters.Container",
									"type": "Expression"
								}
							}
						}
					},
					"integrationRuntime": {
						"referenceName": "ir-uks-Azure-ii-civl0001",
						"type": "IntegrationRuntimeReference"
					},
					"traceLevel": "Coarse"
				}
			},
			{
				"name": "Set variable1",
				"type": "SetVariable",
				"dependsOn": [
					{
						"activity": "acty_dataflow_Tranformation_RiskAssessment",
						"dependencyConditions": [
							"Succeeded"
						]
					}
				],
				"userProperties": [],
				"typeProperties": {
					"variableName": "ErrorCount",
					"value": {
						"value": "@string(if(contains(activity('acty_dataflow_Tranformation_RiskAssessment').output.runStatus.metrics,'DQSinkError'),activity('acty_dataflow_Tranformation_RiskAssessment').output.runStatus.metrics.DQSinkError.rowsWritten,0))",
						"type": "Expression"
					}
				}
			},
			{
				"name": "If Condition1",
				"type": "IfCondition",
				"dependsOn": [
					{
						"activity": "Set variable1",
						"dependencyConditions": [
							"Succeeded"
						]
					}
				],
				"userProperties": [],
				"typeProperties": {
					"expression": {
						"value": "@equals(variables('ErrorCount'),'0')",
						"type": "Expression"
					},
					"ifFalseActivities": [
						{
							"name": "SPUpdateFileProcessingLog_Failure_Curated",
							"type": "SqlServerStoredProcedure",
							"dependsOn": [],
							"policy": {
								"timeout": "7.00:00:00",
								"retry": 0,
								"retryIntervalInSeconds": 30,
								"secureOutput": false,
								"secureInput": false
							},
							"userProperties": [],
							"typeProperties": {
								"storedProcedureName": "[CES].[sp_update_ADF_FILE_PROCESS_LOG]",
								"storedProcedureParameters": {
									"ERROR_DESCRIPTION": {
										"value": "Validation Failed in Risk Assessment Excel File. Refer Error file for more Information.",
										"type": "String"
									},
									"ERROR_FILE_LOCATION": {
										"value": {
											"value": "@concat(pipeline().parameters.FileURL,pipeline().parameters.ErrorDirectory,pipeline().parameters.DateDirectory,pipeline().parameters.ErrorFileName)",
											"type": "Expression"
										},
										"type": "String"
									},
									"FILE_NAME": {
										"value": {
											"value": "@pipeline().parameters.RawFileName",
											"type": "Expression"
										},
										"type": "String"
									},
									"FILE_PROCESS_DATE": {
										"value": {
											"value": "@utcnow()",
											"type": "Expression"
										},
										"type": "DateTime"
									},
									"FILE_PROCESS_STATUS": {
										"value": "Failed",
										"type": "String"
									},
									"SOURCE_FILE_LOCATION": {
										"value": "https://sacuksdevces0001.blob.core.windows.net/ces-adls/ces-adls-data/INC/Raw/TaskList/Amey/YEAR-2021/MONTH-01/DAY-20/CES_TaskList_Amey_20210120101123.xlsx",
										"type": "String"
									},
									"UPDATED_DATE": {
										"value": {
											"value": "@utcnow()",
											"type": "Expression"
										},
										"type": "DateTime"
									},
									"UPDATED_USER": {
										"value": {
											"value": "CES",
											"type": "Expression"
										},
										"type": "String"
									}
								}
							},
							"linkedServiceName": {
								"referenceName": "lscesdb",
								"type": "LinkedServiceReference"
							}
						}
					],
					"ifTrueActivities": [
						{
							"name": "acty_temp_copy_json",
							"type": "Copy",
							"dependsOn": [],
							"policy": {
								"timeout": "7.00:00:00",
								"retry": 0,
								"retryIntervalInSeconds": 30,
								"secureOutput": false,
								"secureInput": false
							},
							"userProperties": [],
							"typeProperties": {
								"source": {
									"type": "ParquetSource",
									"storeSettings": {
										"type": "AzureBlobFSReadSettings",
										"recursive": true,
										"enablePartitionDiscovery": false
									}
								},
								"sink": {
									"type": "JsonSink",
									"storeSettings": {
										"type": "AzureBlobFSWriteSettings"
									},
									"formatSettings": {
										"type": "JsonWriteSettings",
										"filePattern": "arrayOfObjects"
									}
								},
								"enableStaging": false
							},
							"inputs": [
								{
									"referenceName": "ds_adlsgen2_Common_parquet",
									"type": "DatasetReference",
									"parameters": {
										"FileSystem": {
											"value": "@pipeline().globalParameters.gp_DataLake_Container",
											"type": "Expression"
										},
										"Directory": {
											"value": "@concat(pipeline().parameters.RootDirectory,'/Curated/',pipeline().parameters.DateDirectory)",
											"type": "Expression"
										},
										"Filename": {
											"value": "@concat(pipeline().parameters.CuratedFileName,'.parquet')",
											"type": "Expression"
										}
									}
								}
							],
							"outputs": [
								{
									"referenceName": "ds_adlsgen2_json",
									"type": "DatasetReference",
									"parameters": {
										"Directory": {
											"value": "@concat(pipeline().parameters.RootDirectory,'/Curated/',pipeline().parameters.DateDirectory)",
											"type": "Expression"
										},
										"FileName": {
											"value": "@concat(pipeline().parameters.CuratedFileName,'.json')",
											"type": "Expression"
										}
									}
								}
							]
						},
						{
							"name": "acty_LookupJsondata",
							"type": "Lookup",
							"dependsOn": [
								{
									"activity": "acty_temp_copy_json",
									"dependencyConditions": [
										"Succeeded"
									]
								}
							],
							"policy": {
								"timeout": "7.00:00:00",
								"retry": 0,
								"retryIntervalInSeconds": 30,
								"secureOutput": false,
								"secureInput": false
							},
							"userProperties": [],
							"typeProperties": {
								"source": {
									"type": "JsonSource",
									"storeSettings": {
										"type": "AzureBlobFSReadSettings",
										"recursive": true,
										"enablePartitionDiscovery": false
									},
									"formatSettings": {
										"type": "JsonReadSettings"
									}
								},
								"dataset": {
									"referenceName": "ds_adlsgen2_json",
									"type": "DatasetReference",
									"parameters": {
										"Directory": {
											"value": "@concat(pipeline().parameters.RootDirectory,'/Curated/',pipeline().parameters.DateDirectory)",
											"type": "Expression"
										},
										"FileName": {
											"value": "@concat(pipeline().parameters.CuratedFileName,'.json')",
											"type": "Expression"
										}
									}
								},
								"firstRowOnly": false
							}
						},
						{
							"name": "acty_storedProc_Merge_Compliance",
							"type": "SqlServerStoredProcedure",
							"dependsOn": [
								{
									"activity": "acty_LookupJsondata",
									"dependencyConditions": [
										"Succeeded"
									]
								}
							],
							"policy": {
								"timeout": "7.00:00:00",
								"retry": 0,
								"retryIntervalInSeconds": 30,
								"secureOutput": false,
								"secureInput": false
							},
							"userProperties": [],
							"typeProperties": {
								"storedProcedureName": "[CES].[sp_Save_RiskAssessment_BulkUpload_ADF]",
								"storedProcedureParameters": {
									"Input_JSON": {
										"value": {
											"value": "@concat('',activity('acty_LookupJsondata').output.value,'')",
											"type": "Expression"
										},
										"type": "String"
									},
									"RISK_USER": {
										"value": {
											"value": "@if(contains(activity('LookupUserID').output, 'firstRow'), activity('LookupUserID').output.firstRow.USER_ID, '')",
											"type": "Expression"
										},
										"type": "String"
									}
								}
							},
							"linkedServiceName": {
								"referenceName": "lscesdb",
								"type": "LinkedServiceReference"
							}
						},
						{
							"name": "Delete1",
							"type": "Delete",
							"dependsOn": [
								{
									"activity": "acty_storedProc_Merge_Compliance",
									"dependencyConditions": [
										"Succeeded"
									]
								}
							],
							"policy": {
								"timeout": "7.00:00:00",
								"retry": 0,
								"retryIntervalInSeconds": 30,
								"secureOutput": false,
								"secureInput": false
							},
							"userProperties": [],
							"typeProperties": {
								"dataset": {
									"referenceName": "ds_adlsgen2_json",
									"type": "DatasetReference",
									"parameters": {
										"Directory": {
											"value": "@concat(pipeline().parameters.RootDirectory,'/Curated/',pipeline().parameters.DateDirectory)",
											"type": "Expression"
										},
										"FileName": {
											"value": "@concat(pipeline().parameters.CuratedFileName,'.json')",
											"type": "Expression"
										}
									}
								},
								"enableLogging": false,
								"storeSettings": {
									"type": "AzureBlobFSReadSettings",
									"recursive": true,
									"enablePartitionDiscovery": false
								}
							}
						},
						{
							"name": "SPUpdateFileProcessingLog_Curated",
							"type": "SqlServerStoredProcedure",
							"dependsOn": [
								{
									"activity": "acty_storedProc_Merge_Compliance",
									"dependencyConditions": [
										"Succeeded"
									]
								}
							],
							"policy": {
								"timeout": "7.00:00:00",
								"retry": 0,
								"retryIntervalInSeconds": 30,
								"secureOutput": false,
								"secureInput": false
							},
							"userProperties": [],
							"typeProperties": {
								"storedProcedureName": "[CES].[sp_update_ADF_FILE_PROCESS_LOG]",
								"storedProcedureParameters": {
									"ERROR_DESCRIPTION": {
										"value": null,
										"type": "String"
									},
									"ERROR_FILE_LOCATION": {
										"value": null,
										"type": "String"
									},
									"FILE_NAME": {
										"value": {
											"value": "@pipeline().parameters.RawFileName",
											"type": "Expression"
										},
										"type": "String"
									},
									"FILE_PROCESS_DATE": {
										"value": {
											"value": "@utcnow()",
											"type": "Expression"
										},
										"type": "DateTime"
									},
									"FILE_PROCESS_STATUS": {
										"value": "Succeeded",
										"type": "String"
									},
									"SOURCE_FILE_LOCATION": {
										"value": {
											"value": "@concat(pipeline().parameters.FileURL,pipeline().parameters.Container,'/',pipeline().parameters.RootDirectory,'/Raw/',pipeline().parameters.DateDirectory,pipeline().parameters.RawFileName)",
											"type": "Expression"
										},
										"type": "String"
									},
									"UPDATED_DATE": {
										"value": {
											"value": "@utcnow()",
											"type": "Expression"
										},
										"type": "DateTime"
									},
									"UPDATED_USER": {
										"value": {
											"value": "CES",
											"type": "Expression"
										},
										"type": "String"
									}
								}
							},
							"linkedServiceName": {
								"referenceName": "lscesdb",
								"type": "LinkedServiceReference"
							}
						},
						{
							"name": "SPUpdateFileProcessingLog_Curated_Failure",
							"type": "SqlServerStoredProcedure",
							"dependsOn": [
								{
									"activity": "acty_storedProc_Merge_Compliance",
									"dependencyConditions": [
										"Failed"
									]
								}
							],
							"policy": {
								"timeout": "7.00:00:00",
								"retry": 0,
								"retryIntervalInSeconds": 30,
								"secureOutput": false,
								"secureInput": false
							},
							"userProperties": [],
							"typeProperties": {
								"storedProcedureName": "[CES].[sp_update_ADF_FILE_PROCESS_LOG]",
								"storedProcedureParameters": {
									"ERROR_DESCRIPTION": {
										"value": "Failed to update the Curated records in SQL DB. For more information refer pipeline logs.",
										"type": "String"
									},
									"ERROR_FILE_LOCATION": {
										"value": null,
										"type": "String"
									},
									"FILE_NAME": {
										"value": {
											"value": "@pipeline().parameters.RawFileName",
											"type": "Expression"
										},
										"type": "String"
									},
									"FILE_PROCESS_DATE": {
										"value": {
											"value": "@utcnow()",
											"type": "Expression"
										},
										"type": "DateTime"
									},
									"FILE_PROCESS_STATUS": {
										"value": "Failed",
										"type": "String"
									},
									"SOURCE_FILE_LOCATION": {
										"value": {
											"value": "@concat(pipeline().parameters.FileURL,pipeline().parameters.Container,'/',pipeline().parameters.RootDirectory,'/Raw/',pipeline().parameters.DateDirectory,pipeline().parameters.RawFileName)",
											"type": "Expression"
										},
										"type": "String"
									},
									"UPDATED_DATE": {
										"value": {
											"value": "@utcnow()",
											"type": "Expression"
										},
										"type": "DateTime"
									},
									"UPDATED_USER": {
										"value": {
											"value": "CES",
											"type": "Expression"
										},
										"type": "String"
									}
								}
							},
							"linkedServiceName": {
								"referenceName": "lscesdb",
								"type": "LinkedServiceReference"
							}
						}
					]
				}
			},
			{
				"name": "SPUpdateFileProcessingLog_Failure",
				"type": "SqlServerStoredProcedure",
				"dependsOn": [
					{
						"activity": "acty_dataflow_Tranformation_RiskAssessment",
						"dependencyConditions": [
							"Failed"
						]
					}
				],
				"policy": {
					"timeout": "7.00:00:00",
					"retry": 0,
					"retryIntervalInSeconds": 30,
					"secureOutput": false,
					"secureInput": false
				},
				"userProperties": [],
				"typeProperties": {
					"storedProcedureName": "[CES].[sp_update_ADF_FILE_PROCESS_LOG]",
					"storedProcedureParameters": {
						"ERROR_DESCRIPTION": {
							"value": "Data Transformation Failed. Please look into Pipeline run logs.",
							"type": "String"
						},
						"ERROR_FILE_LOCATION": {
							"value": null,
							"type": "String"
						},
						"FILE_NAME": {
							"value": {
								"value": "@pipeline().parameters.RawFileName",
								"type": "Expression"
							},
							"type": "String"
						},
						"FILE_PROCESS_DATE": {
							"value": {
								"value": "@utcnow()",
								"type": "Expression"
							},
							"type": "DateTime"
						},
						"FILE_PROCESS_STATUS": {
							"value": "Failed",
							"type": "String"
						},
						"SOURCE_FILE_LOCATION": {
							"value": {
								"value": "@concat(pipeline().parameters.FileURL,pipeline().parameters.Container,pipeline().parameters.RootDirectory,'/Raw/',pipeline().parameters.DateDirectory,pipeline().parameters.RawFileName)",
								"type": "Expression"
							},
							"type": "String"
						},
						"UPDATED_DATE": {
							"value": {
								"value": "@utcnow()",
								"type": "Expression"
							},
							"type": "DateTime"
						},
						"UPDATED_USER": {
							"value": {
								"value": "CES",
								"type": "Expression"
							},
							"type": "String"
						}
					}
				},
				"linkedServiceName": {
					"referenceName": "lscesdb",
					"type": "LinkedServiceReference"
				}
			},
			{
				"name": "acty_Sp_Insert_ControlAudit",
				"type": "SqlServerStoredProcedure",
				"dependsOn": [
					{
						"activity": "acty_dataflow_Tranformation_RiskAssessment",
						"dependencyConditions": [
							"Succeeded"
						]
					}
				],
				"policy": {
					"timeout": "7.00:00:00",
					"retry": 0,
					"retryIntervalInSeconds": 30,
					"secureOutput": false,
					"secureInput": false
				},
				"userProperties": [],
				"typeProperties": {
					"storedProcedureName": "[CTL_CES_ADL_CONTROL].sp_Insert_ADF_ControlAuditData",
					"storedProcedureParameters": {
						"ActivityName": {
							"value": "acty_dataflow_Tranformation_TaskList",
							"type": "String"
						},
						"ADFName": {
							"value": {
								"value": "@pipeline().DataFactory",
								"type": "Expression"
							},
							"type": "String"
						},
						"CreatedBy": {
							"value": "CES",
							"type": "String"
						},
						"EndTime": {
							"value": {
								"value": "@utcnow()",
								"type": "Expression"
							},
							"type": "DateTime"
						},
						"Message": {
							"value": {
								"value": "Executing the file arrival from Raw to Curated layer",
								"type": "Expression"
							},
							"type": "String"
						},
						"PipeLineName": {
							"value": {
								"value": "@pipeline().Pipeline",
								"type": "Expression"
							},
							"type": "String"
						},
						"PipeLineRunID": {
							"value": {
								"value": "@pipeline().RunId",
								"type": "Expression"
							},
							"type": "String"
						},
						"Rows_Transferred": {
							"value": null,
							"type": "Int64"
						},
						"StartTime": {
							"value": {
								"value": "@pipeline().TriggerTime",
								"type": "Expression"
							},
							"type": "DateTime"
						},
						"Status": {
							"value": "Success",
							"type": "String"
						},
						"TargetTable": {
							"value": null,
							"type": "String"
						},
						"TriggerType": {
							"value": {
								"value": "@pipeline().TriggerType",
								"type": "Expression"
							},
							"type": "String"
						}
					}
				},
				"linkedServiceName": {
					"referenceName": "lscesdb",
					"type": "LinkedServiceReference"
				}
			},
			{
				"name": "acty_Sp_Insert_ControlAudit_Failed",
				"type": "SqlServerStoredProcedure",
				"dependsOn": [
					{
						"activity": "acty_dataflow_Tranformation_RiskAssessment",
						"dependencyConditions": [
							"Failed"
						]
					}
				],
				"policy": {
					"timeout": "7.00:00:00",
					"retry": 0,
					"retryIntervalInSeconds": 30,
					"secureOutput": false,
					"secureInput": false
				},
				"userProperties": [],
				"typeProperties": {
					"storedProcedureName": "[CTL_CES_ADL_CONTROL].sp_Insert_ADF_ControlAuditData",
					"storedProcedureParameters": {
						"ActivityName": {
							"value": "acty_dataflow_Tranformation_TaskList",
							"type": "String"
						},
						"ADFName": {
							"value": {
								"value": "@pipeline().DataFactory",
								"type": "Expression"
							},
							"type": "String"
						},
						"CreatedBy": {
							"value": "CES",
							"type": "String"
						},
						"EndTime": {
							"value": {
								"value": "@utcnow()",
								"type": "Expression"
							},
							"type": "DateTime"
						},
						"Message": {
							"value": {
								"value": "Executing the file arrival from Raw to Curated layer",
								"type": "Expression"
							},
							"type": "String"
						},
						"PipeLineName": {
							"value": {
								"value": "@pipeline().Pipeline",
								"type": "Expression"
							},
							"type": "String"
						},
						"PipeLineRunID": {
							"value": {
								"value": "@pipeline().RunId",
								"type": "Expression"
							},
							"type": "String"
						},
						"Rows_Transferred": {
							"value": null,
							"type": "Int64"
						},
						"StartTime": {
							"value": {
								"value": "@pipeline().TriggerTime",
								"type": "Expression"
							},
							"type": "DateTime"
						},
						"Status": {
							"value": "Failed",
							"type": "String"
						},
						"TargetTable": {
							"value": null,
							"type": "String"
						},
						"TriggerType": {
							"value": {
								"value": "@pipeline().TriggerType",
								"type": "Expression"
							},
							"type": "String"
						}
					}
				},
				"linkedServiceName": {
					"referenceName": "lscesdb",
					"type": "LinkedServiceReference"
				}
			},
			{
				"name": "LookupUserID",
				"type": "Lookup",
				"dependsOn": [],
				"policy": {
					"timeout": "7.00:00:00",
					"retry": 0,
					"retryIntervalInSeconds": 30,
					"secureOutput": false,
					"secureInput": false
				},
				"userProperties": [],
				"typeProperties": {
					"source": {
						"type": "AzureSqlSource",
						"sqlReaderQuery": {
							"value": "@concat('Select USER_ID from CES.FILE_PROCESS_LOG where FILE_NAME =','''',pipeline().parameters.RawFileName,'''')",
							"type": "Expression"
						},
						"queryTimeout": "02:00:00",
						"partitionOption": "None"
					},
					"dataset": {
						"referenceName": "ds_SQL_common_query",
						"type": "DatasetReference"
					}
				}
			}
		],
		"parameters": {
			"RawFileName": {
				"type": "string"
			},
			"CuratedFileName": {
				"type": "string"
			},
			"ErrorFileName": {
				"type": "string"
			},
			"Container": {
				"type": "string"
			},
			"RootDirectory": {
				"type": "string"
			},
			"DateDirectory": {
				"type": "string"
			},
			"FileURL": {
				"type": "string"
			},
			"ErrorDirectory": {
				"type": "string"
			}
		},
		"variables": {
			"ErrorCount": {
				"type": "String",
				"defaultValue": "0"
			}
		},
		"folder": {
			"name": "RiskAssesmentStatus"
		},
		"annotations": []
	}
}