{
	"name": "ppl_ces_Exam_Group_Asset_Map_Sync_Curated_Dest",
	"properties": {
		"activities": [
			{
				"name": "acty_temp_copy_json",
				"type": "Copy",
				"dependsOn": [],
				"policy": {
					"timeout": "7.00:00:00",
					"retry": 0,
					"retryIntervalInSeconds": 30,
					"secureOutput": false,
					"secureInput": false
				},
				"userProperties": [],
				"typeProperties": {
					"source": {
						"type": "ParquetSource",
						"storeSettings": {
							"type": "AzureBlobFSReadSettings",
							"recursive": true,
							"enablePartitionDiscovery": false
						}
					},
					"sink": {
						"type": "JsonSink",
						"storeSettings": {
							"type": "AzureBlobFSWriteSettings"
						},
						"formatSettings": {
							"type": "JsonWriteSettings",
							"filePattern": "arrayOfObjects"
						}
					},
					"enableStaging": false,
					"translator": {
						"type": "TabularTranslator",
						"mappings": [
							{
								"source": {
									"name": "ASSET_GUID",
									"type": "String"
								},
								"sink": {
									"path": "$['ASSET_GUID']"
								}
							},
							{
								"source": {
									"name": "DELETED_FLG",
									"type": "String"
								},
								"sink": {
									"path": "$['DELETED_FLG']"
								}
							},
							{
								"source": {
									"name": "EXAM_GROUP_SR_KEY",
									"type": "Decimal"
								},
								"sink": {
									"path": "$['EXAM_GROUP_SR_KEY']"
								}
							}
						]
					}
				},
				"inputs": [
					{
						"referenceName": "ds_adlsgen2_Common_parquet",
						"type": "DatasetReference",
						"parameters": {
							"FileSystem": {
								"value": "@pipeline().globalParameters.gp_DataLake_Container",
								"type": "Expression"
							},
							"Directory": {
								"value": "@concat('ces-adls-data/INC/Curated/Exam_Group_Element_Sync/YEAR-', formatDateTime(utcnow(),'yyyy'),'/MONTH-',formatDateTime(utcnow(),'MM'),'/DAY-',formatDateTime(utcnow(),'dd'),'/HOUR-',formatDateTime(utcnow(),'HH'))",
								"type": "Expression"
							},
							"Filename": {
								"value": "@concat('CES_Exam_Group_Element_Sync_',formatDateTime(utcnow(),'yyyyMMdd'),'.parquet')",
								"type": "Expression"
							}
						}
					}
				],
				"outputs": [
					{
						"referenceName": "ds_adlsgen2_json",
						"type": "DatasetReference",
						"parameters": {
							"Directory": {
								"value": "@concat('ces-adls-data/INC/Curated/Exam_Group_Element_Sync/YEAR-', formatDateTime(utcnow(),'yyyy'),'/MONTH-',formatDateTime(utcnow(),'MM'),'/DAY-',formatDateTime(utcnow(),'dd'),'/HOUR-',formatDateTime(utcnow(),'HH'))",
								"type": "Expression"
							},
							"FileName": {
								"value": "@concat('CES_Exam_Group_Element_Sync_',formatDateTime(utcnow(),'yyyyMMdd'),'.json')",
								"type": "Expression"
							}
						}
					}
				]
			},
			{
				"name": "acty_LookupJsondata",
				"type": "Lookup",
				"dependsOn": [
					{
						"activity": "acty_temp_copy_json",
						"dependencyConditions": [
							"Succeeded"
						]
					}
				],
				"policy": {
					"timeout": "7.00:00:00",
					"retry": 0,
					"retryIntervalInSeconds": 30,
					"secureOutput": false,
					"secureInput": false
				},
				"userProperties": [],
				"typeProperties": {
					"source": {
						"type": "JsonSource",
						"storeSettings": {
							"type": "AzureBlobFSReadSettings",
							"recursive": true,
							"enablePartitionDiscovery": false
						},
						"formatSettings": {
							"type": "JsonReadSettings"
						}
					},
					"dataset": {
						"referenceName": "ds_adlsgen2_json",
						"type": "DatasetReference",
						"parameters": {
							"Directory": {
								"value": "@concat('ces-adls-data/INC/Curated/Exam_Group_Element_Sync/YEAR-', formatDateTime(utcnow(),'yyyy'),'/MONTH-',formatDateTime(utcnow(),'MM'),'/DAY-',formatDateTime(utcnow(),'dd'),'/HOUR-',formatDateTime(utcnow(),'HH'))",
								"type": "Expression"
							},
							"FileName": {
								"value": "@concat('CES_Exam_Group_Element_Sync_',formatDateTime(utcnow(),'yyyyMMdd'),'.json')",
								"type": "Expression"
							}
						}
					},
					"firstRowOnly": false
				}
			},
			{
				"name": "acty_storedProc_Merge_Exam_Group",
				"type": "SqlServerStoredProcedure",
				"dependsOn": [
					{
						"activity": "acty_LookupJsondata",
						"dependencyConditions": [
							"Succeeded"
						]
					}
				],
				"policy": {
					"timeout": "7.00:00:00",
					"retry": 0,
					"retryIntervalInSeconds": 30,
					"secureOutput": false,
					"secureInput": false
				},
				"userProperties": [],
				"typeProperties": {
					"storedProcedureName": "[CES].[sp_Upsert_Exam_Group_Asset_Map_ADF]",
					"storedProcedureParameters": {
						"Input_JSON": {
							"value": {
								"value": "@concat('',activity('acty_LookupJsondata').output.value,'')",
								"type": "Expression"
							},
							"type": "String"
						}
					}
				},
				"linkedServiceName": {
					"referenceName": "lscesdb",
					"type": "LinkedServiceReference"
				}
			},
			{
				"name": "SPUpdateFileProcessingLog_Curated",
				"type": "SqlServerStoredProcedure",
				"dependsOn": [
					{
						"activity": "acty_storedProc_Merge_Exam_Group",
						"dependencyConditions": [
							"Succeeded"
						]
					}
				],
				"policy": {
					"timeout": "7.00:00:00",
					"retry": 0,
					"retryIntervalInSeconds": 30,
					"secureOutput": false,
					"secureInput": false
				},
				"userProperties": [],
				"typeProperties": {
					"storedProcedureName": "[CES].[sp_update_ADF_FILE_PROCESS_LOG]",
					"storedProcedureParameters": {
						"ERROR_DESCRIPTION": {
							"value": null,
							"type": "String"
						},
						"ERROR_FILE_LOCATION": {
							"value": null,
							"type": "String"
						},
						"FILE_NAME": {
							"value": null,
							"type": "String"
						},
						"FILE_PROCESS_DATE": {
							"value": {
								"value": "@utcnow()",
								"type": "Expression"
							},
							"type": "DateTime"
						},
						"FILE_PROCESS_STATUS": {
							"value": "Succeeded",
							"type": "String"
						},
						"SOURCE_FILE_LOCATION": {
							"value": null,
							"type": "String"
						},
						"UPDATED_DATE": {
							"value": {
								"value": "@utcnow()",
								"type": "Expression"
							},
							"type": "DateTime"
						},
						"UPDATED_USER": {
							"value": {
								"value": "CES",
								"type": "Expression"
							},
							"type": "String"
						}
					}
				},
				"linkedServiceName": {
					"referenceName": "lscesdb",
					"type": "LinkedServiceReference"
				}
			},
			{
				"name": "SPUpdateFileProcessingLog_Curated_Failure",
				"type": "SqlServerStoredProcedure",
				"dependsOn": [
					{
						"activity": "acty_storedProc_Merge_Exam_Group",
						"dependencyConditions": [
							"Failed"
						]
					}
				],
				"policy": {
					"timeout": "7.00:00:00",
					"retry": 0,
					"retryIntervalInSeconds": 30,
					"secureOutput": false,
					"secureInput": false
				},
				"userProperties": [],
				"typeProperties": {
					"storedProcedureName": "[CES].[sp_update_ADF_FILE_PROCESS_LOG]",
					"storedProcedureParameters": {
						"ERROR_DESCRIPTION": {
							"value": {
								"value": "Planned date upload ETL transformation failed. For more information refer pipeline logs.",
								"type": "Expression"
							},
							"type": "String"
						},
						"ERROR_FILE_LOCATION": {
							"value": null,
							"type": "String"
						},
						"FILE_NAME": {
							"value": null,
							"type": "String"
						},
						"FILE_PROCESS_DATE": {
							"value": {
								"value": "@utcnow()",
								"type": "Expression"
							},
							"type": "DateTime"
						},
						"FILE_PROCESS_STATUS": {
							"value": "Failed",
							"type": "String"
						},
						"SOURCE_FILE_LOCATION": {
							"value": null,
							"type": "String"
						},
						"UPDATED_DATE": {
							"value": {
								"value": "@utcnow()",
								"type": "Expression"
							},
							"type": "DateTime"
						},
						"UPDATED_USER": {
							"value": {
								"value": "CES",
								"type": "Expression"
							},
							"type": "String"
						}
					}
				},
				"linkedServiceName": {
					"referenceName": "lscesdb",
					"type": "LinkedServiceReference"
				}
			},
			{
				"name": "acty_update_IncrementalDate",
				"type": "SqlServerStoredProcedure",
				"dependsOn": [
					{
						"activity": "acty_storedProc_Merge_Exam_Group",
						"dependencyConditions": [
							"Succeeded"
						]
					}
				],
				"policy": {
					"timeout": "7.00:00:00",
					"retry": 0,
					"retryIntervalInSeconds": 30,
					"secureOutput": false,
					"secureInput": false
				},
				"userProperties": [],
				"typeProperties": {
					"storedProcedureName": "[CTL_CES_ADL_CONTROL].[sp_update_ADF_DataConfig]",
					"storedProcedureParameters": {
						"ConfigFunctionOperation": {
							"value": "Sync",
							"type": "String"
						},
						"IncrementalDate": {
							"value": {
								"value": "@pipeline().parameters.SyncTimeStamp",
								"type": "Expression"
							},
							"type": "DateTime"
						},
						"SourceTableName": {
							"value": "EXAM_GROUP_ELEMENT",
							"type": "String"
						}
					}
				},
				"linkedServiceName": {
					"referenceName": "lscesdb",
					"type": "LinkedServiceReference"
				}
			}
		],
		"parameters": {
			"SyncTimeStamp": {
				"type": "string"
			}
		},
		"folder": {
			"name": "CARRS/Synchronization/CuratedtoDestination"
		},
		"annotations": []
	}
}