{
	"name": "ppl_report_SP_update",
	"properties": {
		"activities": [
			{
				"name": "SP_Report_Update",
				"type": "SqlServerStoredProcedure",
				"dependsOn": [],
				"policy": {
					"timeout": "7.00:00:00",
					"retry": 0,
					"retryIntervalInSeconds": 30,
					"secureOutput": false,
					"secureInput": false
				},
				"userProperties": [],
				"typeProperties": {
					"storedProcedureName": "[CES].[sp_update_ADF_FILE_PROCESS_LOG_OUTBOUND]",
					"storedProcedureParameters": {
						"OutboundErrorDescription": {
							"value": "Test",
							"type": "String"
						},
						"OutboundFileName": {
							"value": "CES_ExamDataUpload_Atkins Rail_20200203123466",
							"type": "String"
						},
						"OutboundFileProcessDate": {
							"value": "2021-06-16 00:00:00.000",
							"type": "DateTime"
						},
						"OutboundFileProcessStatus": {
							"value": "Succeeded",
							"type": "String"
						}
					}
				},
				"linkedServiceName": {
					"referenceName": "lscesdb",
					"type": "LinkedServiceReference"
				}
			},
			{
				"name": "Copy Report",
				"type": "Copy",
				"dependsOn": [
					{
						"activity": "SP_Report_Update",
						"dependencyConditions": [
							"Succeeded"
						]
					}
				],
				"policy": {
					"timeout": "7.00:00:00",
					"retry": 0,
					"retryIntervalInSeconds": 30,
					"secureOutput": false,
					"secureInput": false
				},
				"userProperties": [],
				"typeProperties": {
					"source": {
						"type": "AzureSqlSource",
						"sqlReaderStoredProcedureName": "[CES].[sp_Report_ADF_FILE_PROCESS_LOG_OUTBOUND]",
						"storedProcedureParameters": {
							"OutboundFileProcessDate": {
								"type": "DateTime",
								"value": "2021-06-16 00:00:00.000"
							}
						},
						"queryTimeout": "02:00:00",
						"partitionOption": "None"
					},
					"sink": {
						"type": "DelimitedTextSink",
						"storeSettings": {
							"type": "AzureBlobFSWriteSettings"
						},
						"formatSettings": {
							"type": "DelimitedTextWriteSettings",
							"quoteAllText": true,
							"fileExtension": ".txt"
						}
					},
					"enableStaging": false,
					"translator": {
						"type": "TabularTranslator",
						"typeConversion": true,
						"typeConversionSettings": {
							"allowDataTruncation": true,
							"treatBooleanAsNumber": false
						}
					}
				},
				"inputs": [
					{
						"referenceName": "ds_SQL_common_query",
						"type": "DatasetReference"
					}
				],
				"outputs": [
					{
						"referenceName": "ds_adlsgen2_common_csv",
						"type": "DatasetReference",
						"parameters": {
							"FileSystem": "ces-adls",
							"FileDirectory": "ces-adls-data/Report",
							"FileName": "Report.csv"
						}
					}
				]
			}
		],
		"annotations": []
	}
}