{
	"name": "ppl_ces_PostExamfiles_Master",
	"properties": {
		"activities": [
			{
				"name": "SetPostExamRawDirectory",
				"type": "SetVariable",
				"dependsOn": [
					{
						"activity": "SetDateDirectory",
						"dependencyConditions": [
							"Succeeded"
						]
					}
				],
				"userProperties": [],
				"typeProperties": {
					"variableName": "PostExamRawDirectory",
					"value": {
						"value": "@concat('ces-adls-data/INC/Raw/PostExamDataRaw/',variables('DateDirectory'))",
						"type": "Expression"
					}
				}
			},
			{
				"name": "SetSupplierName",
				"type": "SetVariable",
				"dependsOn": [
					{
						"activity": "SetSuppArrvtime",
						"dependencyConditions": [
							"Succeeded"
						]
					}
				],
				"userProperties": [],
				"typeProperties": {
					"variableName": "SupplierName",
					"value": {
						"value": "@split(variables('TriggerFileName'),'_')[2]",
						"type": "Expression"
					}
				}
			},
			{
				"name": "SetSuppArrvtime",
				"type": "SetVariable",
				"dependsOn": [
					{
						"activity": "SetTriggerFileName",
						"dependencyConditions": [
							"Succeeded"
						]
					}
				],
				"userProperties": [],
				"typeProperties": {
					"variableName": "SupplierArrvTime",
					"value": {
						"value": "@split(variables('TriggerFileName'),'_')[3]",
						"type": "Expression"
					}
				}
			},
			{
				"name": "SetPostExamDataDirectory",
				"type": "SetVariable",
				"dependsOn": [
					{
						"activity": "SetPostExamRawDirectory",
						"dependencyConditions": [
							"Succeeded"
						]
					}
				],
				"userProperties": [],
				"typeProperties": {
					"variableName": "PostExamDirectory",
					"value": {
						"value": "@concat('ces-adls-data/INC/Raw/PostExamData/',variables('DateDirectory'))",
						"type": "Expression"
					}
				}
			},
			{
				"name": "SetDateDirectory",
				"type": "SetVariable",
				"dependsOn": [
					{
						"activity": "SetSupplierName",
						"dependencyConditions": [
							"Succeeded"
						]
					}
				],
				"userProperties": [],
				"typeProperties": {
					"variableName": "DateDirectory",
					"value": {
						"value": "@concat(variables('SupplierName'),'/YEAR-',substring(variables('SupplierArrvTime'),0,4),'/MONTH-',substring(variables('SupplierArrvTime'),4,2),'/DAY-',substring(variables('SupplierArrvTime'),6,2),'/HOUR-',substring(variables('SupplierArrvTime'),8,2),'/MINUTE-',substring(variables('SupplierArrvTime'),10,2),'/SECOND-',substring(variables('SupplierArrvTime'),12,2))",
						"type": "Expression"
					}
				}
			},
			{
				"name": "SetTriggerFileName",
				"type": "SetVariable",
				"dependsOn": [],
				"userProperties": [],
				"typeProperties": {
					"variableName": "TriggerFileName",
					"value": {
						"value": "@split(pipeline().parameters.triggeringFileName,'.')[0]",
						"type": "Expression"
					}
				}
			},
			{
				"name": "SetPostExamErrorDirectory",
				"type": "SetVariable",
				"dependsOn": [
					{
						"activity": "SetPostExamDataDirectory",
						"dependencyConditions": [
							"Succeeded"
						]
					}
				],
				"userProperties": [],
				"typeProperties": {
					"variableName": "PostExamErrorDirectory",
					"value": {
						"value": "@concat('ces-adls-error/INC/PostExamData/',variables('DateDirectory'))",
						"type": "Expression"
					}
				}
			},
			{
				"name": "COPYALL",
				"type": "Copy",
				"dependsOn": [
					{
						"activity": "SetPostExamErrorDirectory",
						"dependencyConditions": [
							"Succeeded"
						]
					}
				],
				"policy": {
					"timeout": "7.00:00:00",
					"retry": 0,
					"retryIntervalInSeconds": 30,
					"secureOutput": false,
					"secureInput": false
				},
				"userProperties": [],
				"typeProperties": {
					"source": {
						"type": "BinarySource",
						"storeSettings": {
							"type": "AzureBlobStorageReadSettings",
							"recursive": true,
							"deleteFilesAfterCompletion": false
						},
						"formatSettings": {
							"type": "BinaryReadSettings"
						}
					},
					"sink": {
						"type": "BinarySink",
						"storeSettings": {
							"type": "AzureBlobFSWriteSettings"
						}
					},
					"enableStaging": false
				},
				"inputs": [
					{
						"referenceName": "ds_filecopyall_blob",
						"type": "DatasetReference",
						"parameters": {
							"SourceDirectory": {
								"value": "@pipeline().parameters.triggeringFolderPath",
								"type": "Expression"
							}
						}
					}
				],
				"outputs": [
					{
						"referenceName": "ds_adlsgen2_get_postexamfiles",
						"type": "DatasetReference",
						"parameters": {
							"Directory": {
								"value": "@variables('PostExamRawDirectory')",
								"type": "Expression"
							},
							"Container": {
								"value": "@pipeline().globalParameters.gp_DataLake_Container",
								"type": "Expression"
							}
						}
					}
				]
			},
			{
				"name": "Deletetriggerfile",
				"type": "Delete",
				"dependsOn": [
					{
						"activity": "COPYALL",
						"dependencyConditions": [
							"Succeeded"
						]
					}
				],
				"policy": {
					"timeout": "7.00:00:00",
					"retry": 0,
					"retryIntervalInSeconds": 30,
					"secureOutput": false,
					"secureInput": false
				},
				"userProperties": [],
				"typeProperties": {
					"dataset": {
						"referenceName": "ds_adlsgen2_postexamdata_raw",
						"type": "DatasetReference",
						"parameters": {
							"Directory": {
								"value": "@variables('PostExamRawDirectory')",
								"type": "Expression"
							},
							"FileName": {
								"value": "@concat(variables('TriggerFileName'),'.txt')",
								"type": "Expression"
							}
						}
					},
					"enableLogging": false,
					"storeSettings": {
						"type": "AzureBlobFSReadSettings",
						"recursive": true,
						"enablePartitionDiscovery": false
					}
				}
			},
			{
				"name": "ExecutePostexam",
				"type": "ExecutePipeline",
				"dependsOn": [
					{
						"activity": "Deletetriggerfile",
						"dependencyConditions": [
							"Succeeded"
						]
					}
				],
				"userProperties": [],
				"typeProperties": {
					"pipeline": {
						"referenceName": "ppl_ces_PostExamfilesRaw_Validcheck",
						"type": "PipelineReference"
					},
					"waitOnCompletion": true,
					"parameters": {
						"PostExamRawDirectory": {
							"value": "@variables('PostExamRawDirectory')",
							"type": "Expression"
						},
						"PostExamDirectory": {
							"value": "@variables('PostExamDirectory')",
							"type": "Expression"
						},
						"FileName": {
							"value": "@variables('TriggerFileName')",
							"type": "Expression"
						},
						"TrigerringFolderpath": {
							"value": "@pipeline().parameters.triggeringFolderPath",
							"type": "Expression"
						},
						"CutaredFilesDirectory": {
							"value": "@concat('ces-adls-data/INC/Curated/PostExamData/',variables('DateDirectory'))",
							"type": "Expression"
						},
						"ErrorfileDirectory": {
							"value": "@variables('PostExamErrorDirectory')",
							"type": "Expression"
						},
						"Errorlog": {
							"value": "@variables('TriggerFileName')",
							"type": "Expression"
						},
						"Errorfilename": {
							"value": "@variables('TriggerFileName')",
							"type": "Expression"
						}
					}
				}
			},
			{
				"name": "ExecuteBlobCopy",
				"type": "ExecutePipeline",
				"dependsOn": [
					{
						"activity": "COPYALL",
						"dependencyConditions": [
							"Succeeded"
						]
					}
				],
				"userProperties": [],
				"typeProperties": {
					"pipeline": {
						"referenceName": "ppl_ces_Blob_Archive_common",
						"type": "PipelineReference"
					},
					"waitOnCompletion": false,
					"parameters": {
						"SupplierName": {
							"value": "@variables('SupplierName')",
							"type": "Expression"
						},
						"FolderName": "ExamDataUpload"
					}
				}
			},
			{
				"name": "sp_Update_FileProcess_Log_fail",
				"type": "SqlServerStoredProcedure",
				"dependsOn": [
					{
						"activity": "SetSuppArrvtime",
						"dependencyConditions": [
							"Failed"
						]
					},
					{
						"activity": "SetTriggerFileName",
						"dependencyConditions": [
							"Failed"
						]
					}
				],
				"policy": {
					"timeout": "7.00:00:00",
					"retry": 0,
					"retryIntervalInSeconds": 30,
					"secureOutput": false,
					"secureInput": false
				},
				"userProperties": [],
				"typeProperties": {
					"storedProcedureName": "[CES].[sp_update_ADF_FILE_PROCESS_LOG]",
					"storedProcedureParameters": {
						"Error_Description": {
							"value": "FileName does not match the Naming Rule",
							"type": "String"
						},
						"Error_File_Location": {
							"value": null,
							"type": "String"
						},
						"File_Name": {
							"value": {
								"value": "@pipeline().parameters.triggeringFileName",
								"type": "Expression"
							},
							"type": "String"
						},
						"File_Process_Date": {
							"value": {
								"value": "@utcnow()",
								"type": "Expression"
							},
							"type": "DateTime"
						},
						"File_Process_Status": {
							"value": "Failed",
							"type": "String"
						},
						"Source_File_Location": {
							"value": null,
							"type": "String"
						},
						"Updated_Date": {
							"value": {
								"value": "@utcnow()",
								"type": "Expression"
							},
							"type": "DateTime"
						},
						"Updated_User": {
							"value": "CES",
							"type": "String"
						}
					}
				},
				"linkedServiceName": {
					"referenceName": "lscesdb",
					"type": "LinkedServiceReference"
				}
			}
		],
		"parameters": {
			"triggeringFolderPath": {
				"type": "string",
				"defaultValue": "ces-func/Arrival/ExamDataUpload/AtkinsRail"
			},
			"triggeringFileName": {
				"type": "string",
				"defaultValue": "CES_ExamDataUpload_AtkinsRail_20210315031234.txt"
			}
		},
		"variables": {
			"PostExamRawDirectory": {
				"type": "String"
			},
			"SupplierName": {
				"type": "String"
			},
			"SupplierArrvTime": {
				"type": "String"
			},
			"PostExamDirectory": {
				"type": "String"
			},
			"DateDirectory": {
				"type": "String"
			},
			"TriggerFileName": {
				"type": "String"
			},
			"PostExamErrorDirectory": {
				"type": "String"
			},
			"FileName": {
				"type": "String"
			}
		},
		"folder": {
			"name": "Post_Exam_Data"
		},
		"annotations": []
	}
}