{
	"name": "ppl_ces_Exam_Sync_Update_Curated_Dest",
	"properties": {
		"activities": [
			{
				"name": "acty_Sp_Insert_ControlAudit",
				"type": "SqlServerStoredProcedure",
				"dependsOn": [
					{
						"activity": "acty_storedProc_Update_Exam",
						"dependencyConditions": [
							"Succeeded"
						]
					}
				],
				"policy": {
					"timeout": "7.00:00:00",
					"retry": 0,
					"retryIntervalInSeconds": 30,
					"secureOutput": false,
					"secureInput": false
				},
				"userProperties": [],
				"typeProperties": {
					"storedProcedureName": "[CTL_CES_ADL_CONTROL].sp_Insert_ADF_ControlAuditData",
					"storedProcedureParameters": {
						"ActivityName": {
							"value": "acty_storedProc_Update_Exam",
							"type": "String"
						},
						"ADFName": {
							"value": {
								"value": "@pipeline().DataFactory",
								"type": "Expression"
							},
							"type": "String"
						},
						"CreatedBy": {
							"value": "CES",
							"type": "String"
						},
						"EndTime": {
							"value": {
								"value": "@utcnow()",
								"type": "Expression"
							},
							"type": "DateTime"
						},
						"Message": {
							"value": {
								"value": "Loading the Exam update Curated data to target sql table",
								"type": "Expression"
							},
							"type": "String"
						},
						"PipeLineName": {
							"value": {
								"value": "@pipeline().Pipeline",
								"type": "Expression"
							},
							"type": "String"
						},
						"PipeLineRunID": {
							"value": {
								"value": "@pipeline().RunId",
								"type": "Expression"
							},
							"type": "String"
						},
						"Rows_Transferred": {
							"value": null,
							"type": "Int64"
						},
						"StartTime": {
							"value": {
								"value": "@pipeline().TriggerTime",
								"type": "Expression"
							},
							"type": "DateTime"
						},
						"Status": {
							"value": "Success",
							"type": "String"
						},
						"TargetTable": {
							"value": null,
							"type": "String"
						},
						"TriggerType": {
							"value": {
								"value": "@pipeline().TriggerType",
								"type": "Expression"
							},
							"type": "String"
						}
					}
				},
				"linkedServiceName": {
					"referenceName": "lscesdb",
					"type": "LinkedServiceReference"
				}
			},
			{
				"name": "acty_Sp_Insert_ControlAudit_Failed",
				"type": "SqlServerStoredProcedure",
				"dependsOn": [
					{
						"activity": "acty_storedProc_Update_Exam",
						"dependencyConditions": [
							"Failed"
						]
					}
				],
				"policy": {
					"timeout": "7.00:00:00",
					"retry": 0,
					"retryIntervalInSeconds": 30,
					"secureOutput": false,
					"secureInput": false
				},
				"userProperties": [],
				"typeProperties": {
					"storedProcedureName": "[CTL_CES_ADL_CONTROL].sp_Insert_ADF_ControlAuditData",
					"storedProcedureParameters": {
						"ActivityName": {
							"value": "acty_storedProc_Update_Exam",
							"type": "String"
						},
						"ADFName": {
							"value": {
								"value": "@pipeline().DataFactory",
								"type": "Expression"
							},
							"type": "String"
						},
						"CreatedBy": {
							"value": "CES",
							"type": "String"
						},
						"EndTime": {
							"value": {
								"value": "@utcnow()",
								"type": "Expression"
							},
							"type": "DateTime"
						},
						"Message": {
							"value": {
								"value": "Loading the Exam update Curated data to target sql table Failed",
								"type": "Expression"
							},
							"type": "String"
						},
						"PipeLineName": {
							"value": {
								"value": "@pipeline().Pipeline",
								"type": "Expression"
							},
							"type": "String"
						},
						"PipeLineRunID": {
							"value": {
								"value": "@pipeline().RunId",
								"type": "Expression"
							},
							"type": "String"
						},
						"Rows_Transferred": {
							"value": null,
							"type": "Int64"
						},
						"StartTime": {
							"value": {
								"value": "@pipeline().TriggerTime",
								"type": "Expression"
							},
							"type": "DateTime"
						},
						"Status": {
							"value": "Failed",
							"type": "String"
						},
						"TargetTable": {
							"value": null,
							"type": "String"
						},
						"TriggerType": {
							"value": {
								"value": "@pipeline().TriggerType",
								"type": "Expression"
							},
							"type": "String"
						}
					}
				},
				"linkedServiceName": {
					"referenceName": "lscesdb",
					"type": "LinkedServiceReference"
				}
			},
			{
				"name": "acty_storedProc_Update_Exam",
				"type": "SqlServerStoredProcedure",
				"dependsOn": [
					{
						"activity": "acty_temp_copy_staging",
						"dependencyConditions": [
							"Succeeded"
						]
					}
				],
				"policy": {
					"timeout": "7.00:00:00",
					"retry": 0,
					"retryIntervalInSeconds": 30,
					"secureOutput": false,
					"secureInput": false
				},
				"userProperties": [],
				"typeProperties": {
					"storedProcedureName": "[CES].[sp_Update_Exam_ADF]"
				},
				"linkedServiceName": {
					"referenceName": "lscesdb",
					"type": "LinkedServiceReference"
				}
			},
			{
				"name": "acty_temp_copy_staging",
				"type": "Copy",
				"dependsOn": [],
				"policy": {
					"timeout": "7.00:00:00",
					"retry": 0,
					"retryIntervalInSeconds": 30,
					"secureOutput": false,
					"secureInput": false
				},
				"userProperties": [],
				"typeProperties": {
					"source": {
						"type": "ParquetSource",
						"storeSettings": {
							"type": "AzureBlobFSReadSettings",
							"recursive": true,
							"enablePartitionDiscovery": false
						}
					},
					"sink": {
						"type": "AzureSqlSink",
						"preCopyScript": "TRUNCATE TABLE CES.EXAM_UPDATE_STG",
						"writeBehavior": "insert",
						"disableMetricsCollection": false
					},
					"enableStaging": false,
					"translator": {
						"type": "TabularTranslator",
						"mappings": [
							{
								"source": {
									"name": "EXAM_ID",
									"type": "Decimal"
								},
								"sink": {
									"name": "EXAM_ID",
									"type": "Decimal"
								}
							},
							{
								"source": {
									"name": "ASSET_GUID",
									"type": "String"
								},
								"sink": {
									"name": "ASSET_GUID",
									"type": "String"
								}
							},
							{
								"source": {
									"name": "EXAM_BASELINE_DATE",
									"type": "DateTime"
								},
								"sink": {
									"name": "EXAM_PLANNED_DATE",
									"type": "DateTime"
								}
							},
							{
								"source": {
									"name": "EXAM_REVIEW_DATE",
									"type": "DateTime"
								},
								"sink": {
									"name": "EXAM_REVIEW_DATE",
									"type": "DateTime"
								}
							},
							{
								"source": {
									"name": "EXAM_SIGNOFF_DATE",
									"type": "DateTime"
								},
								"sink": {
									"name": "EXAM_SIGNOFF_DATE",
									"type": "DateTime"
								}
							},
							{
								"source": {
									"name": "EXAM_TYPE_SR_KEY",
									"type": "Decimal"
								},
								"sink": {
									"name": "EXAM_TYPE_SR_KEY",
									"type": "Decimal"
								}
							},
							{
								"source": {
									"name": "EXAM_REQ_STATUS",
									"type": "Decimal"
								},
								"sink": {
									"name": "EXAM_REQ_STATUS",
									"type": "Decimal"
								}
							},
							{
								"source": {
									"name": "EXAM_REPORT_STATUS",
									"type": "Decimal"
								},
								"sink": {
									"name": "EXAM_REPORT_STATUS",
									"type": "Decimal"
								}
							},
							{
								"source": {
									"name": "EXAM_GROUP_SR_KEY",
									"type": "Decimal"
								},
								"sink": {
									"name": "EXAM_GROUP_SR_KEY",
									"type": "Decimal"
								}
							},
							{
								"source": {
									"name": "EXAM_REQUIREMENT",
									"type": "String"
								},
								"sink": {
									"name": "EXAM_REQUIREMENT",
									"type": "String"
								}
							},
							{
								"source": {
									"name": "DELETED_FLG",
									"type": "String"
								},
								"sink": {
									"name": "DELETED_FLG",
									"type": "String"
								}
							}
						]
					}
				},
				"inputs": [
					{
						"referenceName": "ds_adlsgen2_Common_parquet",
						"type": "DatasetReference",
						"parameters": {
							"FileSystem": {
								"value": "@pipeline().globalParameters.gp_DataLake_Container",
								"type": "Expression"
							},
							"Directory": {
								"value": "@concat(pipeline().parameters.CuratedStaticPath,pipeline().parameters.DatedFolder)",
								"type": "Expression"
							},
							"Filename": {
								"value": "@concat(pipeline().parameters.CuratedUpdateFileName,'.parquet')",
								"type": "Expression"
							}
						}
					}
				],
				"outputs": [
					{
						"referenceName": "ds_sql_Insert_Exam_Update_Stg",
						"type": "DatasetReference"
					}
				]
			}
		],
		"parameters": {
			"CuratedStaticPath": {
				"type": "string"
			},
			"DatedFolder": {
				"type": "string"
			},
			"CuratedUpdateFileName": {
				"type": "string"
			}
		},
		"folder": {
			"name": "CARRS/Synchronization/CuratedtoDestination"
		},
		"annotations": []
	}
}