{
	"name": "ppl_ces_Exam_Group_Sync_Raw_Curated",
	"properties": {
		"activities": [
			{
				"name": "acty_Sp_Insert_ControlAudit",
				"type": "SqlServerStoredProcedure",
				"dependsOn": [
					{
						"activity": "acty_Dataflow_Raw_Curated",
						"dependencyConditions": [
							"Succeeded"
						]
					}
				],
				"policy": {
					"timeout": "7.00:00:00",
					"retry": 0,
					"retryIntervalInSeconds": 30,
					"secureOutput": false,
					"secureInput": false
				},
				"userProperties": [],
				"typeProperties": {
					"storedProcedureName": "[CTL_CES_ADL_CONTROL].sp_Insert_ADF_ControlAuditData",
					"storedProcedureParameters": {
						"ActivityName": {
							"value": "acty_Dataflow_Raw_Curated",
							"type": "String"
						},
						"ADFName": {
							"value": {
								"value": "@pipeline().DataFactory",
								"type": "Expression"
							},
							"type": "String"
						},
						"CreatedBy": {
							"value": "CES",
							"type": "String"
						},
						"EndTime": {
							"value": {
								"value": "@utcnow()",
								"type": "Expression"
							},
							"type": "DateTime"
						},
						"Message": {
							"value": {
								"value": "@concat('Raw to Curated layer. Data Transformation and DQ rules applied to the data Asset Data')",
								"type": "Expression"
							},
							"type": "String"
						},
						"PipeLineName": {
							"value": {
								"value": "@pipeline().Pipeline",
								"type": "Expression"
							},
							"type": "String"
						},
						"PipeLineRunID": {
							"value": {
								"value": "@pipeline().RunId",
								"type": "Expression"
							},
							"type": "String"
						},
						"Rows_Transferred": {
							"value": null,
							"type": "Int64"
						},
						"StartTime": {
							"value": {
								"value": "@pipeline().TriggerTime",
								"type": "Expression"
							},
							"type": "DateTime"
						},
						"Status": {
							"value": "Success",
							"type": "String"
						},
						"TargetTable": {
							"value": null,
							"type": "String"
						},
						"TriggerType": {
							"value": {
								"value": "@pipeline().TriggerType",
								"type": "Expression"
							},
							"type": "String"
						}
					}
				},
				"linkedServiceName": {
					"referenceName": "lscesdb",
					"type": "LinkedServiceReference"
				}
			},
			{
				"name": "acty_Sp_Insert_ControlAudit_Failed",
				"type": "SqlServerStoredProcedure",
				"dependsOn": [
					{
						"activity": "acty_Dataflow_Raw_Curated",
						"dependencyConditions": [
							"Failed"
						]
					}
				],
				"policy": {
					"timeout": "7.00:00:00",
					"retry": 0,
					"retryIntervalInSeconds": 30,
					"secureOutput": false,
					"secureInput": false
				},
				"userProperties": [],
				"typeProperties": {
					"storedProcedureName": "[CTL_CES_ADL_CONTROL].sp_Insert_ADF_ControlAuditData",
					"storedProcedureParameters": {
						"ActivityName": {
							"value": "acty_Dataflow_Raw_Curated",
							"type": "String"
						},
						"ADFName": {
							"value": {
								"value": "@pipeline().DataFactory",
								"type": "Expression"
							},
							"type": "String"
						},
						"CreatedBy": {
							"value": "CES",
							"type": "String"
						},
						"EndTime": {
							"value": {
								"value": "@utcnow()",
								"type": "Expression"
							},
							"type": "DateTime"
						},
						"Message": {
							"value": {
								"value": "@concat('Raw to Curated layer. Data Transformation Failed, check Azure montinor for detailed logs.')",
								"type": "Expression"
							},
							"type": "String"
						},
						"PipeLineName": {
							"value": {
								"value": "@pipeline().Pipeline",
								"type": "Expression"
							},
							"type": "String"
						},
						"PipeLineRunID": {
							"value": {
								"value": "@pipeline().RunId",
								"type": "Expression"
							},
							"type": "String"
						},
						"Rows_Transferred": {
							"value": null,
							"type": "Int64"
						},
						"StartTime": {
							"value": {
								"value": "@pipeline().TriggerTime",
								"type": "Expression"
							},
							"type": "DateTime"
						},
						"Status": {
							"value": "Failed",
							"type": "String"
						},
						"TargetTable": {
							"value": null,
							"type": "String"
						},
						"TriggerType": {
							"value": {
								"value": "@pipeline().TriggerType",
								"type": "Expression"
							},
							"type": "String"
						}
					}
				},
				"linkedServiceName": {
					"referenceName": "lscesdb",
					"type": "LinkedServiceReference"
				}
			},
			{
				"name": "acty_Dataflow_Raw_Curated",
				"type": "ExecuteDataFlow",
				"dependsOn": [],
				"policy": {
					"timeout": "1.00:00:00",
					"retry": 0,
					"retryIntervalInSeconds": 30,
					"secureOutput": false,
					"secureInput": false
				},
				"userProperties": [],
				"typeProperties": {
					"dataflow": {
						"referenceName": "dataflow_ces_Exam_Group_Sync_Transformation",
						"type": "DataFlowReference",
						"datasetParameters": {
							"sourceExamGroup": {
								"FileSystem": {
									"value": "@pipeline().globalParameters.gp_DataLake_Container",
									"type": "Expression"
								},
								"Directory": {
									"value": "@concat('ces-adls-data/INC/Raw/Exam_Group_Sync/YEAR-', formatDateTime(utcnow(),'yyyy'),'/MONTH-',formatDateTime(utcnow(),'MM'),'/DAY-',formatDateTime(utcnow(),'dd'),'/HOUR-',formatDateTime(utcnow(),'HH'))",
									"type": "Expression"
								},
								"Filename": {
									"value": "@concat('CARRS_Exam_Group_Sync_',formatDateTime(utcnow(),'yyyyMMdd'),'.parquet')",
									"type": "Expression"
								}
							},
							"sinkcesExamGroup": {
								"Directory": {
									"value": "@concat('ces-adls-data/INC/Curated/Exam_Group_Sync/YEAR-', formatDateTime(utcnow(),'yyyy'),'/MONTH-',formatDateTime(utcnow(),'MM'),'/DAY-',formatDateTime(utcnow(),'dd'),'/HOUR-',formatDateTime(utcnow(),'HH'))",
									"type": "Expression"
								},
								"FileSystem": {
									"value": "@pipeline().globalParameters.gp_DataLake_Container",
									"type": "Expression"
								}
							},
							"sinkError": {
								"FileDirectory": {
									"value": "@concat('ces-adls-error/INC/Exam_Group_Sync/YEAR-', formatDateTime(utcnow(),'yyyy'),'/MONTH-',formatDateTime(utcnow(),'MM'),'/DAY-',formatDateTime(utcnow(),'dd'),'/HOUR-',formatDateTime(utcnow(),'HH'))",
									"type": "Expression"
								},
								"FileSystem": {
									"value": "@pipeline().globalParameters.gp_DataLake_Container",
									"type": "Expression"
								}
							}
						}
					},
					"integrationRuntime": {
						"referenceName": "ir-uks-Azure-ii-civl0001",
						"type": "IntegrationRuntimeReference"
					},
					"traceLevel": "Coarse"
				}
			}
		],
		"folder": {
			"name": "CARRS/Synchronization/RawtoCurated"
		},
		"annotations": []
	}
}