{
	"name": "ppl_ces_TaskList_Master",
	"properties": {
		"activities": [
			{
				"name": "SetSupplierName",
				"type": "SetVariable",
				"dependsOn": [],
				"userProperties": [],
				"typeProperties": {
					"variableName": "SupplierName",
					"value": {
						"value": "@split(pipeline().parameters.triggeringFileName,'_')[2]",
						"type": "Expression"
					}
				}
			},
			{
				"name": "ExecuteArrivalRaw",
				"type": "ExecutePipeline",
				"dependsOn": [
					{
						"activity": "SetDatedFolder",
						"dependencyConditions": [
							"Succeeded"
						]
					}
				],
				"userProperties": [],
				"typeProperties": {
					"pipeline": {
						"referenceName": "ppl_ces_TaskList_Arrival_Raw",
						"type": "PipelineReference"
					},
					"waitOnCompletion": true,
					"parameters": {
						"SourceFileName": {
							"value": "@pipeline().parameters.triggeringFileName",
							"type": "Expression"
						},
						"SourceDirectory": {
							"value": "@pipeline().parameters.triggeringFolderPath",
							"type": "Expression"
						},
						"DatedDirectory": {
							"value": "@variables('DateDirectory')",
							"type": "Expression"
						},
						"Container": {
							"value": "@variables('Container')",
							"type": "Expression"
						},
						"RootDirectory": {
							"value": "@variables('RootDirectory')",
							"type": "Expression"
						}
					}
				}
			},
			{
				"name": "ExecuteRawCurated",
				"type": "ExecutePipeline",
				"dependsOn": [
					{
						"activity": "ExecuteArrivalRaw",
						"dependencyConditions": [
							"Succeeded"
						]
					},
					{
						"activity": "fetchDatalakebaseURL",
						"dependencyConditions": [
							"Succeeded"
						]
					}
				],
				"userProperties": [],
				"typeProperties": {
					"pipeline": {
						"referenceName": "ppl_ces_TaskList_Raw_Curated",
						"type": "PipelineReference"
					},
					"waitOnCompletion": true,
					"parameters": {
						"RawFileName": {
							"value": "@pipeline().parameters.triggeringFileName",
							"type": "Expression"
						},
						"CuratedFileName": {
							"value": "@concat(split(pipeline().parameters.triggeringFileName,'.')[0],'.parquet')",
							"type": "Expression"
						},
						"ErrorFileName": {
							"value": "@concat(split(pipeline().parameters.triggeringFileName,'.')[0],'_Error.csv')",
							"type": "Expression"
						},
						"Container": {
							"value": "@variables('Container')",
							"type": "Expression"
						},
						"RootDirectory": {
							"value": "@variables('RootDirectory')",
							"type": "Expression"
						},
						"DateDirectory": {
							"value": "@variables('DateDirectory')",
							"type": "Expression"
						},
						"FileURL": {
							"value": "@activity('fetchDatalakebaseURL').output.value",
							"type": "Expression"
						},
						"ErrorDirectory": "ces-adls-error/INC"
					}
				}
			},
			{
				"name": "fetchDatalakebaseURL",
				"type": "WebActivity",
				"dependsOn": [],
				"policy": {
					"timeout": "7.00:00:00",
					"retry": 0,
					"retryIntervalInSeconds": 30,
					"secureOutput": true,
					"secureInput": false
				},
				"userProperties": [],
				"typeProperties": {
					"url": {
						"value": "@pipeline().globalParameters.gp_datalake_base_url",
						"type": "Expression"
					},
					"method": "GET",
					"linkedServices": [
						{
							"referenceName": "lsAzureKeyVault",
							"type": "LinkedServiceReference"
						}
					],
					"authentication": {
						"type": "MSI",
						"resource": "https://vault.azure.net"
					}
				}
			},
			{
				"name": "SetDatedFolder",
				"type": "SetVariable",
				"dependsOn": [
					{
						"activity": "SetSupplierName",
						"dependencyConditions": [
							"Succeeded"
						]
					}
				],
				"userProperties": [],
				"typeProperties": {
					"variableName": "DateDirectory",
					"value": {
						"value": "@concat('TaskListPlannedDateUpload/', variables('SupplierName'), '/YEAR-',formatDateTime(utcnow(),'yyyy'),'/MONTH-',formatDateTime(utcnow(),'MM'),'/DAY-',formatDateTime(utcnow(),'dd'))",
						"type": "Expression"
					}
				}
			},
			{
				"name": "Archive",
				"type": "Copy",
				"dependsOn": [
					{
						"activity": "ExecuteArrivalRaw",
						"dependencyConditions": [
							"Succeeded"
						]
					}
				],
				"policy": {
					"timeout": "7.00:00:00",
					"retry": 0,
					"retryIntervalInSeconds": 30,
					"secureOutput": false,
					"secureInput": false
				},
				"userProperties": [],
				"typeProperties": {
					"source": {
						"type": "BinarySource",
						"storeSettings": {
							"type": "AzureBlobStorageReadSettings",
							"recursive": false,
							"deleteFilesAfterCompletion": true
						},
						"formatSettings": {
							"type": "BinaryReadSettings"
						}
					},
					"sink": {
						"type": "BinarySink",
						"storeSettings": {
							"type": "AzureBlobStorageWriteSettings"
						}
					},
					"enableStaging": false
				},
				"inputs": [
					{
						"referenceName": "ds_adlsgen2_common_archive",
						"type": "DatasetReference",
						"parameters": {
							"FolderPath": {
								"value": "@pipeline().parameters.triggeringFolderPath",
								"type": "Expression"
							},
							"FileName": {
								"value": "@pipeline().parameters.triggeringFileName",
								"type": "Expression"
							}
						}
					}
				],
				"outputs": [
					{
						"referenceName": "ds_adlsgen2_common_archive",
						"type": "DatasetReference",
						"parameters": {
							"FolderPath": {
								"value": "@concat('ces-func/Archive/TaskListPlannedDateUpload/YEAR-', formatDateTime(utcnow(),'yyyy'),'/MONTH-',formatDateTime(utcnow(),'MM'),'/DAY-',formatDateTime(utcnow(),'dd'))",
								"type": "Expression"
							},
							"FileName": {
								"value": "@pipeline().parameters.triggeringFileName",
								"type": "Expression"
							}
						}
					}
				]
			}
		],
		"parameters": {
			"triggeringFileName": {
				"type": "string",
				"defaultValue": "CES_TaskListPlannedDateUpload_Amey Rail_1613620554742.xlsx"
			},
			"triggeringFolderPath": {
				"type": "string",
				"defaultValue": "ces-func/Arrival/"
			}
		},
		"variables": {
			"SupplierName": {
				"type": "String"
			},
			"RootDirectory": {
				"type": "String",
				"defaultValue": "ces-adls-data/INC"
			},
			"DateDirectory": {
				"type": "String"
			},
			"Container": {
				"type": "String",
				"defaultValue": "ces-adls"
			}
		},
		"folder": {
			"name": "TaskList"
		},
		"annotations": []
	}
}