{
	"name": "ppl_delete_Exam_Data",
	"properties": {
		"activities": [
			{
				"name": "Get Metadata Full",
				"type": "GetMetadata",
				"dependsOn": [
					{
						"activity": "Set Year",
						"dependencyConditions": [
							"Succeeded"
						]
					},
					{
						"activity": "Set Month",
						"dependencyConditions": [
							"Succeeded"
						]
					},
					{
						"activity": "Set Day",
						"dependencyConditions": [
							"Succeeded"
						]
					}
				],
				"policy": {
					"timeout": "7.00:00:00",
					"retry": 0,
					"retryIntervalInSeconds": 30,
					"secureOutput": false,
					"secureInput": false
				},
				"userProperties": [],
				"typeProperties": {
					"dataset": {
						"referenceName": "ds_archive_blob_Foldername",
						"type": "DatasetReference",
						"parameters": {
							"Path": {
								"value": "@concat('ces-func/CIVIL_EXAMS_TO_NR/Archival/carrs_reports/ReadyToSend/',variables('Year'),'/',variables('Month'),'/',variables('Day'))",
								"type": "Expression"
							}
						}
					},
					"fieldList": [
						"exists"
					],
					"storeSettings": {
						"type": "AzureBlobStorageReadSettings",
						"enablePartitionDiscovery": false
					},
					"formatSettings": {
						"type": "BinaryReadSettings"
					}
				}
			},
			{
				"name": "Set Year",
				"type": "SetVariable",
				"dependsOn": [
					{
						"activity": "Set Date",
						"dependencyConditions": [
							"Succeeded"
						]
					}
				],
				"userProperties": [],
				"typeProperties": {
					"variableName": "Year",
					"value": {
						"value": "@concat('YEAR-',substring(variables('Date'),4,4))",
						"type": "Expression"
					}
				}
			},
			{
				"name": "Set Month",
				"type": "SetVariable",
				"dependsOn": [
					{
						"activity": "Set Date",
						"dependencyConditions": [
							"Succeeded"
						]
					}
				],
				"userProperties": [],
				"typeProperties": {
					"variableName": "Month",
					"value": {
						"value": "@concat('MONTH-',substring(variables('Date'),2,2))",
						"type": "Expression"
					}
				}
			},
			{
				"name": "Set Day",
				"type": "SetVariable",
				"dependsOn": [
					{
						"activity": "Set Date",
						"dependencyConditions": [
							"Succeeded"
						]
					}
				],
				"userProperties": [],
				"typeProperties": {
					"variableName": "Day",
					"value": {
						"value": "@concat('DAY-',substring(variables('Date'),0,2))",
						"type": "Expression"
					}
				}
			},
			{
				"name": "Set Date",
				"type": "SetVariable",
				"dependsOn": [],
				"userProperties": [],
				"typeProperties": {
					"variableName": "Date",
					"value": {
						"value": "@concat(formatDateTime(addtotime(utcnow(),-23,'Day'),'ddMMyyyy'))",
						"type": "Expression"
					}
				}
			},
			{
				"name": "If Condition Full",
				"type": "IfCondition",
				"dependsOn": [
					{
						"activity": "Get Metadata Full",
						"dependencyConditions": [
							"Succeeded"
						]
					}
				],
				"userProperties": [],
				"typeProperties": {
					"expression": {
						"value": "@and(activity('Get Metadata Full').output.exists,lessOrEquals(split(variables('Month'),'-')[1],'11'))",
						"type": "Expression"
					},
					"ifFalseActivities": [
						{
							"name": "DeleteYear Full",
							"type": "Delete",
							"dependsOn": [],
							"policy": {
								"timeout": "7.00:00:00",
								"retry": 0,
								"retryIntervalInSeconds": 30,
								"secureOutput": false,
								"secureInput": false
							},
							"userProperties": [],
							"typeProperties": {
								"dataset": {
									"referenceName": "ds_archive_blob_sink",
									"type": "DatasetReference",
									"parameters": {
										"FileSystem": {
											"value": "ces-func",
											"type": "Expression"
										},
										"FileDirectory": {
											"value": "@concat('CIVIL_EXAMS_TO_NR/Archival/carrs_reports/ReadyToSend/',variables('Year'))",
											"type": "Expression"
										}
									}
								},
								"enableLogging": false,
								"storeSettings": {
									"type": "AzureBlobStorageReadSettings",
									"recursive": true,
									"enablePartitionDiscovery": false
								}
							}
						}
					],
					"ifTrueActivities": [
						{
							"name": "Delete Full",
							"type": "Delete",
							"dependsOn": [],
							"policy": {
								"timeout": "7.00:00:00",
								"retry": 0,
								"retryIntervalInSeconds": 30,
								"secureOutput": false,
								"secureInput": false
							},
							"userProperties": [],
							"typeProperties": {
								"dataset": {
									"referenceName": "ds_archive_blob_sink",
									"type": "DatasetReference",
									"parameters": {
										"FileSystem": {
											"value": "ces-func",
											"type": "Expression"
										},
										"FileDirectory": {
											"value": "@concat('CIVIL_EXAMS_TO_NR/Archival/carrs_reports/ReadyToSend/',variables('Year'),'/',variables('Month'),'/',variables('Day'))",
											"type": "Expression"
										}
									}
								},
								"enableLogging": false,
								"storeSettings": {
									"type": "AzureBlobStorageReadSettings",
									"recursive": true,
									"enablePartitionDiscovery": false
								}
							}
						}
					]
				}
			}
		],
		"variables": {
			"name": {
				"type": "String"
			},
			"Year": {
				"type": "String"
			},
			"Month": {
				"type": "String"
			},
			"Day": {
				"type": "String"
			},
			"Date": {
				"type": "String"
			}
		},
		"folder": {
			"name": "BackupandRetension"
		},
		"annotations": []
	}
}