{
	"name": "ppl_ces_Sync_Source_Stage",
	"properties": {
		"activities": [
			{
				"name": "acty_lkp_get_dataConfigTable",
				"type": "Lookup",
				"dependsOn": [],
				"policy": {
					"timeout": "7.00:00:00",
					"retry": 2,
					"retryIntervalInSeconds": 5,
					"secureOutput": false,
					"secureInput": false
				},
				"userProperties": [],
				"typeProperties": {
					"source": {
						"type": "AzureSqlSource",
						"sqlReaderQuery": "Select * from [CTL_CES_ADL_CONTROL].[DATA_CONFIGURATION]  WHERE ConfigGroupName = 'CarrsMain' AND ConfigFunctionOperation = 'Sync'",
						"queryTimeout": "02:00:00",
						"partitionOption": "None"
					},
					"dataset": {
						"referenceName": "ds_sql_common_SQLQuery",
						"type": "DatasetReference"
					},
					"firstRowOnly": false
				}
			},
			{
				"name": "acty_ForEach_Source_Stage",
				"type": "ForEach",
				"dependsOn": [
					{
						"activity": "acty_lkp_get_dataConfigTable",
						"dependencyConditions": [
							"Succeeded"
						]
					}
				],
				"userProperties": [],
				"typeProperties": {
					"items": {
						"value": "@activity('acty_lkp_get_dataConfigTable').output.value",
						"type": "Expression"
					},
					"isSequential": false,
					"batchCount": 10,
					"activities": [
						{
							"name": "ppl_ces_Asset_Sync_Copy",
							"type": "ExecutePipeline",
							"dependsOn": [],
							"userProperties": [],
							"typeProperties": {
								"pipeline": {
									"referenceName": "ppl_ces_Sync_Stage_Copy",
									"type": "PipelineReference"
								},
								"waitOnCompletion": true,
								"parameters": {
									"FileSystem": "ces-adls-stage",
									"Directory": "INC/Carrs",
									"FileName": {
										"value": "@concat(item().FileName,'.parquet')",
										"type": "Expression"
									},
									"SourceTableName": {
										"value": "@item().SourceTableName",
										"type": "Expression"
									},
									"FlagColumnName": {
										"value": "@item().FlagColumnName",
										"type": "Expression"
									},
									"FlagColumnValue": {
										"value": "@item().FlagColumnValue",
										"type": "Expression"
									},
									"IncrementalColumnName": {
										"value": "@item().IncrementalColumnName",
										"type": "Expression"
									},
									"IncrementalDate": {
										"value": "@formatDateTime(item().IncrementalDate, 'yyyy-MM-dd HH:mm:ss')",
										"type": "Expression"
									},
									"SqlQuery": {
										"value": "@item().SqlQuery",
										"type": "Expression"
									},
									"SyncTimeStamp": {
										"value": "@pipeline().parameters.SyncTimeStamp",
										"type": "Expression"
									}
								}
							}
						}
					]
				}
			},
			{
				"name": "acty_Sp_Insert_ControlAudit",
				"type": "SqlServerStoredProcedure",
				"dependsOn": [
					{
						"activity": "acty_lkp_get_dataConfigTable",
						"dependencyConditions": [
							"Succeeded"
						]
					}
				],
				"policy": {
					"timeout": "7.00:00:00",
					"retry": 0,
					"retryIntervalInSeconds": 30,
					"secureOutput": false,
					"secureInput": false
				},
				"userProperties": [],
				"typeProperties": {
					"storedProcedureName": "[CTL_CES_ADL_CONTROL].sp_Insert_ADF_ControlAuditData",
					"storedProcedureParameters": {
						"ActivityName": {
							"value": "acty_lkp_get_dataConfigTable",
							"type": "String"
						},
						"ADFName": {
							"value": {
								"value": "@pipeline().DataFactory",
								"type": "Expression"
							},
							"type": "String"
						},
						"CreatedBy": {
							"value": "CES",
							"type": "String"
						},
						"EndTime": {
							"value": {
								"value": "@utcnow()",
								"type": "Expression"
							},
							"type": "DateTime"
						},
						"Message": {
							"value": "Fetching the Configuration table for Synchronization Framework",
							"type": "String"
						},
						"PipeLineName": {
							"value": {
								"value": "@pipeline().Pipeline",
								"type": "Expression"
							},
							"type": "String"
						},
						"PipeLineRunID": {
							"value": {
								"value": "@pipeline().RunId",
								"type": "Expression"
							},
							"type": "String"
						},
						"Rows_Transferred": {
							"value": {
								"value": "@activity('acty_lkp_get_dataConfigTable').output.count",
								"type": "Expression"
							},
							"type": "Int64"
						},
						"StartTime": {
							"value": {
								"value": "@pipeline().TriggerTime",
								"type": "Expression"
							},
							"type": "DateTime"
						},
						"Status": {
							"value": "Success",
							"type": "String"
						},
						"TargetTable": {
							"value": null,
							"type": "String"
						},
						"TriggerType": {
							"value": {
								"value": "@pipeline().TriggerType",
								"type": "Expression"
							},
							"type": "String"
						}
					}
				},
				"linkedServiceName": {
					"referenceName": "lscesdb",
					"type": "LinkedServiceReference"
				}
			},
			{
				"name": "acty_Sp_Insert_ControlAudit_Failed",
				"type": "SqlServerStoredProcedure",
				"dependsOn": [
					{
						"activity": "acty_lkp_get_dataConfigTable",
						"dependencyConditions": [
							"Failed"
						]
					}
				],
				"policy": {
					"timeout": "7.00:00:00",
					"retry": 0,
					"retryIntervalInSeconds": 30,
					"secureOutput": false,
					"secureInput": false
				},
				"userProperties": [],
				"typeProperties": {
					"storedProcedureName": "[CTL_CES_ADL_CONTROL].sp_Insert_ADF_ControlAuditData",
					"storedProcedureParameters": {
						"ActivityName": {
							"value": "acty_lkp_get_dataConfigTable",
							"type": "String"
						},
						"ADFName": {
							"value": {
								"value": "@pipeline().DataFactory",
								"type": "Expression"
							},
							"type": "String"
						},
						"CreatedBy": {
							"value": "CES",
							"type": "String"
						},
						"EndTime": {
							"value": {
								"value": "@utcnow()",
								"type": "Expression"
							},
							"type": "DateTime"
						},
						"Message": {
							"value": "Fetching the Configuration table for Synchronization Framework Failed",
							"type": "String"
						},
						"PipeLineName": {
							"value": {
								"value": "@pipeline().Pipeline",
								"type": "Expression"
							},
							"type": "String"
						},
						"PipeLineRunID": {
							"value": {
								"value": "@pipeline().RunId",
								"type": "Expression"
							},
							"type": "String"
						},
						"Rows_Transferred": {
							"value": {
								"value": "@activity('acty_lkp_get_dataConfigTable').output.count",
								"type": "Expression"
							},
							"type": "Int64"
						},
						"StartTime": {
							"value": {
								"value": "@pipeline().TriggerTime",
								"type": "Expression"
							},
							"type": "DateTime"
						},
						"Status": {
							"value": "Failed",
							"type": "String"
						},
						"TargetTable": {
							"value": null,
							"type": "String"
						},
						"TriggerType": {
							"value": {
								"value": "@pipeline().TriggerType",
								"type": "Expression"
							},
							"type": "String"
						}
					}
				},
				"linkedServiceName": {
					"referenceName": "lscesdb",
					"type": "LinkedServiceReference"
				}
			}
		],
		"parameters": {
			"SyncTimeStamp": {
				"type": "string"
			}
		},
		"folder": {
			"name": "CARRS/Synchronization/SourcetoStage"
		},
		"annotations": []
	}
}