{
	"name": "ppl_ces_Compliance_Sync_Raw_Curated",
	"properties": {
		"activities": [
			{
				"name": "acty_dataflow_Tranformation_Compliance",
				"type": "ExecuteDataFlow",
				"dependsOn": [],
				"policy": {
					"timeout": "7.00:00:00",
					"retry": 0,
					"retryIntervalInSeconds": 30,
					"secureOutput": false,
					"secureInput": false
				},
				"userProperties": [],
				"typeProperties": {
					"dataflow": {
						"referenceName": "dataflow_ces_Compliance_Sync_Transform",
						"type": "DataFlowReference",
						"parameters": {
							"CuratedFileName": {
								"value": "'@{concat(pipeline().parameters.CuratedFileName,'.parquet')}'",
								"type": "Expression"
							},
							"CuratedErrorFileName": {
								"value": "'@{concat(pipeline().parameters.CuratedFileName,'_Error.csv')}'",
								"type": "Expression"
							}
						},
						"datasetParameters": {
							"CarrsElementExamTypeCompliance": {
								"FileSystem": {
									"value": "@pipeline().globalParameters.gp_DataLake_Container",
									"type": "Expression"
								},
								"Directory": {
									"value": "@concat(pipeline().parameters.RawStaticPath,pipeline().parameters.DatedFolder)",
									"type": "Expression"
								},
								"Filename": {
									"value": "@pipeline().parameters.RawFileName",
									"type": "Expression"
								}
							},
							"SinkError": {
								"Directory": {
									"value": "@concat(pipeline().parameters.CuratedErrorStaticPath,pipeline().parameters.DatedFolder)",
									"type": "Expression"
								},
								"FileSystem": {
									"value": "@pipeline().globalParameters.gp_DataLake_Container",
									"type": "Expression"
								}
							}
						}
					},
					"integrationRuntime": {
						"referenceName": "ir-uks-Azure-ii-civl0001",
						"type": "IntegrationRuntimeReference"
					},
					"traceLevel": "Coarse"
				}
			},
			{
				"name": "acty_sp_Insert_FileMetadata",
				"type": "SqlServerStoredProcedure",
				"dependsOn": [
					{
						"activity": "acty_dataflow_Tranformation_Compliance",
						"dependencyConditions": [
							"Succeeded"
						]
					}
				],
				"policy": {
					"timeout": "7.00:00:00",
					"retry": 0,
					"retryIntervalInSeconds": 30,
					"secureOutput": false,
					"secureInput": false
				},
				"userProperties": [],
				"typeProperties": {
					"storedProcedureName": "[CTL_CES_ADL_CONTROL].[sp_Insert_ADF_FileMetadata]",
					"storedProcedureParameters": {
						"Creation_Date": {
							"value": {
								"value": "@utcnow()",
								"type": "Expression"
							},
							"type": "DateTime"
						},
						"Creator": {
							"value": {
								"value": "@pipeline().Pipeline",
								"type": "Expression"
							},
							"type": "String"
						},
						"Data_Classification": {
							"value": "CIVILS",
							"type": "String"
						},
						"Data_Type": {
							"value": "Structured",
							"type": "String"
						},
						"Description": {
							"value": "Asset data",
							"type": "String"
						},
						"Encoding": {
							"value": "",
							"type": "String"
						},
						"File_Extension": {
							"value": ".parquet",
							"type": "String"
						},
						"FileName": {
							"value": {
								"value": "@concat('CES_',formatDateTime(utcnow(),'yyyyMMdd'),'_Asset.parquet')",
								"type": "Expression"
							},
							"type": "String"
						},
						"Owner": {
							"value": "CES",
							"type": "String"
						},
						"Personal_Data": {
							"value": "N",
							"type": "String"
						},
						"PipeLineRunID": {
							"value": {
								"value": "@pipeline().RunId",
								"type": "Expression"
							},
							"type": "String"
						},
						"Rows_Error": {
							"value": {
								"value": "@if(contains(activity('acty_dataflow_Tranformation_Compliance').output.runStatus.metrics,'sinkError'),activity('acty_dataflow_Tranformation_Compliance').output.runStatus.metrics.sinkError.rowsWritten,0)",
								"type": "Expression"
							},
							"type": "Int64"
						},
						"Rows_Read": {
							"value": null,
							"type": "Int64"
						},
						"Rows_Transferred": {
							"value": {
								"value": "@if(contains(activity('acty_dataflow_Tranformation_Compliance').output.runStatus.metrics,'SinkDQCurated'),activity('acty_dataflow_Tranformation_Compliance').output.runStatus.metrics.SinkDQCurated.rowsWritten,0)",
								"type": "Expression"
							},
							"type": "Int64"
						},
						"Security_Classification": {
							"value": "Internal",
							"type": "String"
						},
						"Storage_Layer": {
							"value": "Curated",
							"type": "String"
						}
					}
				},
				"linkedServiceName": {
					"referenceName": "lscesdb",
					"type": "LinkedServiceReference"
				}
			},
			{
				"name": "acty_Sp_Insert_ControlAudit",
				"type": "SqlServerStoredProcedure",
				"dependsOn": [
					{
						"activity": "acty_dataflow_Tranformation_Compliance",
						"dependencyConditions": [
							"Succeeded"
						]
					}
				],
				"policy": {
					"timeout": "7.00:00:00",
					"retry": 0,
					"retryIntervalInSeconds": 30,
					"secureOutput": false,
					"secureInput": false
				},
				"userProperties": [],
				"typeProperties": {
					"storedProcedureName": "[CTL_CES_ADL_CONTROL].sp_Insert_ADF_ControlAuditData",
					"storedProcedureParameters": {
						"ActivityName": {
							"value": "acty_lkp_get_dataConfigTable",
							"type": "String"
						},
						"ADFName": {
							"value": {
								"value": "@pipeline().DataFactory",
								"type": "Expression"
							},
							"type": "String"
						},
						"CreatedBy": {
							"value": "CES",
							"type": "String"
						},
						"EndTime": {
							"value": {
								"value": "@utcnow()",
								"type": "Expression"
							},
							"type": "DateTime"
						},
						"Message": {
							"value": {
								"value": "@concat('Raw to Curated layer. Data Transformation and DQ rules applied to the data Asset Data')",
								"type": "Expression"
							},
							"type": "String"
						},
						"PipeLineName": {
							"value": {
								"value": "@pipeline().Pipeline",
								"type": "Expression"
							},
							"type": "String"
						},
						"PipeLineRunID": {
							"value": {
								"value": "@pipeline().RunId",
								"type": "Expression"
							},
							"type": "String"
						},
						"Rows_Transferred": {
							"value": {
								"value": "@if(contains(activity('acty_dataflow_Tranformation_Compliance').output.runStatus.metrics,'SinkDQCurated'),activity('acty_dataflow_Tranformation_Compliance').output.runStatus.metrics.SinkDQCurated.rowsWritten,0)",
								"type": "Expression"
							},
							"type": "Int64"
						},
						"StartTime": {
							"value": {
								"value": "@pipeline().TriggerTime",
								"type": "Expression"
							},
							"type": "DateTime"
						},
						"Status": {
							"value": "Success",
							"type": "String"
						},
						"TargetTable": {
							"value": null,
							"type": "String"
						},
						"TriggerType": {
							"value": {
								"value": "@pipeline().TriggerType",
								"type": "Expression"
							},
							"type": "String"
						}
					}
				},
				"linkedServiceName": {
					"referenceName": "lscesdb",
					"type": "LinkedServiceReference"
				}
			},
			{
				"name": "acty_Sp_Insert_ControlAudit_Failed",
				"type": "SqlServerStoredProcedure",
				"dependsOn": [
					{
						"activity": "acty_dataflow_Tranformation_Compliance",
						"dependencyConditions": [
							"Failed"
						]
					}
				],
				"policy": {
					"timeout": "7.00:00:00",
					"retry": 0,
					"retryIntervalInSeconds": 30,
					"secureOutput": false,
					"secureInput": false
				},
				"userProperties": [],
				"typeProperties": {
					"storedProcedureName": "[CTL_CES_ADL_CONTROL].sp_Insert_ADF_ControlAuditData",
					"storedProcedureParameters": {
						"ActivityName": {
							"value": "acty_lkp_get_dataConfigTable",
							"type": "String"
						},
						"ADFName": {
							"value": {
								"value": "@pipeline().DataFactory",
								"type": "Expression"
							},
							"type": "String"
						},
						"CreatedBy": {
							"value": "CES",
							"type": "String"
						},
						"EndTime": {
							"value": {
								"value": "@utcnow()",
								"type": "Expression"
							},
							"type": "DateTime"
						},
						"Message": {
							"value": {
								"value": "@concat('Raw to Curated layer. Data Transformation Failed, check Azure montinor for detailed logs.')",
								"type": "Expression"
							},
							"type": "String"
						},
						"PipeLineName": {
							"value": {
								"value": "@pipeline().Pipeline",
								"type": "Expression"
							},
							"type": "String"
						},
						"PipeLineRunID": {
							"value": {
								"value": "@pipeline().RunId",
								"type": "Expression"
							},
							"type": "String"
						},
						"Rows_Transferred": {
							"value": null,
							"type": "Int64"
						},
						"StartTime": {
							"value": {
								"value": "@pipeline().TriggerTime",
								"type": "Expression"
							},
							"type": "DateTime"
						},
						"Status": {
							"value": "Failed",
							"type": "String"
						},
						"TargetTable": {
							"value": null,
							"type": "String"
						},
						"TriggerType": {
							"value": {
								"value": "@pipeline().TriggerType",
								"type": "Expression"
							},
							"type": "String"
						}
					}
				},
				"linkedServiceName": {
					"referenceName": "lscesdb",
					"type": "LinkedServiceReference"
				}
			}
		],
		"parameters": {
			"DatedFolder": {
				"type": "string"
			},
			"RawStaticPath": {
				"type": "string"
			},
			"CuratedStaticPath": {
				"type": "string"
			},
			"RawFileName": {
				"type": "string"
			},
			"CuratedFileName": {
				"type": "string"
			},
			"CuratedErrorStaticPath": {
				"type": "string"
			}
		},
		"folder": {
			"name": "CARRS/Synchronization/RawtoCurated"
		},
		"annotations": []
	}
}