{
	"name": "ppl_ces_Alarm_Migration_Stage_Raw",
	"properties": {
		"activities": [
			{
				"name": "GetFileMetadata",
				"type": "GetMetadata",
				"dependsOn": [],
				"policy": {
					"timeout": "7.00:00:00",
					"retry": 0,
					"retryIntervalInSeconds": 30,
					"secureOutput": false,
					"secureInput": false
				},
				"userProperties": [],
				"typeProperties": {
					"dataset": {
						"referenceName": "ds_adlsgen2_stage_xlsx",
						"type": "DatasetReference",
						"parameters": {
							"Directory": {
								"value": "Full/Alarm",
								"type": "Expression"
							},
							"FileSystem": {
								"value": "@pipeline().globalParameters.gp_Datalake_StagingContainer",
								"type": "Expression"
							},
							"SheetName": {
								"value": "Defects",
								"type": "Expression"
							}
						}
					},
					"fieldList": [
						"childItems"
					],
					"storeSettings": {
						"type": "AzureBlobFSReadSettings",
						"recursive": true,
						"enablePartitionDiscovery": false
					}
				}
			},
			{
				"name": "ForEachfile",
				"type": "ForEach",
				"dependsOn": [
					{
						"activity": "GetFileMetadata",
						"dependencyConditions": [
							"Succeeded"
						]
					}
				],
				"userProperties": [],
				"typeProperties": {
					"items": {
						"value": "@activity('GetFileMetadata').output.childItems",
						"type": "Expression"
					},
					"isSequential": false,
					"activities": [
						{
							"name": "dataflow_ces_ALARM_Migration_Stg_Raw",
							"type": "ExecuteDataFlow",
							"dependsOn": [],
							"policy": {
								"timeout": "7.00:00:00",
								"retry": 0,
								"retryIntervalInSeconds": 30,
								"secureOutput": false,
								"secureInput": false
							},
							"userProperties": [],
							"typeProperties": {
								"dataflow": {
									"referenceName": "dataflow_ces_ALARM_Migration_Stg_Raw",
									"type": "DataFlowReference",
									"parameters": {
										"Sinkfilename": {
											"value": "'@{substring(item().name,0,sub(length(item().name),5))}'",
											"type": "Expression"
										}
									},
									"datasetParameters": {
										"stagefile": {
											"stage_filename": {
												"value": "@item().name",
												"type": "Expression"
											}
										}
									}
								},
								"integrationRuntime": {
									"referenceName": "ir-uks-Azure-ii-civl0001",
									"type": "IntegrationRuntimeReference"
								},
								"traceLevel": "Coarse"
							}
						},
						{
							"name": "acty_Sp_Insert_ControlAudit",
							"type": "SqlServerStoredProcedure",
							"dependsOn": [
								{
									"activity": "dataflow_ces_ALARM_Migration_Stg_Raw",
									"dependencyConditions": [
										"Succeeded"
									]
								}
							],
							"policy": {
								"timeout": "7.00:00:00",
								"retry": 0,
								"retryIntervalInSeconds": 30,
								"secureOutput": false,
								"secureInput": false
							},
							"userProperties": [],
							"typeProperties": {
								"storedProcedureName": "[CTL_CES_ADL_CONTROL].[sp_Insert_ADF_ControlAuditData]",
								"storedProcedureParameters": {
									"ActivityName": {
										"value": {
											"value": "dataflow_ces_ALARM_Migration_Raw_curated",
											"type": "Expression"
										},
										"type": "String"
									},
									"ADFName": {
										"value": {
											"value": "@pipeline().DataFactory",
											"type": "Expression"
										},
										"type": "String"
									},
									"CreatedBy": {
										"value": "CES",
										"type": "String"
									},
									"EndTime": {
										"value": {
											"value": "@utcnow()",
											"type": "Expression"
										},
										"type": "DateTime"
									},
									"Message": {
										"value": {
											"value": "@concat('Move the files from Stage to Datalake RAW layer. Raw File Name: CES_',formatDateTime(utcnow(),'yyyyMMdd'),'_',substring(item().name,0,sub(length(item().name),5)),'.parquet')",
											"type": "Expression"
										},
										"type": "String"
									},
									"PipeLineName": {
										"value": {
											"value": "@pipeline().Pipeline",
											"type": "Expression"
										},
										"type": "String"
									},
									"PipeLineRunID": {
										"value": {
											"value": "@pipeline().RunId",
											"type": "Expression"
										},
										"type": "String"
									},
									"Rows_Transferred": {
										"value": null,
										"type": "Int64"
									},
									"StartTime": {
										"value": {
											"value": "@utcnow()",
											"type": "Expression"
										},
										"type": "DateTime"
									},
									"Status": {
										"value": "Success",
										"type": "String"
									},
									"TargetTable": {
										"value": null,
										"type": "String"
									},
									"TriggerType": {
										"value": {
											"value": "@pipeline().TriggerType",
											"type": "Expression"
										},
										"type": "String"
									}
								}
							},
							"linkedServiceName": {
								"referenceName": "lscesdb",
								"type": "LinkedServiceReference"
							}
						},
						{
							"name": "acty_sp_Insert_filemetadata",
							"type": "SqlServerStoredProcedure",
							"dependsOn": [
								{
									"activity": "dataflow_ces_ALARM_Migration_Stg_Raw",
									"dependencyConditions": [
										"Completed"
									]
								}
							],
							"policy": {
								"timeout": "7.00:00:00",
								"retry": 0,
								"retryIntervalInSeconds": 30,
								"secureOutput": false,
								"secureInput": false
							},
							"userProperties": [],
							"typeProperties": {
								"storedProcedureName": "[CTL_CES_ADL_CONTROL].[sp_Insert_ADF_FileMetadata]",
								"storedProcedureParameters": {
									"Creation_Date": {
										"value": {
											"value": "@utcnow()",
											"type": "Expression"
										},
										"type": "DateTime"
									},
									"Creator": {
										"value": {
											"value": "@pipeline().Pipeline",
											"type": "Expression"
										},
										"type": "String"
									},
									"Data_Classification": {
										"value": "CIVILS",
										"type": "String"
									},
									"Data_Type": {
										"value": "Structured",
										"type": "String"
									},
									"Description": {
										"value": {
											"value": "Defect Data",
											"type": "Expression"
										},
										"type": "String"
									},
									"Encoding": {
										"value": null,
										"type": "String"
									},
									"File_Extension": {
										"value": ".parquet",
										"type": "String"
									},
									"FileName": {
										"value": {
											"value": "@concat('CES_',substring(item().name,0,sub(length(item().name),5)),'_',formatDateTime(utcnow(),'yyyyMMdd'),'.parquet')",
											"type": "Expression"
										},
										"type": "String"
									},
									"Owner": {
										"value": "CES",
										"type": "String"
									},
									"Personal_Data": {
										"value": "N",
										"type": "String"
									},
									"PipeLineRunID": {
										"value": {
											"value": "@pipeline().RunId",
											"type": "Expression"
										},
										"type": "String"
									},
									"Rows_Error": {
										"value": null,
										"type": "Int64"
									},
									"Rows_Read": {
										"value": null,
										"type": "Int64"
									},
									"Rows_Transferred": {
										"value": null,
										"type": "Int64"
									},
									"Security_Classification": {
										"value": "Internal",
										"type": "String"
									},
									"Storage_Layer": {
										"value": "Raw",
										"type": "String"
									}
								}
							},
							"linkedServiceName": {
								"referenceName": "lscesdb",
								"type": "LinkedServiceReference"
							}
						}
					]
				}
			}
		],
		"variables": {
			"Filelist": {
				"type": "Array"
			}
		},
		"folder": {
			"name": "ALARM/Migration/Defect"
		},
		"annotations": []
	}
}