{
	"name": "ppl_ces_Risk_Assessment_Master",
	"properties": {
		"activities": [
			{
				"name": "ExecuteArrivalRaw",
				"type": "ExecutePipeline",
				"dependsOn": [],
				"userProperties": [],
				"typeProperties": {
					"pipeline": {
						"referenceName": "ppl_ces_Risk_Assessment_Arrival_Raw",
						"type": "PipelineReference"
					},
					"waitOnCompletion": true,
					"parameters": {
						"FileName": {
							"value": "@pipeline().parameters.triggeringFileName",
							"type": "Expression"
						},
						"FileDirectory": {
							"value": "@pipeline().parameters.triggerringFileDirectory",
							"type": "Expression"
						},
						"DomainFileName": {
							"value": "@pipeline().parameters.triggeringDomainFileName",
							"type": "Expression"
						}
					}
				}
			},
			{
				"name": "ExecuteRaw_Curated",
				"type": "ExecutePipeline",
				"dependsOn": [
					{
						"activity": "ExecuteArrivalRaw",
						"dependencyConditions": [
							"Succeeded"
						]
					}
				],
				"userProperties": [],
				"typeProperties": {
					"pipeline": {
						"referenceName": "ppl_ces_Risk_Assessment_Raw_Curated",
						"type": "PipelineReference"
					},
					"waitOnCompletion": true
				}
			},
			{
				"name": "ExecuteCurated_Dest",
				"type": "ExecutePipeline",
				"dependsOn": [
					{
						"activity": "ExecuteRaw_Curated",
						"dependencyConditions": [
							"Succeeded"
						]
					}
				],
				"userProperties": [],
				"typeProperties": {
					"pipeline": {
						"referenceName": "ppl_ces_Risk_Assessment_Curated_Dest",
						"type": "PipelineReference"
					},
					"waitOnCompletion": true
				}
			}
		],
		"parameters": {
			"triggeringFileName": {
				"type": "string",
				"defaultValue": "RISK_ASSESSMENT_DATA_TABLE.xlsx"
			},
			"triggerringFileDirectory": {
				"type": "string",
				"defaultValue": "ces-adls-common"
			},
			"triggeringDomainFileName": {
				"type": "string",
				"defaultValue": "DOMAIN_VALUE_DATA_TABLE.xlsx"
			}
		},
		"folder": {
			"name": "BRIDGE/RiskAssessmentMigration"
		},
		"annotations": []
	}
}