{
	"name": "ppl_ces_Action_sync",
	"properties": {
		"activities": [
			{
				"name": "Get Metadata",
				"type": "GetMetadata",
				"dependsOn": [],
				"policy": {
					"timeout": "7.00:00:00",
					"retry": 0,
					"retryIntervalInSeconds": 30,
					"secureOutput": false,
					"secureInput": false
				},
				"userProperties": [],
				"typeProperties": {
					"dataset": {
						"referenceName": "ds_adlsgen2_Common_parquet",
						"type": "DatasetReference",
						"parameters": {
							"FileSystem": {
								"value": "@pipeline().globalParameters.gp_DataLake_Container",
								"type": "Expression"
							},
							"Directory": {
								"value": "@concat('ces-adls-data/INC/Raw/Action/YEAR-', formatDateTime(utcnow(),'yyyy'),'/MONTH-',formatDateTime(utcnow(),'MM'),'/DAY-',formatDateTime(utcnow(),'dd'),'/HOUR-',formatDateTime(utcnow(),'HH'))",
								"type": "Expression"
							},
							"Filename": {
								"value": "@concat('CARRS_Action_',formatDateTime(utcnow(),'yyyyMMdd'),'.parquet') ",
								"type": "Expression"
							}
						}
					},
					"fieldList": [
						"exists"
					],
					"storeSettings": {
						"type": "AzureBlobFSReadSettings",
						"recursive": true,
						"enablePartitionDiscovery": false
					}
				}
			},
			{
				"name": "If Condition",
				"type": "IfCondition",
				"dependsOn": [
					{
						"activity": "Get Metadata",
						"dependencyConditions": [
							"Succeeded"
						]
					}
				],
				"userProperties": [],
				"typeProperties": {
					"expression": {
						"value": "@activity('Get Metadata').output.exists",
						"type": "Expression"
					},
					"ifTrueActivities": [
						{
							"name": "ppl_sync_Raw_Curated",
							"type": "ExecutePipeline",
							"dependsOn": [],
							"userProperties": [],
							"typeProperties": {
								"pipeline": {
									"referenceName": "ppl_ces_Action_Sync_Raw_Curated",
									"type": "PipelineReference"
								},
								"waitOnCompletion": true
							}
						},
						{
							"name": "ppl_sync_Curated_Dest",
							"type": "ExecutePipeline",
							"dependsOn": [
								{
									"activity": "ppl_sync_Raw_Curated",
									"dependencyConditions": [
										"Succeeded"
									]
								}
							],
							"userProperties": [],
							"typeProperties": {
								"pipeline": {
									"referenceName": "ppl_ces_Action_Sync_Curated_Dest",
									"type": "PipelineReference"
								},
								"waitOnCompletion": true,
								"parameters": {
									"SyncTimeStamp": {
										"value": "@pipeline().parameters.SyncTimeStamp",
										"type": "Expression"
									}
								}
							}
						}
					]
				}
			}
		],
		"parameters": {
			"SyncTimeStamp": {
				"type": "string"
			}
		},
		"folder": {
			"name": "CARRS/Synchronization/Orchestration"
		},
		"annotations": []
	}
}