{
	"name": "ppl_ces_PostExamfiles_PDF_check",
	"properties": {
		"activities": [
			{
				"name": "Lkp_Postexam_parquet",
				"type": "Lookup",
				"dependsOn": [],
				"policy": {
					"timeout": "7.00:00:00",
					"retry": 0,
					"retryIntervalInSeconds": 30,
					"secureOutput": false,
					"secureInput": false
				},
				"userProperties": [],
				"typeProperties": {
					"source": {
						"type": "ParquetSource",
						"storeSettings": {
							"type": "AzureBlobFSReadSettings",
							"recursive": true,
							"enablePartitionDiscovery": false
						}
					},
					"dataset": {
						"referenceName": "ds_adlsgen2_XML_rawfile",
						"type": "DatasetReference",
						"parameters": {
							"RawDirectory": {
								"value": "@pipeline().parameters.PostExamParquetDirectory",
								"type": "Expression"
							},
							"RawFilename": {
								"value": "@concat(pipeline().parameters.Filename,'_Exam.parquet')",
								"type": "Expression"
							}
						}
					},
					"firstRowOnly": false
				}
			},
			{
				"name": "ForEachcolumn",
				"type": "ForEach",
				"dependsOn": [
					{
						"activity": "Lkp_Postexam_parquet",
						"dependencyConditions": [
							"Succeeded"
						]
					}
				],
				"userProperties": [],
				"typeProperties": {
					"items": {
						"value": "@activity('Lkp_Postexam_parquet').output.value",
						"type": "Expression"
					},
					"activities": [
						{
							"name": "Append variable1",
							"type": "AppendVariable",
							"dependsOn": [
								{
									"activity": "Append variable2",
									"dependencyConditions": [
										"Succeeded"
									]
								}
							],
							"userProperties": [],
							"typeProperties": {
								"variableName": "File_Names",
								"value": {
									"value": "@item().SUPPLIER_REPORT_FILENAME",
									"type": "Expression"
								}
							}
						},
						{
							"name": "Set variable2",
							"type": "SetVariable",
							"dependsOn": [],
							"userProperties": [],
							"typeProperties": {
								"variableName": "File_status",
								"value": {
									"value": "@bool(1)",
									"type": "Expression"
								}
							}
						},
						{
							"name": "Append variable2",
							"type": "AppendVariable",
							"dependsOn": [
								{
									"activity": "Set variable2",
									"dependencyConditions": [
										"Succeeded"
									]
								}
							],
							"userProperties": [],
							"typeProperties": {
								"variableName": "LKP_file_count",
								"value": {
									"value": "@variables('LKP_file_status')",
									"type": "Expression"
								}
							}
						}
					]
				}
			},
			{
				"name": "SetFile_array",
				"type": "SetVariable",
				"dependsOn": [
					{
						"activity": "LKP_ArrayNames",
						"dependencyConditions": [
							"Succeeded"
						]
					}
				],
				"userProperties": [],
				"typeProperties": {
					"variableName": "Arraynames",
					"value": {
						"value": "@variables('File_Names')",
						"type": "Expression"
					}
				}
			},
			{
				"name": "GetPDFfiles",
				"type": "GetMetadata",
				"dependsOn": [
					{
						"activity": "SetFile_array",
						"dependencyConditions": [
							"Succeeded"
						]
					}
				],
				"policy": {
					"timeout": "7.00:00:00",
					"retry": 0,
					"retryIntervalInSeconds": 30,
					"secureOutput": false,
					"secureInput": false
				},
				"userProperties": [],
				"typeProperties": {
					"dataset": {
						"referenceName": "ds_adlsgen2_get_postexamfiles",
						"type": "DatasetReference",
						"parameters": {
							"Directory": {
								"value": "@pipeline().parameters.PostExamRawDirectory",
								"type": "Expression"
							},
							"Container": "ces-adls"
						}
					},
					"fieldList": [
						"childItems"
					],
					"storeSettings": {
						"type": "AzureBlobFSReadSettings",
						"recursive": true,
						"enablePartitionDiscovery": false
					},
					"formatSettings": {
						"type": "BinaryReadSettings"
					}
				}
			},
			{
				"name": "ForEach2",
				"type": "ForEach",
				"dependsOn": [
					{
						"activity": "Filter1",
						"dependencyConditions": [
							"Succeeded"
						]
					}
				],
				"userProperties": [],
				"typeProperties": {
					"items": {
						"value": "@activity('Filter1').output.value",
						"type": "Expression"
					},
					"activities": [
						{
							"name": "If-filevalid",
							"type": "IfCondition",
							"dependsOn": [
								{
									"activity": "Set variable1",
									"dependencyConditions": [
										"Succeeded"
									]
								}
							],
							"userProperties": [],
							"typeProperties": {
								"expression": {
									"value": "@contains(variables('Arraynames'),variables('Rawpdf_name'))",
									"type": "Expression"
								},
								"ifFalseActivities": [
									{
										"name": "if-filesvalid2",
										"type": "SetVariable",
										"dependsOn": [],
										"userProperties": [],
										"typeProperties": {
											"variableName": "File_status",
											"value": {
												"value": "@bool(0)",
												"type": "Expression"
											}
										}
									},
									{
										"name": "Append file_status2",
										"type": "AppendVariable",
										"dependsOn": [
											{
												"activity": "if-filesvalid2",
												"dependencyConditions": [
													"Succeeded"
												]
											}
										],
										"userProperties": [],
										"typeProperties": {
											"variableName": "File_status_array",
											"value": {
												"value": "@variables('File_status')",
												"type": "Expression"
											}
										}
									}
								],
								"ifTrueActivities": [
									{
										"name": "if-filesvalid1",
										"type": "SetVariable",
										"dependsOn": [],
										"userProperties": [],
										"typeProperties": {
											"variableName": "File_status",
											"value": {
												"value": "@bool(1)",
												"type": "Expression"
											}
										}
									},
									{
										"name": "Append file_status1",
										"type": "AppendVariable",
										"dependsOn": [
											{
												"activity": "if-filesvalid1",
												"dependencyConditions": [
													"Succeeded"
												]
											}
										],
										"userProperties": [],
										"typeProperties": {
											"variableName": "File_status_array",
											"value": {
												"value": "@variables('File_status')",
												"type": "Expression"
											}
										}
									}
								]
							}
						},
						{
							"name": "Set variable1",
							"type": "SetVariable",
							"dependsOn": [],
							"userProperties": [],
							"typeProperties": {
								"variableName": "Rawpdf_name",
								"value": {
									"value": "@item().name",
									"type": "Expression"
								}
							}
						}
					]
				}
			},
			{
				"name": "Raw_arraynames",
				"type": "SetVariable",
				"dependsOn": [
					{
						"activity": "ForEach2",
						"dependencyConditions": [
							"Succeeded"
						]
					}
				],
				"userProperties": [],
				"typeProperties": {
					"variableName": "Raw_Arraynames",
					"value": {
						"value": "@variables('File_status_array')",
						"type": "Expression"
					}
				}
			},
			{
				"name": "If Condition1",
				"type": "IfCondition",
				"dependsOn": [
					{
						"activity": "Raw_arraynames",
						"dependencyConditions": [
							"Succeeded"
						]
					}
				],
				"userProperties": [],
				"typeProperties": {
					"expression": {
						"value": "@equals(length(variables('Raw_Arraynames')),length(variables('LKP_Arraynames')))",
						"type": "Expression"
					},
					"ifFalseActivities": [
						{
							"name": "Execute PDF Failure",
							"type": "ExecutePipeline",
							"dependsOn": [],
							"userProperties": [],
							"typeProperties": {
								"pipeline": {
									"referenceName": "ppl_ces_PostExamfiles_PDF_fail",
									"type": "PipelineReference"
								},
								"waitOnCompletion": true,
								"parameters": {
									"Filename": {
										"value": "@pipeline().parameters.Filename",
										"type": "Expression"
									}
								}
							}
						}
					],
					"ifTrueActivities": [
						{
							"name": "Execute_ppl_JPG_check",
							"type": "ExecutePipeline",
							"dependsOn": [
								{
									"activity": "Execute_PDF_Success",
									"dependencyConditions": [
										"Succeeded"
									]
								}
							],
							"userProperties": [],
							"typeProperties": {
								"pipeline": {
									"referenceName": "ppl_ces_PostExamfiles_JPG_check",
									"type": "PipelineReference"
								},
								"waitOnCompletion": true,
								"parameters": {
									"PostExamRawDirectory": {
										"value": "@pipeline().parameters.PostExamRawDirectory",
										"type": "Expression"
									},
									"PostExamParquetDirectory": {
										"value": "@pipeline().parameters.PostExamParquetDirectory",
										"type": "Expression"
									},
									"Filename": {
										"value": "@pipeline().parameters.Filename",
										"type": "Expression"
									},
									"CuratedFilesDirectory": {
										"value": "@pipeline().parameters.CuratedFilesDirectory",
										"type": "Expression"
									},
									"ErrorFileName": {
										"value": "@pipeline().parameters.ErrorFileName",
										"type": "Expression"
									},
									"ErrorFileLog": {
										"value": "@pipeline().parameters.ErrorFileLog",
										"type": "Expression"
									},
									"ErrorDirectory": {
										"value": "@pipeline().parameters.ErrorDirectory",
										"type": "Expression"
									}
								}
							}
						},
						{
							"name": "Execute_PDF_Success",
							"type": "ExecutePipeline",
							"dependsOn": [],
							"userProperties": [],
							"typeProperties": {
								"pipeline": {
									"referenceName": "ppl_ces_PostExamfiles_PDF_Success",
									"type": "PipelineReference"
								},
								"waitOnCompletion": true,
								"parameters": {
									"Filename": {
										"value": "@pipeline().parameters.Filename",
										"type": "Expression"
									}
								}
							}
						}
					]
				}
			},
			{
				"name": "Filter1",
				"type": "Filter",
				"dependsOn": [
					{
						"activity": "GetPDFfiles",
						"dependencyConditions": [
							"Succeeded"
						]
					}
				],
				"userProperties": [],
				"typeProperties": {
					"items": {
						"value": "@activity('GetPDFfiles').output.childitems",
						"type": "Expression"
					},
					"condition": {
						"value": "@equals(split(item().name,'.')[1],'pdf')",
						"type": "Expression"
					}
				}
			},
			{
				"name": "LKP_ArrayNames",
				"type": "SetVariable",
				"dependsOn": [
					{
						"activity": "ForEachcolumn",
						"dependencyConditions": [
							"Succeeded"
						]
					}
				],
				"userProperties": [],
				"typeProperties": {
					"variableName": "LKP_Arraynames",
					"value": {
						"value": "@variables('LKP_file_count')",
						"type": "Expression"
					}
				}
			}
		],
		"parameters": {
			"PostExamRawDirectory": {
				"type": "string"
			},
			"PostExamParquetDirectory": {
				"type": "string"
			},
			"Filename": {
				"type": "string"
			},
			"CuratedFilesDirectory": {
				"type": "string"
			},
			"ErrorFileName": {
				"type": "string"
			},
			"ErrorFileLog": {
				"type": "string"
			},
			"ErrorDirectory": {
				"type": "string"
			}
		},
		"variables": {
			"File_Names": {
				"type": "Array"
			},
			"Arraynames": {
				"type": "Array"
			},
			"Rawpdf_name": {
				"type": "String"
			},
			"File_status": {
				"type": "Boolean"
			},
			"File_status_array": {
				"type": "Array"
			},
			"Raw_Arraynames": {
				"type": "Array"
			},
			"LKP_Arraynames": {
				"type": "Array"
			},
			"LKP_file_status": {
				"type": "Boolean"
			},
			"LKP_file_count": {
				"type": "Array"
			}
		},
		"folder": {
			"name": "Post_Exam_Data"
		},
		"annotations": []
	}
}