{
	"name": "ppl_ces_Blob_Archive_common",
	"properties": {
		"activities": [
			{
				"name": "DeleteArrivalData",
				"type": "Delete",
				"dependsOn": [
					{
						"activity": "cpy_ArchiveData",
						"dependencyConditions": [
							"Succeeded"
						]
					}
				],
				"policy": {
					"timeout": "7.00:00:00",
					"retry": 0,
					"retryIntervalInSeconds": 30,
					"secureOutput": false,
					"secureInput": false
				},
				"userProperties": [],
				"typeProperties": {
					"dataset": {
						"referenceName": "ds_adlsgen2_blob_archive",
						"type": "DatasetReference",
						"parameters": {
							"FileSystem": {
								"value": "ces-func",
								"type": "Expression"
							},
							"Directory": {
								"value": "@concat('Arrival/',pipeline().parameters.FolderName,'/',pipeline().parameters.SupplierName)",
								"type": "Expression"
							}
						}
					},
					"enableLogging": false,
					"storeSettings": {
						"type": "AzureBlobStorageReadSettings",
						"recursive": true,
						"enablePartitionDiscovery": false
					}
				}
			},
			{
				"name": "cpy_ArchiveData",
				"type": "Copy",
				"dependsOn": [],
				"policy": {
					"timeout": "7.00:00:00",
					"retry": 0,
					"retryIntervalInSeconds": 30,
					"secureOutput": false,
					"secureInput": false
				},
				"userProperties": [],
				"typeProperties": {
					"source": {
						"type": "BinarySource",
						"storeSettings": {
							"type": "AzureBlobStorageReadSettings",
							"recursive": true
						},
						"formatSettings": {
							"type": "BinaryReadSettings"
						}
					},
					"sink": {
						"type": "BinarySink",
						"storeSettings": {
							"type": "AzureBlobStorageWriteSettings"
						}
					},
					"enableStaging": false
				},
				"inputs": [
					{
						"referenceName": "ds_adlsgen2_blob_archive",
						"type": "DatasetReference",
						"parameters": {
							"FileSystem": {
								"value": "ces-func",
								"type": "Expression"
							},
							"Directory": {
								"value": "@concat('Arrival/',pipeline().parameters.FolderName,'/',pipeline().parameters.SupplierName)",
								"type": "Expression"
							}
						}
					}
				],
				"outputs": [
					{
						"referenceName": "ds_adlsgen2_blob_archive",
						"type": "DatasetReference",
						"parameters": {
							"FileSystem": {
								"value": "ces-func",
								"type": "Expression"
							},
							"Directory": {
								"value": "@concat('Archive/',pipeline().parameters.FolderName,'/YEAR-', formatDateTime(utcnow(),'yyyy'),'/MONTH-',formatDateTime(utcnow(),'MM'),'/DAY-',formatDateTime(utcnow(),'dd'))",
								"type": "Expression"
							}
						}
					}
				]
			}
		],
		"parameters": {
			"SupplierName": {
				"type": "string",
				"defaultValue": "Test"
			},
			"FolderName": {
				"type": "string",
				"defaultValue": "ExamDataUpload"
			}
		},
		"folder": {
			"name": "Post_Exam_Data"
		},
		"annotations": []
	}
}