{
	"name": "ppl_ces_Tasklist_Curated_Dest",
	"properties": {
		"activities": [
			{
				"name": "SPUpdateFileProcessingLog_Curated",
				"type": "SqlServerStoredProcedure",
				"dependsOn": [
					{
						"activity": "acty_storedProc_Merge_Compliance",
						"dependencyConditions": [
							"Succeeded"
						]
					}
				],
				"policy": {
					"timeout": "7.00:00:00",
					"retry": 0,
					"retryIntervalInSeconds": 30,
					"secureOutput": false,
					"secureInput": false
				},
				"userProperties": [],
				"typeProperties": {
					"storedProcedureName": "[CES].[sp_update_ADF_FILE_PROCESS_LOG]",
					"storedProcedureParameters": {
						"ERROR_DESCRIPTION": {
							"value": null,
							"type": "String"
						},
						"ERROR_FILE_LOCATION": {
							"value": null,
							"type": "String"
						},
						"FILE_NAME": {
							"value": {
								"value": "@pipeline().parameters.RawFileName",
								"type": "Expression"
							},
							"type": "String"
						},
						"FILE_PROCESS_DATE": {
							"value": {
								"value": "@utcnow()",
								"type": "Expression"
							},
							"type": "DateTime"
						},
						"FILE_PROCESS_STATUS": {
							"value": "Succeeded",
							"type": "String"
						},
						"SOURCE_FILE_LOCATION": {
							"value": {
								"value": "@concat(pipeline().parameters.FileURL,'ces-adls/',pipeline().parameters.RootDirectory,'/Raw/',pipeline().parameters.DateDirectory,'/',pipeline().parameters.RawFileName)",
								"type": "Expression"
							},
							"type": "String"
						},
						"UPDATED_DATE": {
							"value": {
								"value": "@utcnow()",
								"type": "Expression"
							},
							"type": "DateTime"
						},
						"UPDATED_USER": {
							"value": {
								"value": "CES",
								"type": "Expression"
							},
							"type": "String"
						}
					}
				},
				"linkedServiceName": {
					"referenceName": "lscesdb",
					"type": "LinkedServiceReference"
				}
			},
			{
				"name": "SPUpdateFileProcessingLog_Curated_Failure",
				"type": "SqlServerStoredProcedure",
				"dependsOn": [
					{
						"activity": "acty_storedProc_Merge_Compliance",
						"dependencyConditions": [
							"Failed"
						]
					}
				],
				"policy": {
					"timeout": "7.00:00:00",
					"retry": 0,
					"retryIntervalInSeconds": 30,
					"secureOutput": false,
					"secureInput": false
				},
				"userProperties": [],
				"typeProperties": {
					"storedProcedureName": "[CES].[sp_update_ADF_FILE_PROCESS_LOG]",
					"storedProcedureParameters": {
						"ERROR_DESCRIPTION": {
							"value": {
								"value": "Planned date upload ETL transformation failed. For more information refer pipeline logs.",
								"type": "Expression"
							},
							"type": "String"
						},
						"ERROR_FILE_LOCATION": {
							"value": null,
							"type": "String"
						},
						"FILE_NAME": {
							"value": {
								"value": "@pipeline().parameters.RawFileName",
								"type": "Expression"
							},
							"type": "String"
						},
						"FILE_PROCESS_DATE": {
							"value": {
								"value": "@utcnow()",
								"type": "Expression"
							},
							"type": "DateTime"
						},
						"FILE_PROCESS_STATUS": {
							"value": "Failed",
							"type": "String"
						},
						"SOURCE_FILE_LOCATION": {
							"value": {
								"value": "@concat(pipeline().parameters.FileURL,'ces-adls/',pipeline().parameters.RootDirectory,'/Raw/',pipeline().parameters.DateDirectory,'/',pipeline().parameters.RawFileName)",
								"type": "Expression"
							},
							"type": "String"
						},
						"UPDATED_DATE": {
							"value": {
								"value": "@utcnow()",
								"type": "Expression"
							},
							"type": "DateTime"
						},
						"UPDATED_USER": {
							"value": {
								"value": "CES",
								"type": "Expression"
							},
							"type": "String"
						}
					}
				},
				"linkedServiceName": {
					"referenceName": "lscesdb",
					"type": "LinkedServiceReference"
				}
			},
			{
				"name": "acty_temp_copy_json",
				"type": "Copy",
				"dependsOn": [],
				"policy": {
					"timeout": "7.00:00:00",
					"retry": 0,
					"retryIntervalInSeconds": 30,
					"secureOutput": false,
					"secureInput": false
				},
				"userProperties": [],
				"typeProperties": {
					"source": {
						"type": "ParquetSource",
						"storeSettings": {
							"type": "AzureBlobFSReadSettings",
							"recursive": true,
							"enablePartitionDiscovery": false
						}
					},
					"sink": {
						"type": "JsonSink",
						"storeSettings": {
							"type": "AzureBlobFSWriteSettings"
						},
						"formatSettings": {
							"type": "JsonWriteSettings",
							"filePattern": "arrayOfObjects"
						}
					},
					"enableStaging": false,
					"translator": {
						"type": "TabularTranslator",
						"mappings": [
							{
								"source": {
									"name": "examinationType",
									"type": "String"
								},
								"sink": {
									"path": "$['examinationType']"
								}
							},
							{
								"source": {
									"name": "assetGuid",
									"type": "String"
								},
								"sink": {
									"path": "$['assetGuid']"
								}
							},
							{
								"source": {
									"name": "examId",
									"type": "Int32"
								},
								"sink": {
									"path": "$['examId']"
								}
							},
							{
								"source": {
									"name": "plannedExamDate",
									"type": "DateTime"
								},
								"sink": {
									"path": "$['plannedExamDate']"
								}
							},
							{
								"source": {
									"name": "actualExamDate",
									"type": "DateTime"
								},
								"sink": {
									"path": "$['actualExamDate']"
								}
							},
							{
								"source": {
									"name": "otherSupplierComment",
									"type": "String"
								},
								"sink": {
									"path": "$['otherSupplierComment']"
								}
							},
							{
								"source": {
									"name": "crId",
									"type": "String"
								},
								"sink": {
									"path": "$['crId']"
								}
							}
						]
					}
				},
				"inputs": [
					{
						"referenceName": "ds_adlsgen2_Common_parquet",
						"type": "DatasetReference",
						"parameters": {
							"FileSystem": {
								"value": "@pipeline().globalParameters.gp_DataLake_Container",
								"type": "Expression"
							},
							"Directory": {
								"value": "@pipeline().parameters.SourceDirectory",
								"type": "Expression"
							},
							"Filename": {
								"value": "@pipeline().parameters.SourceFileName",
								"type": "Expression"
							}
						}
					}
				],
				"outputs": [
					{
						"referenceName": "ds_adlsgen2_json",
						"type": "DatasetReference",
						"parameters": {
							"Directory": {
								"value": "@concat(pipeline().parameters.RootDirectory,'/Curated/',pipeline().parameters.DateDirectory)",
								"type": "Expression"
							},
							"FileName": {
								"value": "@concat(split(pipeline().parameters.SourceFileName,'.')[0],'.json')",
								"type": "Expression"
							}
						}
					}
				]
			},
			{
				"name": "acty_LookupJsondata",
				"type": "Lookup",
				"dependsOn": [
					{
						"activity": "acty_temp_copy_json",
						"dependencyConditions": [
							"Succeeded"
						]
					}
				],
				"policy": {
					"timeout": "7.00:00:00",
					"retry": 0,
					"retryIntervalInSeconds": 30,
					"secureOutput": false,
					"secureInput": false
				},
				"userProperties": [],
				"typeProperties": {
					"source": {
						"type": "JsonSource",
						"storeSettings": {
							"type": "AzureBlobFSReadSettings",
							"recursive": true,
							"enablePartitionDiscovery": false
						},
						"formatSettings": {
							"type": "JsonReadSettings"
						}
					},
					"dataset": {
						"referenceName": "ds_adlsgen2_json",
						"type": "DatasetReference",
						"parameters": {
							"Directory": {
								"value": "@pipeline().parameters.SourceDirectory",
								"type": "Expression"
							},
							"FileName": {
								"value": "@concat(split(pipeline().parameters.SourceFileName,'.')[0],'.json')",
								"type": "Expression"
							}
						}
					},
					"firstRowOnly": false
				}
			},
			{
				"name": "acty_storedProc_Merge_Compliance",
				"type": "SqlServerStoredProcedure",
				"dependsOn": [
					{
						"activity": "LookupSupplierID",
						"dependencyConditions": [
							"Succeeded"
						]
					}
				],
				"policy": {
					"timeout": "7.00:00:00",
					"retry": 0,
					"retryIntervalInSeconds": 30,
					"secureOutput": false,
					"secureInput": false
				},
				"userProperties": [],
				"typeProperties": {
					"storedProcedureName": "[CES].[sp_Save_Tasklist_ExamDts]",
					"storedProcedureParameters": {
						"Input_JSON": {
							"value": {
								"value": "@concat('',activity('acty_LookupJsondata').output.value,'')",
								"type": "Expression"
							},
							"type": "String"
						},
						"Supplier_ID": {
							"value": {
								"value": "@activity('LookupSupplierID').output.firstRow.supplier_sr_key",
								"type": "Expression"
							},
							"type": "Decimal"
						}
					}
				},
				"linkedServiceName": {
					"referenceName": "lscesdb",
					"type": "LinkedServiceReference"
				}
			},
			{
				"name": "LookupSupplierID",
				"type": "Lookup",
				"dependsOn": [
					{
						"activity": "acty_LookupJsondata",
						"dependencyConditions": [
							"Succeeded"
						]
					}
				],
				"policy": {
					"timeout": "7.00:00:00",
					"retry": 0,
					"retryIntervalInSeconds": 30,
					"secureOutput": false,
					"secureInput": false
				},
				"userProperties": [],
				"typeProperties": {
					"source": {
						"type": "AzureSqlSource",
						"sqlReaderQuery": {
							"value": "@concat('Select supplier_sr_key from ces.file_process_log where file_name= ','''',pipeline().parameters.RawFileName,'''')",
							"type": "Expression"
						},
						"queryTimeout": "02:00:00",
						"partitionOption": "None"
					},
					"dataset": {
						"referenceName": "ds_SQL_common_query",
						"type": "DatasetReference"
					}
				}
			}
		],
		"parameters": {
			"SourceDirectory": {
				"type": "string",
				"defaultValue": "ces-adls-data/INC/Curated/TaskListPlannedDateUpload/Amey Rail/YEAR-2021/MONTH-03/DAY-18"
			},
			"SourceFileName": {
				"type": "string",
				"defaultValue": "CES_TaskListPlannedDateUpload_Amey Rail_1613620554742.parquet"
			},
			"FileURL": {
				"type": "string",
				"defaultValue": "https://sacuksdevces0001.blob.core.windows.net/"
			},
			"DateDirectory": {
				"type": "string",
				"defaultValue": "TaskListPlannedDateUpload/Amey Rail/YEAR-2021/MONTH-03/DAY-18"
			},
			"RootDirectory": {
				"type": "string",
				"defaultValue": "ces-adls-data/INC"
			},
			"RawFileName": {
				"type": "string",
				"defaultValue": "CES_TaskListPlannedDateUpload_Amey Rail_1613620554742.xlsx"
			},
			"ErrorFileName": {
				"type": "string",
				"defaultValue": "CES_TaskListPlannedDateUpload_Amey Rail_1613620554742_Error.csv"
			}
		},
		"folder": {
			"name": "TaskList"
		},
		"annotations": []
	}
}