{
	"name": "ppl_ces_Exam_Migration_Curated_Dest",
	"properties": {
		"activities": [
			{
				"name": "acty_Copy_Curated_Destination",
				"type": "Copy",
				"dependsOn": [],
				"policy": {
					"timeout": "7.00:00:00",
					"retry": 0,
					"retryIntervalInSeconds": 30,
					"secureOutput": false,
					"secureInput": false
				},
				"userProperties": [],
				"typeProperties": {
					"source": {
						"type": "ParquetSource",
						"storeSettings": {
							"type": "AzureBlobFSReadSettings",
							"recursive": true
						}
					},
					"sink": {
						"type": "AzureSqlSink",
						"disableMetricsCollection": false
					},
					"enableStaging": false,
					"translator": {
						"type": "TabularTranslator",
						"mappings": [
							{
								"source": {
									"name": "EXAM_ID",
									"type": "Decimal",
									"physicalType": "DECIMAL"
								},
								"sink": {
									"name": "EXAM_ID",
									"type": "Decimal",
									"physicalType": "decimal",
									"scale": 0,
									"precision": 18
								}
							},
							{
								"source": {
									"name": "ASSET_GUID",
									"type": "String",
									"physicalType": "UTF8"
								},
								"sink": {
									"name": "ASSET_GUID",
									"type": "String",
									"physicalType": "varchar"
								}
							},
							{
								"source": {
									"name": "EXAM_BASELINE_DATE",
									"type": "DateTime",
									"physicalType": "DATE"
								},
								"sink": {
									"name": "EXAM_BASELINE_DATE",
									"type": "DateTime",
									"physicalType": "date"
								}
							},
							{
								"source": {
									"name": "EXAM_PLANNED_DATE",
									"type": "DateTime",
									"physicalType": "DATE"
								},
								"sink": {
									"name": "EXAM_PLANNED_DATE",
									"type": "DateTime",
									"physicalType": "date"
								}
							},
							{
								"source": {
									"name": "EXAM_ACTUAL_DATE",
									"type": "DateTime",
									"physicalType": "DATE"
								},
								"sink": {
									"name": "EXAM_ACTUAL_DATE",
									"type": "DateTime",
									"physicalType": "date"
								}
							},
							{
								"source": {
									"name": "EXAM_REVIEW_DATE",
									"type": "DateTime",
									"physicalType": "DATE"
								},
								"sink": {
									"name": "EXAM_REVIEW_DATE",
									"type": "DateTime",
									"physicalType": "date"
								}
							},
							{
								"source": {
									"name": "EXAM_SUBMISSION_DATE",
									"type": "DateTime",
									"physicalType": "DATE"
								},
								"sink": {
									"name": "EXAM_SUBMISSION_DATE",
									"type": "DateTime",
									"physicalType": "date"
								}
							},
							{
								"source": {
									"name": "EXAM_SIGNOFF_DATE",
									"type": "DateTime",
									"physicalType": "DATE"
								},
								"sink": {
									"name": "EXAM_SIGNOFF_DATE",
									"type": "DateTime",
									"physicalType": "date"
								}
							},
							{
								"source": {
									"name": "EXAM_TYPE_SR_KEY",
									"type": "Decimal",
									"physicalType": "DECIMAL"
								},
								"sink": {
									"name": "EXAM_TYPE_SR_KEY",
									"type": "Decimal",
									"physicalType": "decimal",
									"scale": 0,
									"precision": 18
								}
							},
							{
								"source": {
									"name": "EXAM_REQ_STATUS",
									"type": "Decimal",
									"physicalType": "DECIMAL"
								},
								"sink": {
									"name": "EXAM_REQ_STATUS",
									"type": "Decimal",
									"physicalType": "decimal",
									"scale": 0,
									"precision": 18
								}
							},
							{
								"source": {
									"name": "EXAM_COMPLETED_IND",
									"type": "String",
									"physicalType": "UTF8"
								},
								"sink": {
									"name": "EXAM_COMPLETED_IND",
									"type": "String",
									"physicalType": "varchar"
								}
							},
							{
								"source": {
									"name": "EXAMINER_NAME",
									"type": "String",
									"physicalType": "UTF8"
								},
								"sink": {
									"name": "EXAMINER_NAME",
									"type": "String",
									"physicalType": "varchar"
								}
							},
							{
								"source": {
									"name": "EXAMINER_COMMENT",
									"type": "String",
									"physicalType": "UTF8"
								},
								"sink": {
									"name": "EXAMINER_COMMENT",
									"type": "String",
									"physicalType": "varchar"
								}
							},
							{
								"source": {
									"name": "REVIEWER_NAME",
									"type": "String",
									"physicalType": "UTF8"
								},
								"sink": {
									"name": "REVIEWER_NAME",
									"type": "String",
									"physicalType": "varchar"
								}
							},
							{
								"source": {
									"name": "REVIEWER_COMMENT",
									"type": "String",
									"physicalType": "UTF8"
								},
								"sink": {
									"name": "REVIEWER_COMMENT",
									"type": "String",
									"physicalType": "varchar"
								}
							},
							{
								"source": {
									"name": "SUPPLIER_SR_KEY",
									"type": "Decimal",
									"physicalType": "DECIMAL"
								},
								"sink": {
									"name": "SUPPLIER_SR_KEY",
									"type": "Decimal",
									"physicalType": "decimal",
									"scale": 0,
									"precision": 18
								}
							},
							{
								"source": {
									"name": "SUPPLIER_REPORT_FILENAME",
									"type": "String",
									"physicalType": "UTF8"
								},
								"sink": {
									"name": "SUPPLIER_REPORT_FILENAME",
									"type": "String",
									"physicalType": "varchar"
								}
							},
							{
								"source": {
									"name": "CMI_SCORE",
									"type": "Decimal",
									"physicalType": "DECIMAL"
								},
								"sink": {
									"name": "CMI_SCORE",
									"type": "Decimal",
									"physicalType": "decimal",
									"scale": 0,
									"precision": 3
								}
							},
							{
								"source": {
									"name": "CMI_DATE",
									"type": "DateTime",
									"physicalType": "DATE"
								},
								"sink": {
									"name": "CMI_DATE",
									"type": "DateTime",
									"physicalType": "date"
								}
							},
							{
								"source": {
									"name": "STRUC_DESCRIPTION",
									"type": "String",
									"physicalType": "UTF8"
								},
								"sink": {
									"name": "STRUC_DESCRIPTION",
									"type": "String",
									"physicalType": "varchar"
								}
							},
							{
								"source": {
									"name": "AT_OR_BETWEEN_STATIONS",
									"type": "String",
									"physicalType": "UTF8"
								},
								"sink": {
									"name": "AT_OR_BETWEEN_STATIONS",
									"type": "String",
									"physicalType": "varchar"
								}
							},
							{
								"source": {
									"name": "SPAN_TEXT",
									"type": "String",
									"physicalType": "UTF8"
								},
								"sink": {
									"name": "SPAN_TEXT",
									"type": "String",
									"physicalType": "varchar"
								}
							},
							{
								"source": {
									"name": "Migration_CREATED_USER",
									"type": "String",
									"physicalType": "UTF8"
								},
								"sink": {
									"name": "CREATED_USER",
									"type": "String",
									"physicalType": "varchar"
								}
							},
							{
								"source": {
									"name": "Migration_CREATED_DATE",
									"type": "DateTime",
									"physicalType": "INT96"
								},
								"sink": {
									"name": "CREATED_DATE",
									"type": "DateTime",
									"physicalType": "datetime"
								}
							},
							{
								"source": {
									"name": "EXAM_REPORT_STATUS",
									"type": "Decimal",
									"physicalType": "DECIMAL"
								},
								"sink": {
									"name": "EXAM_REPORT_STATUS",
									"type": "Decimal",
									"physicalType": "decimal",
									"scale": 0,
									"precision": 18
								}
							},
							{
								"source": {
									"name": "INTERNAL_NOTES",
									"type": "String",
									"physicalType": "UTF8"
								},
								"sink": {
									"name": "INTERNAL_NOTES",
									"type": "String",
									"physicalType": "varchar"
								}
							},
							{
								"source": {
									"name": "COMMENT_TO_SEC",
									"type": "String",
									"physicalType": "UTF8"
								},
								"sink": {
									"name": "COMMENT_TO_SEC",
									"type": "String",
									"physicalType": "varchar"
								}
							},
							{
								"source": {
									"name": "IS_LAST_EXAM",
									"type": "String",
									"physicalType": "UTF8"
								},
								"sink": {
									"name": "IS_LAST_EXAM",
									"type": "String",
									"physicalType": "char"
								}
							},
							{
								"source": {
									"name": "EXAM_GROUP_SR_KEY",
									"type": "Decimal",
									"physicalType": "DECIMAL"
								},
								"sink": {
									"name": "EXAM_GROUP_SR_KEY",
									"type": "Decimal",
									"physicalType": "decimal",
									"scale": 0,
									"precision": 18
								}
							},
							{
								"source": {
									"name": "EXAM_REQUIREMENT",
									"type": "String",
									"physicalType": "UTF8"
								},
								"sink": {
									"name": "EXAM_REQUIREMENT",
									"type": "String",
									"physicalType": "varchar"
								}
							}
						],
						"typeConversion": true,
						"typeConversionSettings": {
							"allowDataTruncation": true,
							"treatBooleanAsNumber": false,
							"dateTimeFormat": "yyyy-MM-dd HH:mm:ss.fff"
						}
					}
				},
				"inputs": [
					{
						"referenceName": "ds_adlsgen2_Common_parquet",
						"type": "DatasetReference",
						"parameters": {
							"FileSystem": {
								"value": "@pipeline().globalParameters.gp_DataLake_Container",
								"type": "Expression"
							},
							"Directory": {
								"value": "@concat('ces-adls-data/Full/Curated/Exam/','YEAR-', formatDateTime(utcnow(),'yyyy'),'/MONTH-',formatDateTime(utcnow(),'MM'),'/DAY-',formatDateTime(utcnow(),'dd'))",
								"type": "Expression"
							},
							"Filename": {
								"value": "@concat('CES_Exam_',formatDateTime(utcnow(),'yyyyMMdd'),'.parquet')",
								"type": "Expression"
							}
						}
					}
				],
				"outputs": [
					{
						"referenceName": "ds_sql_Insert_Exam",
						"type": "DatasetReference"
					}
				]
			},
			{
				"name": "acty_Sp_Insert_ControlAudit",
				"type": "SqlServerStoredProcedure",
				"dependsOn": [
					{
						"activity": "SP_UpdateISLatestFlag",
						"dependencyConditions": [
							"Succeeded"
						]
					}
				],
				"policy": {
					"timeout": "7.00:00:00",
					"retry": 0,
					"retryIntervalInSeconds": 30,
					"secureOutput": false,
					"secureInput": false
				},
				"userProperties": [],
				"typeProperties": {
					"storedProcedureName": "CTL_CES_ADL_CONTROL.sp_Insert_ADF_ControlAuditData",
					"storedProcedureParameters": {
						"ADFName": {
							"value": {
								"value": "@pipeline().DataFactory",
								"type": "Expression"
							},
							"type": "String"
						},
						"ActivityName": {
							"value": "acty_Copy_Curated_Destination",
							"type": "String"
						},
						"CreatedBy": {
							"value": "CES",
							"type": "String"
						},
						"EndTime": {
							"value": {
								"value": "@utcnow()",
								"type": "Expression"
							},
							"type": "DateTime"
						},
						"Message": {
							"value": "Loading the Curated data to target sql table",
							"type": "String"
						},
						"PipeLineName": {
							"value": {
								"value": "@pipeline().Pipeline",
								"type": "Expression"
							},
							"type": "String"
						},
						"PipeLineRunID": {
							"value": {
								"value": "@pipeline().RunId",
								"type": "Expression"
							},
							"type": "String"
						},
						"Rows_Transferred": {
							"value": null,
							"type": "Int64"
						},
						"Status": {
							"value": "Success",
							"type": "String"
						},
						"StartTime": {
							"value": {
								"value": "@pipeline().TriggerTime",
								"type": "Expression"
							},
							"type": "DateTime"
						},
						"TargetTable": {
							"value": "CES.EXAM",
							"type": "String"
						},
						"TriggerType": {
							"value": {
								"value": "@pipeline().TriggerType",
								"type": "Expression"
							},
							"type": "String"
						}
					}
				},
				"linkedServiceName": {
					"referenceName": "lscesdb",
					"type": "LinkedServiceReference"
				}
			},
			{
				"name": "acty_Sp_Insert_ControlAudit_Failed",
				"type": "SqlServerStoredProcedure",
				"dependsOn": [
					{
						"activity": "acty_Copy_Curated_Destination",
						"dependencyConditions": [
							"Failed"
						]
					},
					{
						"activity": "SP_UpdateISLatestFlag",
						"dependencyConditions": [
							"Failed"
						]
					}
				],
				"policy": {
					"timeout": "7.00:00:00",
					"retry": 0,
					"retryIntervalInSeconds": 30,
					"secureOutput": false,
					"secureInput": false
				},
				"userProperties": [],
				"typeProperties": {
					"storedProcedureName": "CTL_CES_ADL_CONTROL.sp_Insert_ADF_ControlAuditData",
					"storedProcedureParameters": {
						"ADFName": {
							"value": {
								"value": "@pipeline().DataFactory",
								"type": "Expression"
							},
							"type": "String"
						},
						"ActivityName": {
							"value": "acty_Copy_Curated_Destination",
							"type": "String"
						},
						"CreatedBy": {
							"value": "CES",
							"type": "String"
						},
						"EndTime": {
							"value": {
								"value": "@utcnow()",
								"type": "Expression"
							},
							"type": "DateTime"
						},
						"Message": {
							"value": "Loading the Curated data to target sql table",
							"type": "String"
						},
						"PipeLineName": {
							"value": {
								"value": "@pipeline().Pipeline",
								"type": "Expression"
							},
							"type": "String"
						},
						"PipeLineRunID": {
							"value": {
								"value": "@pipeline().RunId",
								"type": "Expression"
							},
							"type": "String"
						},
						"Rows_Transferred": {
							"value": null,
							"type": "Int64"
						},
						"Status": {
							"value": "Failed",
							"type": "String"
						},
						"StartTime": {
							"value": {
								"value": "@pipeline().TriggerTime",
								"type": "Expression"
							},
							"type": "DateTime"
						},
						"TargetTable": {
							"value": "CES.EXAM",
							"type": "String"
						},
						"TriggerType": {
							"value": {
								"value": "@pipeline().TriggerType",
								"type": "Expression"
							},
							"type": "String"
						}
					}
				},
				"linkedServiceName": {
					"referenceName": "lscesdb",
					"type": "LinkedServiceReference"
				}
			},
			{
				"name": "SP_UpdateISLatestFlag",
				"type": "SqlServerStoredProcedure",
				"dependsOn": [
					{
						"activity": "SP_InsertWORk",
						"dependencyConditions": [
							"Succeeded"
						]
					}
				],
				"policy": {
					"timeout": "7.00:00:00",
					"retry": 0,
					"retryIntervalInSeconds": 30,
					"secureOutput": false,
					"secureInput": false
				},
				"userProperties": [],
				"typeProperties": {
					"storedProcedureName": "[CES].[sp_Update_EXAM_IsLastFlg_Migration_ADF]"
				},
				"linkedServiceName": {
					"referenceName": "lscesdb",
					"type": "LinkedServiceReference"
				}
			},
			{
				"name": "SP_InsertWORk",
				"type": "SqlServerStoredProcedure",
				"dependsOn": [
					{
						"activity": "acty_Copy_Curated_Destination",
						"dependencyConditions": [
							"Succeeded"
						]
					}
				],
				"policy": {
					"timeout": "7.00:00:00",
					"retry": 0,
					"retryIntervalInSeconds": 30,
					"secureOutput": false,
					"secureInput": false
				},
				"userProperties": [],
				"typeProperties": {
					"storedProcedureName": "[CES].[sp_Insert_Work_Exam_Migration_ADF]"
				},
				"linkedServiceName": {
					"referenceName": "lscesdb",
					"type": "LinkedServiceReference"
				}
			}
		],
		"folder": {
			"name": "CARRS/Migration/CuratedtoDestination"
		},
		"annotations": []
	}
}