{
	"name": "ppl_ces_PostExamfiles_DefectID_gen",
	"properties": {
		"activities": [
			{
				"name": "acty_Sp_Insert_ControlAudit_Curated",
				"type": "SqlServerStoredProcedure",
				"dependsOn": [
					{
						"activity": "copy_sp_curated",
						"dependencyConditions": [
							"Succeeded"
						]
					}
				],
				"policy": {
					"timeout": "7.00:00:00",
					"retry": 0,
					"retryIntervalInSeconds": 30,
					"secureOutput": false,
					"secureInput": false
				},
				"userProperties": [],
				"typeProperties": {
					"storedProcedureName": "[CTL_CES_ADL_CONTROL].sp_Insert_ADF_ControlAuditData",
					"storedProcedureParameters": {
						"ActivityName": {
							"value": "Execute Curated to Destination",
							"type": "String"
						},
						"ADFName": {
							"value": {
								"value": "@pipeline().DataFactory",
								"type": "Expression"
							},
							"type": "String"
						},
						"CreatedBy": {
							"value": "CES",
							"type": "String"
						},
						"EndTime": {
							"value": {
								"value": "@utcnow()",
								"type": "Expression"
							},
							"type": "DateTime"
						},
						"Message": {
							"value": {
								"value": "Executing the Curated to Destination layer data insertion",
								"type": "Expression"
							},
							"type": "String"
						},
						"PipeLineName": {
							"value": {
								"value": "@pipeline().Pipeline",
								"type": "Expression"
							},
							"type": "String"
						},
						"PipeLineRunID": {
							"value": {
								"value": "@pipeline().RunId",
								"type": "Expression"
							},
							"type": "String"
						},
						"Rows_Transferred": {
							"value": null,
							"type": "Int64"
						},
						"StartTime": {
							"value": {
								"value": "@pipeline().TriggerTime",
								"type": "Expression"
							},
							"type": "DateTime"
						},
						"Status": {
							"value": "Success",
							"type": "String"
						},
						"TargetTable": {
							"value": null,
							"type": "String"
						},
						"TriggerType": {
							"value": {
								"value": "@pipeline().TriggerType",
								"type": "Expression"
							},
							"type": "String"
						}
					}
				},
				"linkedServiceName": {
					"referenceName": "lscesdb",
					"type": "LinkedServiceReference"
				}
			},
			{
				"name": "acty_Sp_Insert_ControlAudit_Curated_Failed",
				"type": "SqlServerStoredProcedure",
				"dependsOn": [
					{
						"activity": "copy_sp_curated",
						"dependencyConditions": [
							"Failed"
						]
					}
				],
				"policy": {
					"timeout": "7.00:00:00",
					"retry": 0,
					"retryIntervalInSeconds": 30,
					"secureOutput": false,
					"secureInput": false
				},
				"userProperties": [],
				"typeProperties": {
					"storedProcedureName": "[CTL_CES_ADL_CONTROL].sp_Insert_ADF_ControlAuditData",
					"storedProcedureParameters": {
						"ActivityName": {
							"value": "Execute Curated to Destination",
							"type": "String"
						},
						"ADFName": {
							"value": {
								"value": "@pipeline().DataFactory",
								"type": "Expression"
							},
							"type": "String"
						},
						"CreatedBy": {
							"value": "CES",
							"type": "String"
						},
						"EndTime": {
							"value": {
								"value": "@utcnow()",
								"type": "Expression"
							},
							"type": "DateTime"
						},
						"Message": {
							"value": {
								"value": "Executing the Curated to Destination layer data insertion",
								"type": "Expression"
							},
							"type": "String"
						},
						"PipeLineName": {
							"value": {
								"value": "@pipeline().Pipeline",
								"type": "Expression"
							},
							"type": "String"
						},
						"PipeLineRunID": {
							"value": {
								"value": "@pipeline().RunId",
								"type": "Expression"
							},
							"type": "String"
						},
						"Rows_Transferred": {
							"value": null,
							"type": "Int64"
						},
						"StartTime": {
							"value": {
								"value": "@pipeline().TriggerTime",
								"type": "Expression"
							},
							"type": "DateTime"
						},
						"Status": {
							"value": "Failed",
							"type": "String"
						},
						"TargetTable": {
							"value": null,
							"type": "String"
						},
						"TriggerType": {
							"value": {
								"value": "@pipeline().TriggerType",
								"type": "Expression"
							},
							"type": "String"
						}
					}
				},
				"linkedServiceName": {
					"referenceName": "lscesdb",
					"type": "LinkedServiceReference"
				}
			},
			{
				"name": "SPUpdateFileProcessingLog_Success",
				"type": "SqlServerStoredProcedure",
				"dependsOn": [
					{
						"activity": "copy_sp_curated",
						"dependencyConditions": [
							"Succeeded"
						]
					}
				],
				"policy": {
					"timeout": "7.00:00:00",
					"retry": 0,
					"retryIntervalInSeconds": 30,
					"secureOutput": false,
					"secureInput": false
				},
				"userProperties": [],
				"typeProperties": {
					"storedProcedureName": "[CES].[sp_update_ADF_FILE_PROCESS_LOG]",
					"storedProcedureParameters": {
						"ERROR_DESCRIPTION": {
							"value": null,
							"type": "String"
						},
						"ERROR_FILE_LOCATION": {
							"value": null,
							"type": "String"
						},
						"FILE_NAME": {
							"value": {
								"value": "@concat(pipeline().parameters.CuratedFiles,'.xml')",
								"type": "Expression"
							},
							"type": "String"
						},
						"FILE_PROCESS_DATE": {
							"value": {
								"value": "@utcnow()",
								"type": "Expression"
							},
							"type": "DateTime"
						},
						"FILE_PROCESS_STATUS": {
							"value": "Succeeded",
							"type": "String"
						},
						"SOURCE_FILE_LOCATION": {
							"value": null,
							"type": "String"
						},
						"UPDATED_DATE": {
							"value": {
								"value": "@utcnow()",
								"type": "Expression"
							},
							"type": "DateTime"
						},
						"UPDATED_USER": {
							"value": {
								"value": "CES",
								"type": "Expression"
							},
							"type": "String"
						}
					}
				},
				"linkedServiceName": {
					"referenceName": "lscesdb",
					"type": "LinkedServiceReference"
				}
			},
			{
				"name": "LookupDefect",
				"type": "Lookup",
				"dependsOn": [
					{
						"activity": "Copy_defect_json",
						"dependencyConditions": [
							"Succeeded"
						]
					}
				],
				"policy": {
					"timeout": "7.00:00:00",
					"retry": 0,
					"retryIntervalInSeconds": 30,
					"secureOutput": false,
					"secureInput": false
				},
				"userProperties": [],
				"typeProperties": {
					"source": {
						"type": "JsonSource",
						"storeSettings": {
							"type": "AzureBlobFSReadSettings",
							"recursive": true,
							"enablePartitionDiscovery": false
						},
						"formatSettings": {
							"type": "JsonReadSettings"
						}
					},
					"dataset": {
						"referenceName": "ds_adlsgen2_json",
						"type": "DatasetReference",
						"parameters": {
							"Directory": {
								"value": "@pipeline().parameters.PostExamDirectory",
								"type": "Expression"
							},
							"FileName": {
								"value": "@concat(pipeline().parameters.CuratedFiles,'_Defect.json')",
								"type": "Expression"
							}
						}
					},
					"firstRowOnly": false
				}
			},
			{
				"name": "Copy_defect_json",
				"type": "Copy",
				"dependsOn": [],
				"policy": {
					"timeout": "7.00:00:00",
					"retry": 0,
					"retryIntervalInSeconds": 30,
					"secureOutput": false,
					"secureInput": false
				},
				"userProperties": [],
				"typeProperties": {
					"source": {
						"type": "ParquetSource",
						"storeSettings": {
							"type": "AzureBlobFSReadSettings",
							"recursive": true,
							"enablePartitionDiscovery": false
						}
					},
					"sink": {
						"type": "JsonSink",
						"storeSettings": {
							"type": "AzureBlobFSWriteSettings"
						},
						"formatSettings": {
							"type": "JsonWriteSettings",
							"filePattern": "arrayOfObjects"
						}
					},
					"enableStaging": false
				},
				"inputs": [
					{
						"referenceName": "ds_adlsgen2_Common_parquet",
						"type": "DatasetReference",
						"parameters": {
							"FileSystem": {
								"value": "@pipeline().globalParameters.gp_DataLake_Container",
								"type": "Expression"
							},
							"Directory": {
								"value": "@pipeline().parameters.PostExamDirectory",
								"type": "Expression"
							},
							"Filename": {
								"value": "@concat(pipeline().parameters.CuratedFiles,'_DefectTransformed.parquet')",
								"type": "Expression"
							}
						}
					}
				],
				"outputs": [
					{
						"referenceName": "ds_adlsgen2_json",
						"type": "DatasetReference",
						"parameters": {
							"Directory": {
								"value": "@pipeline().parameters.PostExamDirectory",
								"type": "Expression"
							},
							"FileName": {
								"value": "@concat(pipeline().parameters.CuratedFiles,'_Defect.json')",
								"type": "Expression"
							}
						}
					}
				]
			},
			{
				"name": "Execute_Def_seq_gen_Fail",
				"type": "ExecutePipeline",
				"dependsOn": [
					{
						"activity": "copy_sp_curated",
						"dependencyConditions": [
							"Failed"
						]
					}
				],
				"userProperties": [],
				"typeProperties": {
					"pipeline": {
						"referenceName": "ppl_ces_PostExamfiles_DefID_Gen_fail",
						"type": "PipelineReference"
					},
					"waitOnCompletion": true,
					"parameters": {
						"Filename": {
							"value": "@pipeline().parameters.CuratedFiles",
							"type": "Expression"
						}
					}
				}
			},
			{
				"name": "copy_sp_curated",
				"type": "Copy",
				"dependsOn": [
					{
						"activity": "LookupDefect",
						"dependencyConditions": [
							"Succeeded"
						]
					}
				],
				"policy": {
					"timeout": "7.00:00:00",
					"retry": 0,
					"retryIntervalInSeconds": 30,
					"secureOutput": false,
					"secureInput": false
				},
				"userProperties": [],
				"typeProperties": {
					"source": {
						"type": "AzureSqlSource",
						"sqlReaderStoredProcedureName": "[CES].[sp_Upsert_Postexam_DefectDtls]",
						"storedProcedureParameters": {
							"Input_JSON": {
								"type": "String",
								"value": {
									"value": "@concat('',activity('LookupDefect').output.value,'')",
									"type": "Expression"
								}
							}
						},
						"queryTimeout": "02:00:00",
						"partitionOption": "None"
					},
					"sink": {
						"type": "ParquetSink",
						"storeSettings": {
							"type": "AzureBlobFSWriteSettings"
						},
						"formatSettings": {
							"type": "ParquetWriteSettings"
						}
					},
					"enableStaging": false,
					"translator": {
						"type": "TabularTranslator",
						"typeConversion": true,
						"typeConversionSettings": {
							"allowDataTruncation": true,
							"treatBooleanAsNumber": false
						}
					}
				},
				"inputs": [
					{
						"referenceName": "ds_SQL_common_query",
						"type": "DatasetReference"
					}
				],
				"outputs": [
					{
						"referenceName": "ds_adlsgen2_Common_parquet",
						"type": "DatasetReference",
						"parameters": {
							"FileSystem": {
								"value": "@pipeline().globalParameters.gp_DataLake_Container",
								"type": "Expression"
							},
							"Directory": {
								"value": "@pipeline().parameters.Curateddirectory",
								"type": "Expression"
							},
							"Filename": {
								"value": "@concat(pipeline().parameters.CuratedFiles,'_Defect_INS.parquet')",
								"type": "Expression"
							}
						}
					}
				]
			},
			{
				"name": "DeleteJson",
				"type": "Delete",
				"dependsOn": [
					{
						"activity": "copy_sp_curated",
						"dependencyConditions": [
							"Skipped"
						]
					}
				],
				"policy": {
					"timeout": "7.00:00:00",
					"retry": 0,
					"retryIntervalInSeconds": 30,
					"secureOutput": false,
					"secureInput": false
				},
				"userProperties": [],
				"typeProperties": {
					"dataset": {
						"referenceName": "ds_adlsgen2_json",
						"type": "DatasetReference",
						"parameters": {
							"Directory": {
								"value": "@pipeline().parameters.PostExamDirectory",
								"type": "Expression"
							},
							"FileName": {
								"value": "@concat(pipeline().parameters.CuratedFiles,'_Defect.json')",
								"type": "Expression"
							}
						}
					},
					"enableLogging": false,
					"storeSettings": {
						"type": "AzureBlobFSReadSettings",
						"recursive": true,
						"enablePartitionDiscovery": false
					}
				}
			}
		],
		"parameters": {
			"CuratedFiles": {
				"type": "string"
			},
			"Curateddirectory": {
				"type": "string"
			},
			"PostExamDirectory": {
				"type": "string"
			}
		},
		"variables": {
			"ErrorCount": {
				"type": "String",
				"defaultValue": "0"
			},
			"Error_msg": {
				"type": "String"
			}
		},
		"folder": {
			"name": "Post_Exam_Data"
		},
		"annotations": []
	}
}