{
	"name": "ppl_ces_PostExamfilesRaw_XSDcheck",
	"properties": {
		"activities": [
			{
				"name": "XML_Filephoto",
				"type": "Copy",
				"dependsOn": [
					{
						"activity": "XML_Defect",
						"dependencyConditions": [
							"Succeeded"
						]
					}
				],
				"policy": {
					"timeout": "7.00:00:00",
					"retry": 0,
					"retryIntervalInSeconds": 30,
					"secureOutput": false,
					"secureInput": false
				},
				"userProperties": [],
				"typeProperties": {
					"source": {
						"type": "XmlSource",
						"storeSettings": {
							"type": "AzureBlobFSReadSettings",
							"recursive": true,
							"enablePartitionDiscovery": false
						},
						"formatSettings": {
							"type": "XmlReadSettings",
							"validationMode": "xsd",
							"detectDataType": true,
							"namespaces": true
						}
					},
					"sink": {
						"type": "ParquetSink",
						"storeSettings": {
							"type": "AzureBlobFSWriteSettings"
						},
						"formatSettings": {
							"type": "ParquetWriteSettings"
						}
					},
					"enableStaging": false,
					"translator": {
						"type": "TabularTranslator",
						"mappings": [
							{
								"source": {
									"path": "['PhotoDate']"
								},
								"sink": {
									"name": "CREATED_DATE",
									"type": "DateTime"
								}
							},
							{
								"source": {
									"path": "['PhotoDescription']"
								},
								"sink": {
									"name": "PHOTO_DESCRIPTION",
									"type": "String"
								}
							},
							{
								"source": {
									"path": "['PhotoFileName']"
								},
								"sink": {
									"name": "IMAGE_NAME",
									"type": "String"
								}
							},
							{
								"source": {
									"path": "['PhotoLink']"
								},
								"sink": {
									"name": "IMAGE_LINK",
									"type": "String"
								}
							},
							{
								"source": {
									"path": "['PhotoType']"
								},
								"sink": {
									"name": "IMAGE_TYPE",
									"type": "String"
								}
							},
							{
								"source": {
									"path": "['PhotoIndex']"
								},
								"sink": {
									"name": "IMAGE_INDEX",
									"type": "String"
								}
							},
							{
								"source": {
									"path": "$['ExaminationSummaries']['ExaminationSummary'][0]['HeaderData']['@carrsExaminationID']"
								},
								"sink": {
									"name": "CARRS_EXAMINATION_ID",
									"type": "String"
								}
							},
							{
								"source": {
									"path": "$['ExaminationSummaries']['ExaminationSummary'][0]['HeaderData']['@examType']"
								},
								"sink": {
									"name": "EXAM_TYPE",
									"type": "String"
								}
							},
							{
								"source": {
									"path": "$['ExaminationSummaries']['ExaminationSummary'][0]['HeaderData']['@examDate']"
								},
								"sink": {
									"name": "EXAM_DATE",
									"type": "DateTime"
								}
							},
							{
								"source": {
									"path": "$['ExaminationSummaries']['ExaminationSummary'][0]['HeaderData']['@elr']"
								},
								"sink": {
									"name": "ELR",
									"type": "String"
								}
							},
							{
								"source": {
									"path": "$['ExaminationSummaries']['ExaminationSummary'][0]['HeaderData']['@structureReference']"
								},
								"sink": {
									"name": "STRUC_REFERENCE",
									"type": "String"
								}
							},
							{
								"source": {
									"path": "$['ExaminationSummaries']['ExaminationSummary'][0]['HeaderData']['@milesFrom']"
								},
								"sink": {
									"name": "START_MILES",
									"type": "Decimal"
								}
							},
							{
								"source": {
									"path": "$['ExaminationSummaries']['ExaminationSummary'][0]['HeaderData']['@yardsFrom']"
								},
								"sink": {
									"name": "START_YARDS",
									"type": "Decimal"
								}
							},
							{
								"source": {
									"path": "$['ExaminationSummaries']['ExaminationSummary'][0]['HeaderData']['@milesTo']"
								},
								"sink": {
									"name": "END_MILES",
									"type": "Decimal"
								}
							},
							{
								"source": {
									"path": "$['ExaminationSummaries']['ExaminationSummary'][0]['HeaderData']['@yardsTo']"
								},
								"sink": {
									"name": "END_YARDS",
									"type": "Decimal"
								}
							},
							{
								"source": {
									"path": "$['ExaminationSummaries']['ExaminationSummary'][0]['HeaderData']['@areaName']"
								},
								"sink": {
									"name": "AREA_NAME",
									"type": "String"
								}
							},
							{
								"source": {
									"path": "$['ExaminationSummaries']['ExaminationSummary'][0]['HeaderData']['@spanText']"
								},
								"sink": {
									"name": "SPAN_TEXT",
									"type": "String"
								}
							},
							{
								"source": {
									"path": "$['ExaminationSummaries']['ExaminationSummary'][0]['HeaderData']['@osReference']"
								},
								"sink": {
									"name": "OS_START_GRID_REF",
									"type": "String"
								}
							},
							{
								"source": {
									"path": "$['ExaminationSummaries']['ExaminationSummary'][0]['HeaderData']['@structureDescription']"
								},
								"sink": {
									"name": "STRUC_DESCRIPTION",
									"type": "String"
								}
							},
							{
								"source": {
									"path": "$['ExaminationSummaries']['ExaminationSummary'][0]['HeaderData']['@assetGroup']"
								},
								"sink": {
									"name": "ASSET_GROUP",
									"type": "String"
								}
							},
							{
								"source": {
									"path": "$['ExaminationSummaries']['ExaminationSummary'][0]['HeaderData']['@assetType']"
								},
								"sink": {
									"name": "ASSET_TYPE",
									"type": "String"
								}
							},
							{
								"source": {
									"path": "$['ExaminationSummaries']['ExaminationSummary'][0]['HeaderData']['@atOrBetweenStations']"
								},
								"sink": {
									"name": "AT_OR_BETWEEN_STATIONS",
									"type": "String"
								}
							},
							{
								"source": {
									"path": "$['ExaminationSummaries']['ExaminationSummary'][0]['HeaderData']['@anyHiddenParts']"
								},
								"sink": {
									"name": "ANY_HIDDEN_PARTS",
									"type": "String"
								}
							},
							{
								"source": {
									"path": "$['ExaminationSummaries']['ExaminationSummary'][0]['HeaderData']['@observedUnderLoad']"
								},
								"sink": {
									"name": "OBSERVED_UNDER_LOAD",
									"type": "String"
								}
							},
							{
								"source": {
									"path": "$['ExaminationSummaries']['ExaminationSummary'][0]['HeaderData']['@structureCarries']"
								},
								"sink": {
									"name": "STRUCTURE_CARRIES",
									"type": "String"
								}
							},
							{
								"source": {
									"path": "$['ExaminationSummaries']['ExaminationSummary'][0]['HeaderData']['@structureOver']"
								},
								"sink": {
									"name": "STRUCTURE_OVER",
									"type": "String"
								}
							},
							{
								"source": {
									"path": "$['ExaminationSummaries']['ExaminationSummary'][0]['HeaderData']['@completeExamination']"
								},
								"sink": {
									"name": "COMPLETE_EXAMINATION",
									"type": "String"
								}
							},
							{
								"source": {
									"path": "$['ExaminationSummaries']['ExaminationSummary'][0]['HeaderData']['@contractYear']"
								},
								"sink": {
									"name": "CONTRACT_YEAR",
									"type": "String"
								}
							},
							{
								"source": {
									"path": "$['ExaminationSummaries']['ExaminationSummary'][0]['HeaderData']['@secName']"
								},
								"sink": {
									"name": "SUPPLIER_NAME",
									"type": "String"
								}
							},
							{
								"source": {
									"path": "$['ExaminationSummaries']['ExaminationSummary'][0]['HeaderData']['@assetUID']"
								},
								"sink": {
									"name": "ASSET_GUID",
									"type": "String"
								}
							},
							{
								"source": {
									"path": "$['ExaminationSummaries']['ExaminationSummary'][0]['StructureDetails']['@structuralForm']"
								},
								"sink": {
									"name": "STRUCTURAL_FORM",
									"type": "String"
								}
							},
							{
								"source": {
									"path": "$['ExaminationSummaries']['ExaminationSummary'][0]['StructureDetails']['@primaryMaterial']"
								},
								"sink": {
									"name": "PRIMARY_MATERIAL",
									"type": "String"
								}
							},
							{
								"source": {
									"path": "$['ExaminationSummaries']['ExaminationSummary'][0]['StructureDetails']['@secondaryMaterial']"
								},
								"sink": {
									"name": "SECONDARY_MATERIAL",
									"type": "String"
								}
							},
							{
								"source": {
									"path": "$['ExaminationSummaries']['ExaminationSummary'][0]['StructureCondition']['@scmiDate']"
								},
								"sink": {
									"name": "CMI_DATE",
									"type": "DateTime"
								}
							},
							{
								"source": {
									"path": "$['ExaminationSummaries']['ExaminationSummary'][0]['StructureCondition']['@scmiScore']"
								},
								"sink": {
									"name": "CMI_SCORE",
									"type": "Decimal"
								}
							},
							{
								"source": {
									"path": "$['ExaminationSummaries']['ExaminationSummary'][0]['ExaminationSummaryData']['PartsNotExamined']['PartNotExamined'][0]['@partName']"
								},
								"sink": {
									"name": "PNE_PART_NAME",
									"type": "String"
								}
							},
							{
								"source": {
									"path": "$['ExaminationSummaries']['ExaminationSummary'][0]['ExaminationSummaryData']['PartsNotExamined']['PartNotExamined'][0]['@reasonNotExamined']"
								},
								"sink": {
									"name": "PNE_REASON",
									"type": "String"
								}
							},
							{
								"source": {
									"path": "$['ExaminationSummaries']['ExaminationSummary'][0]['ExaminationSummaryData']['Recommendations']['Recommendation'][0]['@itemNumber']"
								},
								"sink": {
									"name": "RCMN_NUM",
									"type": "Decimal"
								}
							},
							{
								"source": {
									"path": "$['ExaminationSummaries']['ExaminationSummary'][0]['ExaminationSummaryData']['Recommendations']['Recommendation'][0]['@description']"
								},
								"sink": {
									"name": "DESCRIPTION",
									"type": "String"
								}
							},
							{
								"source": {
									"path": "$['ExaminationSummaries']['ExaminationSummary'][0]['ExaminationSummaryData']['Recommendations']['Recommendation'][0]['@location']"
								},
								"sink": {
									"name": "LOCATION",
									"type": "String"
								}
							},
							{
								"source": {
									"path": "$['ExaminationSummaries']['ExaminationSummary'][0]['ExaminationSummaryData']['Recommendations']['Recommendation'][0]['@quantity']"
								},
								"sink": {
									"name": "QUJANTITY",
									"type": "Decimal"
								}
							},
							{
								"source": {
									"path": "$['ExaminationSummaries']['ExaminationSummary'][0]['ExaminationSummaryData']['Recommendations']['Recommendation'][0]['@quantityUnit']"
								},
								"sink": {
									"name": "QUANTITY_UNIT",
									"type": "String"
								}
							},
							{
								"source": {
									"path": "$['ExaminationSummaries']['ExaminationSummary'][0]['ExaminationSummaryData']['Recommendations']['Recommendation'][0]['@estimatedCost']"
								},
								"sink": {
									"name": "ESTIMATED_COST",
									"type": "Decimal"
								}
							},
							{
								"source": {
									"path": "$['ExaminationSummaries']['ExaminationSummary'][0]['ExaminationSummaryData']['Recommendations']['Recommendation'][0]['@extent']"
								},
								"sink": {
									"name": "EXTENT",
									"type": "String"
								}
							},
							{
								"source": {
									"path": "$['ExaminationSummaries']['ExaminationSummary'][0]['ExaminationSummaryData']['Recommendations']['Recommendation'][0]['@severity']"
								},
								"sink": {
									"name": "SEVERITY",
									"type": "String"
								}
							},
							{
								"source": {
									"path": "$['ExaminationSummaries']['ExaminationSummary'][0]['ExaminationSummaryData']['Recommendations']['Recommendation'][0]['@probability']"
								},
								"sink": {
									"name": "PROBABILTIY",
									"type": "String"
								}
							},
							{
								"source": {
									"path": "$['ExaminationSummaries']['ExaminationSummary'][0]['ExaminationSummaryData']['Recommendations']['Recommendation'][0]['@riskScore']"
								},
								"sink": {
									"name": "RISK_SCORE",
									"type": "String"
								}
							},
							{
								"source": {
									"path": "$['ExaminationSummaries']['ExaminationSummary'][0]['ExaminationSummaryData']['Recommendations']['Recommendation'][0]['@priorityYear']"
								},
								"sink": {
									"name": "PRIORITY_YEAR",
									"type": "String"
								}
							},
							{
								"source": {
									"path": "$['ExaminationSummaries']['ExaminationSummary'][0]['ExaminationSummaryData']['Recommendations']['Recommendation'][0]['@worksCategory']"
								},
								"sink": {
									"name": "WORK_CATEGORY",
									"type": "String"
								}
							},
							{
								"source": {
									"path": "$['ExaminationSummaries']['ExaminationSummary'][0]['ExaminationSummaryData']['ExaminersGeneralComments']['@examiningEngineersComments']"
								},
								"sink": {
									"name": "REVIEWER_COMMENT",
									"type": "String"
								}
							},
							{
								"source": {
									"path": "$['ExaminationSummaries']['ExaminationSummary'][0]['ExaminationSummaryData']['ExaminersGeneralComments']['@examinersGeneralComments']"
								},
								"sink": {
									"name": "ENGINEER_COMMENT",
									"type": "String"
								}
							},
							{
								"source": {
									"path": "$['ExaminationSummaries']['ExaminationSummary'][0]['ExaminationSummaryData']['SignoffDetails']['@examinerName']"
								},
								"sink": {
									"name": "REVIEWER_NAME",
									"type": "String"
								}
							},
							{
								"source": {
									"path": "$['ExaminationSummaries']['ExaminationSummary'][0]['ExaminationSummaryData']['SignoffDetails']['@examiningEngineerName']"
								},
								"sink": {
									"name": "EXAMINER_NAME",
									"type": "String"
								}
							},
							{
								"source": {
									"path": "$['ExaminationSummaries']['ExaminationSummary'][0]['ExaminationSummaryData']['SignoffDetails']['@dateSigned']"
								},
								"sink": {
									"name": "EXAM_SIGNOFF_DATE",
									"type": "DateTime"
								}
							},
							{
								"source": {
									"path": "$['ExaminationSummaries']['ExaminationSummary'][0]['FileDetails']['@filePath']"
								},
								"sink": {
									"name": "SUPPLIER_REPORT_REFERNCE",
									"type": "String"
								}
							},
							{
								"source": {
									"path": "$['ExaminationSummaries']['ExaminationSummary'][0]['FileDetails']['@fileName']"
								},
								"sink": {
									"name": "SUPPLIER_REPORT_FILENAME",
									"type": "String"
								}
							},
							{
								"source": {
									"path": "$['ExaminationSummaries']['ExaminationSummary'][0]['Defects']['Defect'][0]['@DefectID']"
								},
								"sink": {
									"name": "DEFECT_ID",
									"type": "Decimal"
								}
							},
							{
								"source": {
									"path": "$['ExaminationSummaries']['ExaminationSummary'][0]['Defects']['Defect'][0]['@DefectDescription']"
								},
								"sink": {
									"name": "DEFECT_DESCRIPTION",
									"type": "String"
								}
							},
							{
								"source": {
									"path": "$['ExaminationSummaries']['ExaminationSummary'][0]['Defects']['Defect'][0]['@MajorLocation']"
								},
								"sink": {
									"name": "LOCATION_MAJOR",
									"type": "String"
								}
							},
							{
								"source": {
									"path": "$['ExaminationSummaries']['ExaminationSummary'][0]['Defects']['Defect'][0]['@MinorLocation']"
								},
								"sink": {
									"name": "LOCATION_MINOR",
									"type": "String"
								}
							},
							{
								"source": {
									"path": "$['ExaminationSummaries']['ExaminationSummary'][0]['Defects']['Defect'][0]['@DefectLocation']"
								},
								"sink": {
									"name": "DEFECT_LOCTION",
									"type": "String"
								}
							},
							{
								"source": {
									"path": "$['ExaminationSummaries']['ExaminationSummary'][0]['Defects']['Defect'][0]['@RecommendationRaised']"
								},
								"sink": {
									"name": "RECOMMEND_RAISED",
									"type": "String"
								}
							},
							{
								"source": {
									"path": "$['ExaminationSummaries']['ExaminationSummary'][0]['Defects']['Defect'][0]['@Accessgained']"
								},
								"sink": {
									"name": "ACCESS_GAINED",
									"type": "String"
								}
							},
							{
								"source": {
									"path": "$['ExaminationSummaries']['ExaminationSummary'][0]['Defects']['Defect'][0]['@Deterioration']"
								},
								"sink": {
									"name": "DETERIORATION",
									"type": "String"
								}
							},
							{
								"source": {
									"path": "$['ExaminationSummaries']['ExaminationSummary'][0]['Defects']['Defect'][0]['@FlaggedforClosure']"
								},
								"sink": {
									"name": "FLAG_FOR_CLOSURE",
									"type": "String"
								}
							},
							{
								"source": {
									"path": "$['ExaminationSummaries']['ExaminationSummary'][0]['Defects']['Defect'][0]['@Repaired']"
								},
								"sink": {
									"name": "REPAIRED",
									"type": "String"
								}
							},
							{
								"source": {
									"path": "$['ExaminationSummaries']['ExaminationSummary'][0]['AccessData']['@Possession']"
								},
								"sink": {
									"name": "POSSESSION",
									"type": "String"
								}
							},
							{
								"source": {
									"path": "$['ExaminationSummaries']['ExaminationSummary'][0]['AccessData']['@LineBlock']"
								},
								"sink": {
									"name": "LINE_BLOCK",
									"type": "String"
								}
							},
							{
								"source": {
									"path": "$['ExaminationSummaries']['ExaminationSummary'][0]['AccessData']['@TrafficManagement']"
								},
								"sink": {
									"name": "TRAFFIIC_MNGT",
									"type": "String"
								}
							},
							{
								"source": {
									"path": "$['ExaminationSummaries']['ExaminationSummary'][0]['AccessData']['@RRV']"
								},
								"sink": {
									"name": "RRV",
									"type": "String"
								}
							},
							{
								"source": {
									"path": "$['ExaminationSummaries']['ExaminationSummary'][0]['AccessData']['@MEWP']"
								},
								"sink": {
									"name": "MEWP",
									"type": "String"
								}
							},
							{
								"source": {
									"path": "$['ExaminationSummaries']['ExaminationSummary'][0]['AccessData']['@RopeAccess']"
								},
								"sink": {
									"name": "ROPE_ACCESS",
									"type": "String"
								}
							},
							{
								"source": {
									"path": "$['ExaminationSummaries']['ExaminationSummary'][0]['AccessData']['@Scaffold']"
								},
								"sink": {
									"name": "SCAFFOLD",
									"type": "String"
								}
							},
							{
								"source": {
									"path": "$['ExaminationSummaries']['ExaminationSummary'][0]['AccessData']['@CCTV']"
								},
								"sink": {
									"name": "CCTV",
									"type": "String"
								}
							},
							{
								"source": {
									"path": "$['ExaminationSummaries']['ExaminationSummary'][0]['AccessData']['@ConfinedSpace']"
								},
								"sink": {
									"name": "CONFINED_SPACE",
									"type": "String"
								}
							},
							{
								"source": {
									"path": "$['ExaminationSummaries']['ExaminationSummary'][0]['AccessData']['@WaterPermit']"
								},
								"sink": {
									"name": "WATER_PERMIT",
									"type": "String"
								}
							},
							{
								"source": {
									"path": "$['ExaminationSummaries']['ExaminationSummary'][0]['AccessData']['@SafetyBoat']"
								},
								"sink": {
									"name": "SAFETY_BOAT",
									"type": "String"
								}
							},
							{
								"source": {
									"path": "$['ExaminationSummaries']['ExaminationSummary'][0]['AccessData']['@ThirdParty']"
								},
								"sink": {
									"name": "3RD_PARTY",
									"type": "String"
								}
							}
						],
						"collectionReference": "$['ExaminationSummaries']['ExaminationSummary'][0]['FilephotoDetails']",
						"mapComplexValuesToString": false
					}
				},
				"inputs": [
					{
						"referenceName": "ds_adlsgen2_Raw_XML",
						"type": "DatasetReference",
						"parameters": {
							"XMLrawDirectory": {
								"value": "@pipeline().parameters.PostExamRawDirectory",
								"type": "Expression"
							},
							"XMLfilename": {
								"value": "@pipeline().parameters.xml_filename",
								"type": "Expression"
							}
						}
					}
				],
				"outputs": [
					{
						"referenceName": "ds_adlsgen2_XML_rawfile",
						"type": "DatasetReference",
						"parameters": {
							"RawDirectory": {
								"value": "@pipeline().parameters.PostExamDirectory",
								"type": "Expression"
							},
							"RawFilename": {
								"value": "@replace(pipeline().parameters.xml_filename,'.xml','.parquet')",
								"type": "Expression"
							}
						}
					}
				]
			},
			{
				"name": "sp_File_Process_Log_XML_validate_Success",
				"type": "SqlServerStoredProcedure",
				"dependsOn": [
					{
						"activity": "XML_Filephoto",
						"dependencyConditions": [
							"Succeeded"
						]
					}
				],
				"policy": {
					"timeout": "7.00:00:00",
					"retry": 0,
					"retryIntervalInSeconds": 30,
					"secureOutput": false,
					"secureInput": false
				},
				"userProperties": [],
				"typeProperties": {
					"storedProcedureName": "[CES].[sp_update_ADF_FILE_PROCESS_LOG]",
					"storedProcedureParameters": {
						"Error_Description": {
							"value": null,
							"type": "String"
						},
						"Error_File_Location": {
							"value": null,
							"type": "String"
						},
						"File_Name": {
							"value": {
								"value": "@pipeline().parameters.xml_filename",
								"type": "Expression"
							},
							"type": "String"
						},
						"File_Process_Date": {
							"value": {
								"value": "@utcnow()",
								"type": "Expression"
							},
							"type": "DateTime"
						},
						"File_Process_Status": {
							"value": "Succeeded",
							"type": "String"
						},
						"Source_File_Location": {
							"value": {
								"value": "@pipeline().parameters.PostExamRawDirectory",
								"type": "Expression"
							},
							"type": "String"
						},
						"Updated_Date": {
							"value": {
								"value": "@utcnow()",
								"type": "Expression"
							},
							"type": "DateTime"
						},
						"Updated_User": {
							"value": "CES",
							"type": "String"
						}
					}
				},
				"linkedServiceName": {
					"referenceName": "lscesdb",
					"type": "LinkedServiceReference"
				}
			},
			{
				"name": "Copy_xsd",
				"type": "Copy",
				"dependsOn": [],
				"policy": {
					"timeout": "7.00:00:00",
					"retry": 0,
					"retryIntervalInSeconds": 30,
					"secureOutput": false,
					"secureInput": false
				},
				"userProperties": [],
				"typeProperties": {
					"source": {
						"type": "BinarySource",
						"storeSettings": {
							"type": "AzureBlobFSReadSettings",
							"recursive": true
						},
						"formatSettings": {
							"type": "BinaryReadSettings"
						}
					},
					"sink": {
						"type": "BinarySink",
						"storeSettings": {
							"type": "AzureBlobFSWriteSettings"
						}
					},
					"enableStaging": false
				},
				"inputs": [
					{
						"referenceName": "ds_adlsgen2_common_xsd",
						"type": "DatasetReference"
					}
				],
				"outputs": [
					{
						"referenceName": "ds_adlsgen2_get_postexamfiles",
						"type": "DatasetReference",
						"parameters": {
							"Directory": {
								"value": "@pipeline().parameters.PostExamRawDirectory",
								"type": "Expression"
							},
							"Container": "ces-adls"
						}
					}
				]
			},
			{
				"name": "XML_Defect",
				"type": "Copy",
				"dependsOn": [
					{
						"activity": "XML_Recommendation",
						"dependencyConditions": [
							"Succeeded"
						]
					}
				],
				"policy": {
					"timeout": "7.00:00:00",
					"retry": 0,
					"retryIntervalInSeconds": 30,
					"secureOutput": false,
					"secureInput": false
				},
				"userProperties": [],
				"typeProperties": {
					"source": {
						"type": "XmlSource",
						"storeSettings": {
							"type": "AzureBlobFSReadSettings",
							"recursive": true,
							"enablePartitionDiscovery": false
						},
						"formatSettings": {
							"type": "XmlReadSettings",
							"validationMode": "xsd",
							"detectDataType": true,
							"namespaces": true
						}
					},
					"sink": {
						"type": "ParquetSink",
						"storeSettings": {
							"type": "AzureBlobFSWriteSettings"
						},
						"formatSettings": {
							"type": "ParquetWriteSettings"
						}
					},
					"enableStaging": false,
					"translator": {
						"type": "TabularTranslator",
						"mappings": [
							{
								"source": {
									"path": "['@DefectID']"
								},
								"sink": {
									"name": "DEFECT_ID",
									"type": "Decimal"
								}
							},
							{
								"source": {
									"path": "['@DefectDescription']"
								},
								"sink": {
									"name": "DEFECT_DESCRIPTION",
									"type": "String"
								}
							},
							{
								"source": {
									"path": "['@MajorLocation']"
								},
								"sink": {
									"name": "LOCATION_MAJOR",
									"type": "String"
								}
							},
							{
								"source": {
									"path": "['@MinorLocation']"
								},
								"sink": {
									"name": "LOCATION_MINOR",
									"type": "String"
								}
							},
							{
								"source": {
									"path": "['@DefectLocation']"
								},
								"sink": {
									"name": "DEFECT_LOCTION",
									"type": "String"
								}
							},
							{
								"source": {
									"path": "['@RecommendationRaised']"
								},
								"sink": {
									"name": "RECOMMEND_RAISED",
									"type": "String"
								}
							},
							{
								"source": {
									"path": "['@Accessgained']"
								},
								"sink": {
									"name": "ACCESS_GAINED",
									"type": "String"
								}
							},
							{
								"source": {
									"path": "['@AccessRequired']"
								},
								"sink": {
									"name": "ACCESS_REQUIRED",
									"type": "String"
								}
							},
							{
								"source": {
									"path": "['@DefectRiskScore']"
								},
								"sink": {
									"name": "DEF_RISK_SCORE",
									"type": "String"
								}
							},
							{
								"source": {
									"path": "['@Deterioration']"
								},
								"sink": {
									"name": "DETERIORATION",
									"type": "String"
								}
							},
							{
								"source": {
									"path": "['@FlaggedforClosure']"
								},
								"sink": {
									"name": "FLAG_FOR_CLOSURE",
									"type": "String"
								}
							},
							{
								"source": {
									"path": "['@Repaired']"
								},
								"sink": {
									"name": "REPAIRED",
									"type": "String"
								}
							},
							{
								"source": {
									"path": "$['ExaminationSummaries']['ExaminationSummary'][0]['FilephotoDetails'][0]['PhotoDate']"
								},
								"sink": {
									"name": "CREATED_DATE",
									"type": "DateTime"
								}
							},
							{
								"source": {
									"path": "$['ExaminationSummaries']['ExaminationSummary'][0]['FilephotoDetails'][0]['PhotoDescription']"
								},
								"sink": {
									"name": "PHOTO_DESCRIPTION",
									"type": "String"
								}
							},
							{
								"source": {
									"path": "$['ExaminationSummaries']['ExaminationSummary'][0]['FilephotoDetails'][0]['PhotoFileName']"
								},
								"sink": {
									"name": "IMAGE_NAME",
									"type": "String"
								}
							},
							{
								"source": {
									"path": "$['ExaminationSummaries']['ExaminationSummary'][0]['FilephotoDetails'][0]['PhotoLink']"
								},
								"sink": {
									"name": "IMAGE_LINK",
									"type": "String"
								}
							},
							{
								"source": {
									"path": "$['ExaminationSummaries']['ExaminationSummary'][0]['FilephotoDetails'][0]['PhotoType']"
								},
								"sink": {
									"name": "IMAGE_TYPE",
									"type": "String"
								}
							},
							{
								"source": {
									"path": "$['ExaminationSummaries']['ExaminationSummary'][0]['FilephotoDetails'][0]['PhotoIndex']"
								},
								"sink": {
									"name": "IMAGE_INDEX",
									"type": "String"
								}
							},
							{
								"source": {
									"path": "$['ExaminationSummaries']['ExaminationSummary'][0]['HeaderData']['@carrsExaminationID']"
								},
								"sink": {
									"name": "CARRS_EXAMINATION_ID",
									"type": "String"
								}
							},
							{
								"source": {
									"path": "$['ExaminationSummaries']['ExaminationSummary'][0]['HeaderData']['@examType']"
								},
								"sink": {
									"name": "EXAM_TYPE",
									"type": "String"
								}
							},
							{
								"source": {
									"path": "$['ExaminationSummaries']['ExaminationSummary'][0]['HeaderData']['@examDate']"
								},
								"sink": {
									"name": "EXAM_DATE",
									"type": "DateTime"
								}
							},
							{
								"source": {
									"path": "$['ExaminationSummaries']['ExaminationSummary'][0]['HeaderData']['@elr']"
								},
								"sink": {
									"name": "ELR",
									"type": "String"
								}
							},
							{
								"source": {
									"path": "$['ExaminationSummaries']['ExaminationSummary'][0]['HeaderData']['@structureReference']"
								},
								"sink": {
									"name": "STRUC_REFERENCE",
									"type": "String"
								}
							},
							{
								"source": {
									"path": "$['ExaminationSummaries']['ExaminationSummary'][0]['HeaderData']['@milesFrom']"
								},
								"sink": {
									"name": "START_MILES",
									"type": "Decimal"
								}
							},
							{
								"source": {
									"path": "$['ExaminationSummaries']['ExaminationSummary'][0]['HeaderData']['@yardsFrom']"
								},
								"sink": {
									"name": "START_YARDS",
									"type": "Decimal"
								}
							},
							{
								"source": {
									"path": "$['ExaminationSummaries']['ExaminationSummary'][0]['HeaderData']['@milesTo']"
								},
								"sink": {
									"name": "END_MILES",
									"type": "Decimal"
								}
							},
							{
								"source": {
									"path": "$['ExaminationSummaries']['ExaminationSummary'][0]['HeaderData']['@yardsTo']"
								},
								"sink": {
									"name": "END_YARDS",
									"type": "Decimal"
								}
							},
							{
								"source": {
									"path": "$['ExaminationSummaries']['ExaminationSummary'][0]['HeaderData']['@areaName']"
								},
								"sink": {
									"name": "AREA_NAME",
									"type": "String"
								}
							},
							{
								"source": {
									"path": "$['ExaminationSummaries']['ExaminationSummary'][0]['HeaderData']['@spanText']"
								},
								"sink": {
									"name": "SPAN_TEXT",
									"type": "String"
								}
							},
							{
								"source": {
									"path": "$['ExaminationSummaries']['ExaminationSummary'][0]['HeaderData']['@osReference']"
								},
								"sink": {
									"name": "OS_START_GRID_REF",
									"type": "String"
								}
							},
							{
								"source": {
									"path": "$['ExaminationSummaries']['ExaminationSummary'][0]['HeaderData']['@structureDescription']"
								},
								"sink": {
									"name": "STRUC_DESCRIPTION",
									"type": "String"
								}
							},
							{
								"source": {
									"path": "$['ExaminationSummaries']['ExaminationSummary'][0]['HeaderData']['@assetGroup']"
								},
								"sink": {
									"name": "ASSET_GROUP",
									"type": "String"
								}
							},
							{
								"source": {
									"path": "$['ExaminationSummaries']['ExaminationSummary'][0]['HeaderData']['@assetType']"
								},
								"sink": {
									"name": "ASSET_TYPE",
									"type": "String"
								}
							},
							{
								"source": {
									"path": "$['ExaminationSummaries']['ExaminationSummary'][0]['HeaderData']['@atOrBetweenStations']"
								},
								"sink": {
									"name": "AT_OR_BETWEEN_STATIONS",
									"type": "String"
								}
							},
							{
								"source": {
									"path": "$['ExaminationSummaries']['ExaminationSummary'][0]['HeaderData']['@anyHiddenParts']"
								},
								"sink": {
									"name": "ANY_HIDDEN_PARTS",
									"type": "String"
								}
							},
							{
								"source": {
									"path": "$['ExaminationSummaries']['ExaminationSummary'][0]['HeaderData']['@observedUnderLoad']"
								},
								"sink": {
									"name": "OBSERVED_UNDER_LOAD",
									"type": "String"
								}
							},
							{
								"source": {
									"path": "$['ExaminationSummaries']['ExaminationSummary'][0]['HeaderData']['@structureCarries']"
								},
								"sink": {
									"name": "STRUCTURE_CARRIES",
									"type": "String"
								}
							},
							{
								"source": {
									"path": "$['ExaminationSummaries']['ExaminationSummary'][0]['HeaderData']['@structureOver']"
								},
								"sink": {
									"name": "STRUCTURE_OVER",
									"type": "String"
								}
							},
							{
								"source": {
									"path": "$['ExaminationSummaries']['ExaminationSummary'][0]['HeaderData']['@completeExamination']"
								},
								"sink": {
									"name": "COMPLETE_EXAMINATION",
									"type": "String"
								}
							},
							{
								"source": {
									"path": "$['ExaminationSummaries']['ExaminationSummary'][0]['HeaderData']['@contractYear']"
								},
								"sink": {
									"name": "CONTRACT_YEAR",
									"type": "String"
								}
							},
							{
								"source": {
									"path": "$['ExaminationSummaries']['ExaminationSummary'][0]['HeaderData']['@secName']"
								},
								"sink": {
									"name": "SUPPLIER_NAME",
									"type": "String"
								}
							},
							{
								"source": {
									"path": "$['ExaminationSummaries']['ExaminationSummary'][0]['HeaderData']['@assetUID']"
								},
								"sink": {
									"name": "ASSET_GUID",
									"type": "String"
								}
							},
							{
								"source": {
									"path": "$['ExaminationSummaries']['ExaminationSummary'][0]['StructureDetails']['@structuralForm']"
								},
								"sink": {
									"name": "STRUCTURAL_FORM",
									"type": "String"
								}
							},
							{
								"source": {
									"path": "$['ExaminationSummaries']['ExaminationSummary'][0]['StructureDetails']['@primaryMaterial']"
								},
								"sink": {
									"name": "PRIMARY_MATERIAL",
									"type": "String"
								}
							},
							{
								"source": {
									"path": "$['ExaminationSummaries']['ExaminationSummary'][0]['StructureDetails']['@secondaryMaterial']"
								},
								"sink": {
									"name": "SECONDARY_MATERIAL",
									"type": "String"
								}
							},
							{
								"source": {
									"path": "$['ExaminationSummaries']['ExaminationSummary'][0]['StructureCondition']['@scmiDate']"
								},
								"sink": {
									"name": "CMI_DATE",
									"type": "DateTime"
								}
							},
							{
								"source": {
									"path": "$['ExaminationSummaries']['ExaminationSummary'][0]['StructureCondition']['@scmiScore']"
								},
								"sink": {
									"name": "CMI_SCORE",
									"type": "Decimal"
								}
							},
							{
								"source": {
									"path": "$['ExaminationSummaries']['ExaminationSummary'][0]['ExaminationSummaryData']['PartsNotExamined']['PartNotExamined'][0]['@partName']"
								},
								"sink": {
									"name": "PNE_PART_NAME",
									"type": "String"
								}
							},
							{
								"source": {
									"path": "$['ExaminationSummaries']['ExaminationSummary'][0]['ExaminationSummaryData']['PartsNotExamined']['PartNotExamined'][0]['@reasonNotExamined']"
								},
								"sink": {
									"name": "PNE_REASON",
									"type": "String"
								}
							},
							{
								"source": {
									"path": "$['ExaminationSummaries']['ExaminationSummary'][0]['ExaminationSummaryData']['Recommendations']['Recommendation'][0]['@itemNumber']"
								},
								"sink": {
									"name": "RCMN_NUM",
									"type": "Decimal"
								}
							},
							{
								"source": {
									"path": "$['ExaminationSummaries']['ExaminationSummary'][0]['ExaminationSummaryData']['Recommendations']['Recommendation'][0]['@description']"
								},
								"sink": {
									"name": "DESCRIPTION",
									"type": "String"
								}
							},
							{
								"source": {
									"path": "$['ExaminationSummaries']['ExaminationSummary'][0]['ExaminationSummaryData']['Recommendations']['Recommendation'][0]['@location']"
								},
								"sink": {
									"name": "LOCATION",
									"type": "String"
								}
							},
							{
								"source": {
									"path": "$['ExaminationSummaries']['ExaminationSummary'][0]['ExaminationSummaryData']['Recommendations']['Recommendation'][0]['@quantity']"
								},
								"sink": {
									"name": "QUJANTITY",
									"type": "Decimal"
								}
							},
							{
								"source": {
									"path": "$['ExaminationSummaries']['ExaminationSummary'][0]['ExaminationSummaryData']['Recommendations']['Recommendation'][0]['@quantityUnit']"
								},
								"sink": {
									"name": "QUANTITY_UNIT",
									"type": "String"
								}
							},
							{
								"source": {
									"path": "$['ExaminationSummaries']['ExaminationSummary'][0]['ExaminationSummaryData']['Recommendations']['Recommendation'][0]['@estimatedCost']"
								},
								"sink": {
									"name": "ESTIMATED_COST",
									"type": "Decimal"
								}
							},
							{
								"source": {
									"path": "$['ExaminationSummaries']['ExaminationSummary'][0]['ExaminationSummaryData']['Recommendations']['Recommendation'][0]['@extent']"
								},
								"sink": {
									"name": "EXTENT",
									"type": "String"
								}
							},
							{
								"source": {
									"path": "$['ExaminationSummaries']['ExaminationSummary'][0]['ExaminationSummaryData']['Recommendations']['Recommendation'][0]['@severity']"
								},
								"sink": {
									"name": "SEVERITY",
									"type": "String"
								}
							},
							{
								"source": {
									"path": "$['ExaminationSummaries']['ExaminationSummary'][0]['ExaminationSummaryData']['Recommendations']['Recommendation'][0]['@probability']"
								},
								"sink": {
									"name": "PROBABILTIY",
									"type": "String"
								}
							},
							{
								"source": {
									"path": "$['ExaminationSummaries']['ExaminationSummary'][0]['ExaminationSummaryData']['Recommendations']['Recommendation'][0]['@riskScore']"
								},
								"sink": {
									"name": "RISK_SCORE",
									"type": "String"
								}
							},
							{
								"source": {
									"path": "$['ExaminationSummaries']['ExaminationSummary'][0]['ExaminationSummaryData']['Recommendations']['Recommendation'][0]['@priorityYear']"
								},
								"sink": {
									"name": "PRIORITY_YEAR",
									"type": "String"
								}
							},
							{
								"source": {
									"path": "$['ExaminationSummaries']['ExaminationSummary'][0]['ExaminationSummaryData']['Recommendations']['Recommendation'][0]['@worksCategory']"
								},
								"sink": {
									"name": "WORK_CATEGORY",
									"type": "String"
								}
							},
							{
								"source": {
									"path": "$['ExaminationSummaries']['ExaminationSummary'][0]['ExaminationSummaryData']['ExaminersGeneralComments']['@examiningEngineersComments']"
								},
								"sink": {
									"name": "REVIEWER_COMMENT",
									"type": "String"
								}
							},
							{
								"source": {
									"path": "$['ExaminationSummaries']['ExaminationSummary'][0]['ExaminationSummaryData']['ExaminersGeneralComments']['@examinersGeneralComments']"
								},
								"sink": {
									"name": "ENGINEER_COMMENT",
									"type": "String"
								}
							},
							{
								"source": {
									"path": "$['ExaminationSummaries']['ExaminationSummary'][0]['ExaminationSummaryData']['SignoffDetails']['@examinerName']"
								},
								"sink": {
									"name": "REVIEWER_NAME",
									"type": "String"
								}
							},
							{
								"source": {
									"path": "$['ExaminationSummaries']['ExaminationSummary'][0]['ExaminationSummaryData']['SignoffDetails']['@examiningEngineerName']"
								},
								"sink": {
									"name": "EXAMINER_NAME",
									"type": "String"
								}
							},
							{
								"source": {
									"path": "$['ExaminationSummaries']['ExaminationSummary'][0]['ExaminationSummaryData']['SignoffDetails']['@dateSigned']"
								},
								"sink": {
									"name": "EXAM_SIGNOFF_DATE",
									"type": "DateTime"
								}
							},
							{
								"source": {
									"path": "$['ExaminationSummaries']['ExaminationSummary'][0]['FileDetails']['@filePath']"
								},
								"sink": {
									"name": "SUPPLIER_REPORT_REFERNCE",
									"type": "String"
								}
							},
							{
								"source": {
									"path": "$['ExaminationSummaries']['ExaminationSummary'][0]['FileDetails']['@fileName']"
								},
								"sink": {
									"name": "SUPPLIER_REPORT_FILENAME",
									"type": "String"
								}
							},
							{
								"source": {
									"path": "$['ExaminationSummaries']['ExaminationSummary'][0]['AccessData']['@Possession']"
								},
								"sink": {
									"name": "POSSESSION",
									"type": "String"
								}
							},
							{
								"source": {
									"path": "$['ExaminationSummaries']['ExaminationSummary'][0]['AccessData']['@LineBlock']"
								},
								"sink": {
									"name": "LINE_BLOCK",
									"type": "String"
								}
							},
							{
								"source": {
									"path": "$['ExaminationSummaries']['ExaminationSummary'][0]['AccessData']['@TrafficManagement']"
								},
								"sink": {
									"name": "TRAFFIIC_MNGT",
									"type": "String"
								}
							},
							{
								"source": {
									"path": "$['ExaminationSummaries']['ExaminationSummary'][0]['AccessData']['@RRV']"
								},
								"sink": {
									"name": "RRV",
									"type": "String"
								}
							},
							{
								"source": {
									"path": "$['ExaminationSummaries']['ExaminationSummary'][0]['AccessData']['@MEWP']"
								},
								"sink": {
									"name": "MEWP",
									"type": "String"
								}
							},
							{
								"source": {
									"path": "$['ExaminationSummaries']['ExaminationSummary'][0]['AccessData']['@RopeAccess']"
								},
								"sink": {
									"name": "ROPE_ACCESS",
									"type": "String"
								}
							},
							{
								"source": {
									"path": "$['ExaminationSummaries']['ExaminationSummary'][0]['AccessData']['@Scaffold']"
								},
								"sink": {
									"name": "SCAFFOLD",
									"type": "String"
								}
							},
							{
								"source": {
									"path": "$['ExaminationSummaries']['ExaminationSummary'][0]['AccessData']['@CCTV']"
								},
								"sink": {
									"name": "CCTV",
									"type": "String"
								}
							},
							{
								"source": {
									"path": "$['ExaminationSummaries']['ExaminationSummary'][0]['AccessData']['@ConfinedSpace']"
								},
								"sink": {
									"name": "CONFINED_SPACE",
									"type": "String"
								}
							},
							{
								"source": {
									"path": "$['ExaminationSummaries']['ExaminationSummary'][0]['AccessData']['@WaterPermit']"
								},
								"sink": {
									"name": "WATER_PERMIT",
									"type": "String"
								}
							},
							{
								"source": {
									"path": "$['ExaminationSummaries']['ExaminationSummary'][0]['AccessData']['@SafetyBoat']"
								},
								"sink": {
									"name": "SAFETY_BOAT",
									"type": "String"
								}
							},
							{
								"source": {
									"path": "$['ExaminationSummaries']['ExaminationSummary'][0]['AccessData']['@ThirdParty']"
								},
								"sink": {
									"name": "3RD_PARTY",
									"type": "String"
								}
							}
						],
						"collectionReference": "$['ExaminationSummaries']['ExaminationSummary'][0]['Defects']['Defect']",
						"mapComplexValuesToString": false
					}
				},
				"inputs": [
					{
						"referenceName": "ds_adlsgen2_Raw_XML",
						"type": "DatasetReference",
						"parameters": {
							"XMLrawDirectory": {
								"value": "@pipeline().parameters.PostExamRawDirectory",
								"type": "Expression"
							},
							"XMLfilename": {
								"value": "@pipeline().parameters.xml_filename",
								"type": "Expression"
							}
						}
					}
				],
				"outputs": [
					{
						"referenceName": "ds_adlsgen2_XML_rawfile",
						"type": "DatasetReference",
						"parameters": {
							"RawDirectory": {
								"value": "@pipeline().parameters.PostExamDirectory",
								"type": "Expression"
							},
							"RawFilename": {
								"value": "@replace(pipeline().parameters.xml_filename,'.xml','.parquet')",
								"type": "Expression"
							}
						}
					}
				]
			},
			{
				"name": "XML_Recommendation",
				"type": "Copy",
				"dependsOn": [
					{
						"activity": "XML_aLL",
						"dependencyConditions": [
							"Succeeded"
						]
					}
				],
				"policy": {
					"timeout": "7.00:00:00",
					"retry": 0,
					"retryIntervalInSeconds": 30,
					"secureOutput": false,
					"secureInput": false
				},
				"userProperties": [],
				"typeProperties": {
					"source": {
						"type": "XmlSource",
						"storeSettings": {
							"type": "AzureBlobFSReadSettings",
							"recursive": true,
							"enablePartitionDiscovery": false
						},
						"formatSettings": {
							"type": "XmlReadSettings",
							"validationMode": "xsd",
							"detectDataType": true,
							"namespaces": true
						}
					},
					"sink": {
						"type": "ParquetSink",
						"storeSettings": {
							"type": "AzureBlobFSWriteSettings"
						},
						"formatSettings": {
							"type": "ParquetWriteSettings"
						}
					},
					"enableStaging": false,
					"translator": {
						"type": "TabularTranslator",
						"mappings": [
							{
								"source": {
									"path": "$['ExaminationSummaries']['ExaminationSummary'][0]['Defects']['Defect'][0]['@DefectID']"
								},
								"sink": {
									"name": "DEFECT_ID",
									"type": "Decimal"
								}
							},
							{
								"source": {
									"path": "$['ExaminationSummaries']['ExaminationSummary'][0]['Defects']['Defect'][0]['@DefectDescription']"
								},
								"sink": {
									"name": "DEFECT_DESCRIPTION",
									"type": "String"
								}
							},
							{
								"source": {
									"path": "$['ExaminationSummaries']['ExaminationSummary'][0]['Defects']['Defect'][0]['@MajorLocation']"
								},
								"sink": {
									"name": "LOCATION_MAJOR",
									"type": "String"
								}
							},
							{
								"source": {
									"path": "$['ExaminationSummaries']['ExaminationSummary'][0]['Defects']['Defect'][0]['@MinorLocation']"
								},
								"sink": {
									"name": "LOCATION_MINOR",
									"type": "String"
								}
							},
							{
								"source": {
									"path": "$['ExaminationSummaries']['ExaminationSummary'][0]['Defects']['Defect'][0]['@DefectLocation']"
								},
								"sink": {
									"name": "DEFECT_LOCTION",
									"type": "String"
								}
							},
							{
								"source": {
									"path": "$['ExaminationSummaries']['ExaminationSummary'][0]['Defects']['Defect'][0]['@RecommendationRaised']"
								},
								"sink": {
									"name": "RECOMMEND_RAISED",
									"type": "String"
								}
							},
							{
								"source": {
									"path": "$['ExaminationSummaries']['ExaminationSummary'][0]['Defects']['Defect'][0]['@Accessgained']"
								},
								"sink": {
									"name": "ACCESS_GAINED",
									"type": "String"
								}
							},
							{
								"source": {
									"path": "$['ExaminationSummaries']['ExaminationSummary'][0]['Defects']['Defect'][0]['@Deterioration']"
								},
								"sink": {
									"name": "DETERIORATION",
									"type": "String"
								}
							},
							{
								"source": {
									"path": "$['ExaminationSummaries']['ExaminationSummary'][0]['Defects']['Defect'][0]['@FlaggedforClosure']"
								},
								"sink": {
									"name": "FLAG_FOR_CLOSURE",
									"type": "String"
								}
							},
							{
								"source": {
									"path": "$['ExaminationSummaries']['ExaminationSummary'][0]['Defects']['Defect'][0]['@Repaired']"
								},
								"sink": {
									"name": "REPAIRED",
									"type": "String"
								}
							},
							{
								"source": {
									"path": "$['ExaminationSummaries']['ExaminationSummary'][0]['FilephotoDetails'][0]['PhotoDate']"
								},
								"sink": {
									"name": "CREATED_DATE",
									"type": "DateTime"
								}
							},
							{
								"source": {
									"path": "$['ExaminationSummaries']['ExaminationSummary'][0]['FilephotoDetails'][0]['PhotoDescription']"
								},
								"sink": {
									"name": "PHOTO_DESCRIPTION",
									"type": "String"
								}
							},
							{
								"source": {
									"path": "$['ExaminationSummaries']['ExaminationSummary'][0]['FilephotoDetails'][0]['PhotoFileName']"
								},
								"sink": {
									"name": "IMAGE_NAME",
									"type": "String"
								}
							},
							{
								"source": {
									"path": "$['ExaminationSummaries']['ExaminationSummary'][0]['FilephotoDetails'][0]['PhotoLink']"
								},
								"sink": {
									"name": "IMAGE_LINK",
									"type": "String"
								}
							},
							{
								"source": {
									"path": "$['ExaminationSummaries']['ExaminationSummary'][0]['FilephotoDetails'][0]['PhotoType']"
								},
								"sink": {
									"name": "IMAGE_TYPE",
									"type": "String"
								}
							},
							{
								"source": {
									"path": "$['ExaminationSummaries']['ExaminationSummary'][0]['FilephotoDetails'][0]['PhotoIndex']"
								},
								"sink": {
									"name": "IMAGE_INDEX",
									"type": "String"
								}
							},
							{
								"source": {
									"path": "$['ExaminationSummaries']['ExaminationSummary'][0]['HeaderData']['@carrsExaminationID']"
								},
								"sink": {
									"name": "CARRS_EXAMINATION_ID",
									"type": "String"
								}
							},
							{
								"source": {
									"path": "$['ExaminationSummaries']['ExaminationSummary'][0]['HeaderData']['@examType']"
								},
								"sink": {
									"name": "EXAM_TYPE",
									"type": "String"
								}
							},
							{
								"source": {
									"path": "$['ExaminationSummaries']['ExaminationSummary'][0]['HeaderData']['@examDate']"
								},
								"sink": {
									"name": "EXAM_DATE",
									"type": "DateTime"
								}
							},
							{
								"source": {
									"path": "$['ExaminationSummaries']['ExaminationSummary'][0]['HeaderData']['@elr']"
								},
								"sink": {
									"name": "ELR",
									"type": "String"
								}
							},
							{
								"source": {
									"path": "$['ExaminationSummaries']['ExaminationSummary'][0]['HeaderData']['@structureReference']"
								},
								"sink": {
									"name": "STRUC_REFERENCE",
									"type": "String"
								}
							},
							{
								"source": {
									"path": "$['ExaminationSummaries']['ExaminationSummary'][0]['HeaderData']['@milesFrom']"
								},
								"sink": {
									"name": "START_MILES",
									"type": "Decimal"
								}
							},
							{
								"source": {
									"path": "$['ExaminationSummaries']['ExaminationSummary'][0]['HeaderData']['@yardsFrom']"
								},
								"sink": {
									"name": "START_YARDS",
									"type": "Decimal"
								}
							},
							{
								"source": {
									"path": "$['ExaminationSummaries']['ExaminationSummary'][0]['HeaderData']['@milesTo']"
								},
								"sink": {
									"name": "END_MILES",
									"type": "Decimal"
								}
							},
							{
								"source": {
									"path": "$['ExaminationSummaries']['ExaminationSummary'][0]['HeaderData']['@yardsTo']"
								},
								"sink": {
									"name": "END_YARDS",
									"type": "Decimal"
								}
							},
							{
								"source": {
									"path": "$['ExaminationSummaries']['ExaminationSummary'][0]['HeaderData']['@areaName']"
								},
								"sink": {
									"name": "AREA_NAME",
									"type": "String"
								}
							},
							{
								"source": {
									"path": "$['ExaminationSummaries']['ExaminationSummary'][0]['HeaderData']['@spanText']"
								},
								"sink": {
									"name": "SPAN_TEXT",
									"type": "String"
								}
							},
							{
								"source": {
									"path": "$['ExaminationSummaries']['ExaminationSummary'][0]['HeaderData']['@osReference']"
								},
								"sink": {
									"name": "OS_START_GRID_REF",
									"type": "String"
								}
							},
							{
								"source": {
									"path": "$['ExaminationSummaries']['ExaminationSummary'][0]['HeaderData']['@structureDescription']"
								},
								"sink": {
									"name": "STRUC_DESCRIPTION",
									"type": "String"
								}
							},
							{
								"source": {
									"path": "$['ExaminationSummaries']['ExaminationSummary'][0]['HeaderData']['@assetGroup']"
								},
								"sink": {
									"name": "ASSET_GROUP",
									"type": "String"
								}
							},
							{
								"source": {
									"path": "$['ExaminationSummaries']['ExaminationSummary'][0]['HeaderData']['@assetType']"
								},
								"sink": {
									"name": "ASSET_TYPE",
									"type": "String"
								}
							},
							{
								"source": {
									"path": "$['ExaminationSummaries']['ExaminationSummary'][0]['HeaderData']['@atOrBetweenStations']"
								},
								"sink": {
									"name": "AT_OR_BETWEEN_STATIONS",
									"type": "String"
								}
							},
							{
								"source": {
									"path": "$['ExaminationSummaries']['ExaminationSummary'][0]['HeaderData']['@anyHiddenParts']"
								},
								"sink": {
									"name": "ANY_HIDDEN_PARTS",
									"type": "String"
								}
							},
							{
								"source": {
									"path": "$['ExaminationSummaries']['ExaminationSummary'][0]['HeaderData']['@observedUnderLoad']"
								},
								"sink": {
									"name": "OBSERVED_UNDER_LOAD",
									"type": "String"
								}
							},
							{
								"source": {
									"path": "$['ExaminationSummaries']['ExaminationSummary'][0]['HeaderData']['@structureCarries']"
								},
								"sink": {
									"name": "STRUCTURE_CARRIES",
									"type": "String"
								}
							},
							{
								"source": {
									"path": "$['ExaminationSummaries']['ExaminationSummary'][0]['HeaderData']['@structureOver']"
								},
								"sink": {
									"name": "STRUCTURE_OVER",
									"type": "String"
								}
							},
							{
								"source": {
									"path": "$['ExaminationSummaries']['ExaminationSummary'][0]['HeaderData']['@completeExamination']"
								},
								"sink": {
									"name": "COMPLETE_EXAMINATION",
									"type": "String"
								}
							},
							{
								"source": {
									"path": "$['ExaminationSummaries']['ExaminationSummary'][0]['HeaderData']['@contractYear']"
								},
								"sink": {
									"name": "CONTRACT_YEAR",
									"type": "String"
								}
							},
							{
								"source": {
									"path": "$['ExaminationSummaries']['ExaminationSummary'][0]['HeaderData']['@secName']"
								},
								"sink": {
									"name": "SUPPLIER_NAME",
									"type": "String"
								}
							},
							{
								"source": {
									"path": "$['ExaminationSummaries']['ExaminationSummary'][0]['HeaderData']['@assetUID']"
								},
								"sink": {
									"name": "ASSET_GUID",
									"type": "String"
								}
							},
							{
								"source": {
									"path": "$['ExaminationSummaries']['ExaminationSummary'][0]['StructureDetails']['@structuralForm']"
								},
								"sink": {
									"name": "STRUCTURAL_FORM",
									"type": "String"
								}
							},
							{
								"source": {
									"path": "$['ExaminationSummaries']['ExaminationSummary'][0]['StructureDetails']['@primaryMaterial']"
								},
								"sink": {
									"name": "PRIMARY_MATERIAL",
									"type": "String"
								}
							},
							{
								"source": {
									"path": "$['ExaminationSummaries']['ExaminationSummary'][0]['StructureDetails']['@secondaryMaterial']"
								},
								"sink": {
									"name": "SECONDARY_MATERIAL",
									"type": "String"
								}
							},
							{
								"source": {
									"path": "$['ExaminationSummaries']['ExaminationSummary'][0]['StructureCondition']['@scmiDate']"
								},
								"sink": {
									"name": "CMI_DATE",
									"type": "DateTime"
								}
							},
							{
								"source": {
									"path": "$['ExaminationSummaries']['ExaminationSummary'][0]['StructureCondition']['@scmiScore']"
								},
								"sink": {
									"name": "CMI_SCORE",
									"type": "Decimal"
								}
							},
							{
								"source": {
									"path": "$['ExaminationSummaries']['ExaminationSummary'][0]['ExaminationSummaryData']['PartsNotExamined']['PartNotExamined'][0]['@partName']"
								},
								"sink": {
									"name": "PNE_PART_NAME",
									"type": "String"
								}
							},
							{
								"source": {
									"path": "$['ExaminationSummaries']['ExaminationSummary'][0]['ExaminationSummaryData']['PartsNotExamined']['PartNotExamined'][0]['@reasonNotExamined']"
								},
								"sink": {
									"name": "PNE_REASON",
									"type": "String"
								}
							},
							{
								"source": {
									"path": "['@itemNumber']"
								},
								"sink": {
									"name": "RCMN_NUM",
									"type": "Decimal"
								}
							},
							{
								"source": {
									"path": "['@description']"
								},
								"sink": {
									"name": "DESCRIPTION",
									"type": "String"
								}
							},
							{
								"source": {
									"path": "['@location']"
								},
								"sink": {
									"name": "LOCATION",
									"type": "String"
								}
							},
							{
								"source": {
									"path": "['@quantity']"
								},
								"sink": {
									"name": "QUJANTITY",
									"type": "Decimal"
								}
							},
							{
								"source": {
									"path": "['@quantityUnit']"
								},
								"sink": {
									"name": "QUANTITY_UNIT",
									"type": "String"
								}
							},
							{
								"source": {
									"path": "['@estimatedCost']"
								},
								"sink": {
									"name": "ESTIMATED_COST",
									"type": "Decimal"
								}
							},
							{
								"source": {
									"path": "['@extent']"
								},
								"sink": {
									"name": "EXTENT",
									"type": "String"
								}
							},
							{
								"source": {
									"path": "['@severity']"
								},
								"sink": {
									"name": "SEVERITY",
									"type": "String"
								}
							},
							{
								"source": {
									"path": "['@probability']"
								},
								"sink": {
									"name": "PROBABILTIY",
									"type": "String"
								}
							},
							{
								"source": {
									"path": "['@riskScore']"
								},
								"sink": {
									"name": "RISK_SCORE",
									"type": "String"
								}
							},
							{
								"source": {
									"path": "['@priorityYear']"
								},
								"sink": {
									"name": "PRIORITY_YEAR",
									"type": "String"
								}
							},
							{
								"source": {
									"path": "['@worksCategory']"
								},
								"sink": {
									"name": "WORK_CATEGORY",
									"type": "String"
								}
							},
							{
								"source": {
									"path": "$['ExaminationSummaries']['ExaminationSummary'][0]['ExaminationSummaryData']['ExaminersGeneralComments']['@examiningEngineersComments']"
								},
								"sink": {
									"name": "REVIEWER_COMMENT",
									"type": "String"
								}
							},
							{
								"source": {
									"path": "$['ExaminationSummaries']['ExaminationSummary'][0]['ExaminationSummaryData']['ExaminersGeneralComments']['@examinersGeneralComments']"
								},
								"sink": {
									"name": "ENGINEER_COMMENT",
									"type": "String"
								}
							},
							{
								"source": {
									"path": "$['ExaminationSummaries']['ExaminationSummary'][0]['ExaminationSummaryData']['SignoffDetails']['@examinerName']"
								},
								"sink": {
									"name": "REVIEWER_NAME",
									"type": "String"
								}
							},
							{
								"source": {
									"path": "$['ExaminationSummaries']['ExaminationSummary'][0]['ExaminationSummaryData']['SignoffDetails']['@examiningEngineerName']"
								},
								"sink": {
									"name": "EXAMINER_NAME",
									"type": "String"
								}
							},
							{
								"source": {
									"path": "$['ExaminationSummaries']['ExaminationSummary'][0]['ExaminationSummaryData']['SignoffDetails']['@dateSigned']"
								},
								"sink": {
									"name": "EXAM_SIGNOFF_DATE",
									"type": "DateTime"
								}
							},
							{
								"source": {
									"path": "$['ExaminationSummaries']['ExaminationSummary'][0]['FileDetails']['@filePath']"
								},
								"sink": {
									"name": "SUPPLIER_REPORT_REFERNCE",
									"type": "String"
								}
							},
							{
								"source": {
									"path": "$['ExaminationSummaries']['ExaminationSummary'][0]['FileDetails']['@fileName']"
								},
								"sink": {
									"name": "SUPPLIER_REPORT_FILENAME",
									"type": "String"
								}
							},
							{
								"source": {
									"path": "$['ExaminationSummaries']['ExaminationSummary'][0]['AccessData']['@Possession']"
								},
								"sink": {
									"name": "POSSESSION",
									"type": "String"
								}
							},
							{
								"source": {
									"path": "$['ExaminationSummaries']['ExaminationSummary'][0]['AccessData']['@LineBlock']"
								},
								"sink": {
									"name": "LINE_BLOCK",
									"type": "String"
								}
							},
							{
								"source": {
									"path": "$['ExaminationSummaries']['ExaminationSummary'][0]['AccessData']['@TrafficManagement']"
								},
								"sink": {
									"name": "TRAFFIIC_MNGT",
									"type": "String"
								}
							},
							{
								"source": {
									"path": "$['ExaminationSummaries']['ExaminationSummary'][0]['AccessData']['@RRV']"
								},
								"sink": {
									"name": "RRV",
									"type": "String"
								}
							},
							{
								"source": {
									"path": "$['ExaminationSummaries']['ExaminationSummary'][0]['AccessData']['@MEWP']"
								},
								"sink": {
									"name": "MEWP",
									"type": "String"
								}
							},
							{
								"source": {
									"path": "$['ExaminationSummaries']['ExaminationSummary'][0]['AccessData']['@RopeAccess']"
								},
								"sink": {
									"name": "ROPE_ACCESS",
									"type": "String"
								}
							},
							{
								"source": {
									"path": "$['ExaminationSummaries']['ExaminationSummary'][0]['AccessData']['@Scaffold']"
								},
								"sink": {
									"name": "SCAFFOLD",
									"type": "String"
								}
							},
							{
								"source": {
									"path": "$['ExaminationSummaries']['ExaminationSummary'][0]['AccessData']['@CCTV']"
								},
								"sink": {
									"name": "CCTV",
									"type": "String"
								}
							},
							{
								"source": {
									"path": "$['ExaminationSummaries']['ExaminationSummary'][0]['AccessData']['@ConfinedSpace']"
								},
								"sink": {
									"name": "CONFINED_SPACE",
									"type": "String"
								}
							},
							{
								"source": {
									"path": "$['ExaminationSummaries']['ExaminationSummary'][0]['AccessData']['@WaterPermit']"
								},
								"sink": {
									"name": "WATER_PERMIT",
									"type": "String"
								}
							},
							{
								"source": {
									"path": "$['ExaminationSummaries']['ExaminationSummary'][0]['AccessData']['@SafetyBoat']"
								},
								"sink": {
									"name": "SAFETY_BOAT",
									"type": "String"
								}
							},
							{
								"source": {
									"path": "$['ExaminationSummaries']['ExaminationSummary'][0]['AccessData']['@ThirdParty']"
								},
								"sink": {
									"name": "3RD_PARTY",
									"type": "String"
								}
							}
						],
						"collectionReference": "$['ExaminationSummaries']['ExaminationSummary'][0]['ExaminationSummaryData']['Recommendations']['Recommendation']",
						"mapComplexValuesToString": false
					}
				},
				"inputs": [
					{
						"referenceName": "ds_adlsgen2_Raw_XML",
						"type": "DatasetReference",
						"parameters": {
							"XMLrawDirectory": {
								"value": "@pipeline().parameters.PostExamRawDirectory",
								"type": "Expression"
							},
							"XMLfilename": {
								"value": "@pipeline().parameters.xml_filename",
								"type": "Expression"
							}
						}
					}
				],
				"outputs": [
					{
						"referenceName": "ds_adlsgen2_XML_rawfile",
						"type": "DatasetReference",
						"parameters": {
							"RawDirectory": {
								"value": "@pipeline().parameters.PostExamDirectory",
								"type": "Expression"
							},
							"RawFilename": {
								"value": "@replace(pipeline().parameters.xml_filename,'.xml','.parquet')",
								"type": "Expression"
							}
						}
					}
				]
			},
			{
				"name": "XML_aLL",
				"type": "Copy",
				"dependsOn": [
					{
						"activity": "Copy_xsd",
						"dependencyConditions": [
							"Succeeded"
						]
					}
				],
				"policy": {
					"timeout": "7.00:00:00",
					"retry": 0,
					"retryIntervalInSeconds": 30,
					"secureOutput": false,
					"secureInput": false
				},
				"userProperties": [],
				"typeProperties": {
					"source": {
						"type": "XmlSource",
						"storeSettings": {
							"type": "AzureBlobFSReadSettings",
							"recursive": true,
							"enablePartitionDiscovery": false
						},
						"formatSettings": {
							"type": "XmlReadSettings",
							"validationMode": "xsd",
							"detectDataType": true,
							"namespaces": true
						}
					},
					"sink": {
						"type": "ParquetSink",
						"storeSettings": {
							"type": "AzureBlobFSWriteSettings"
						},
						"formatSettings": {
							"type": "ParquetWriteSettings"
						}
					},
					"enableStaging": false,
					"translator": {
						"type": "TabularTranslator",
						"mappings": [
							{
								"source": {
									"path": "['Defects']['Defect'][0]['@DefectID']"
								},
								"sink": {
									"name": "DEFECT_ID",
									"type": "Decimal"
								}
							},
							{
								"source": {
									"path": "['Defects']['Defect'][0]['@DefectDescription']"
								},
								"sink": {
									"name": "DEFECT_DESCRIPTION",
									"type": "String"
								}
							},
							{
								"source": {
									"path": "['Defects']['Defect'][0]['@MajorLocation']"
								},
								"sink": {
									"name": "LOCATION_MAJOR",
									"type": "String"
								}
							},
							{
								"source": {
									"path": "['Defects']['Defect'][0]['@MinorLocation']"
								},
								"sink": {
									"name": "LOCATION_MINOR",
									"type": "String"
								}
							},
							{
								"source": {
									"path": "['Defects']['Defect'][0]['@DefectLocation']"
								},
								"sink": {
									"name": "DEFECT_LOCTION",
									"type": "String"
								}
							},
							{
								"source": {
									"path": "['Defects']['Defect'][0]['@RecommendationRaised']"
								},
								"sink": {
									"name": "RECOMMEND_RAISED",
									"type": "String"
								}
							},
							{
								"source": {
									"path": "['Defects']['Defect'][0]['@Accessgained']"
								},
								"sink": {
									"name": "ACCESS_GAINED",
									"type": "String"
								}
							},
							{
								"source": {
									"path": "['Defects']['Defect'][0]['@Deterioration']"
								},
								"sink": {
									"name": "DETERIORATION",
									"type": "String"
								}
							},
							{
								"source": {
									"path": "['Defects']['Defect'][0]['@FlaggedforClosure']"
								},
								"sink": {
									"name": "FLAG_FOR_CLOSURE",
									"type": "String"
								}
							},
							{
								"source": {
									"path": "['Defects']['Defect'][0]['@Repaired']"
								},
								"sink": {
									"name": "REPAIRED",
									"type": "String"
								}
							},
							{
								"source": {
									"path": "['FilephotoDetails'][0]['PhotoDate']"
								},
								"sink": {
									"name": "CREATED_DATE",
									"type": "DateTime"
								}
							},
							{
								"source": {
									"path": "['FilephotoDetails'][0]['PhotoDescription']"
								},
								"sink": {
									"name": "PHOTO_DESCRIPTION",
									"type": "String"
								}
							},
							{
								"source": {
									"path": "['FilephotoDetails'][0]['PhotoFileName']"
								},
								"sink": {
									"name": "IMAGE_NAME",
									"type": "String"
								}
							},
							{
								"source": {
									"path": "['FilephotoDetails'][0]['PhotoLink']"
								},
								"sink": {
									"name": "IMAGE_LINK",
									"type": "String"
								}
							},
							{
								"source": {
									"path": "['FilephotoDetails'][0]['PhotoType']"
								},
								"sink": {
									"name": "IMAGE_TYPE",
									"type": "String"
								}
							},
							{
								"source": {
									"path": "['FilephotoDetails'][0]['PhotoIndex']"
								},
								"sink": {
									"name": "IMAGE_INDEX",
									"type": "String"
								}
							},
							{
								"source": {
									"path": "['HeaderData']['@carrsExaminationID']"
								},
								"sink": {
									"name": "CARRS_EXAMINATION_ID",
									"type": "String"
								}
							},
							{
								"source": {
									"path": "['HeaderData']['@examType']"
								},
								"sink": {
									"name": "EXAM_TYPE",
									"type": "String"
								}
							},
							{
								"source": {
									"path": "['HeaderData']['@examDate']"
								},
								"sink": {
									"name": "EXAM_DATE",
									"type": "DateTime"
								}
							},
							{
								"source": {
									"path": "['HeaderData']['@elr']"
								},
								"sink": {
									"name": "ELR",
									"type": "String"
								}
							},
							{
								"source": {
									"path": "['HeaderData']['@structureReference']"
								},
								"sink": {
									"name": "STRUC_REFERENCE",
									"type": "String"
								}
							},
							{
								"source": {
									"path": "['HeaderData']['@milesFrom']"
								},
								"sink": {
									"name": "START_MILES",
									"type": "Decimal"
								}
							},
							{
								"source": {
									"path": "['HeaderData']['@yardsFrom']"
								},
								"sink": {
									"name": "START_YARDS",
									"type": "Decimal"
								}
							},
							{
								"source": {
									"path": "['HeaderData']['@milesTo']"
								},
								"sink": {
									"name": "END_MILES",
									"type": "Decimal"
								}
							},
							{
								"source": {
									"path": "['HeaderData']['@yardsTo']"
								},
								"sink": {
									"name": "END_YARDS",
									"type": "Decimal"
								}
							},
							{
								"source": {
									"path": "['HeaderData']['@areaName']"
								},
								"sink": {
									"name": "AREA_NAME",
									"type": "String"
								}
							},
							{
								"source": {
									"path": "['HeaderData']['@spanText']"
								},
								"sink": {
									"name": "SPAN_TEXT",
									"type": "String"
								}
							},
							{
								"source": {
									"path": "['HeaderData']['@osReference']"
								},
								"sink": {
									"name": "OS_START_GRID_REF",
									"type": "String"
								}
							},
							{
								"source": {
									"path": "['HeaderData']['@structureDescription']"
								},
								"sink": {
									"name": "STRUC_DESCRIPTION",
									"type": "String"
								}
							},
							{
								"source": {
									"path": "['HeaderData']['@assetGroup']"
								},
								"sink": {
									"name": "ASSET_GROUP",
									"type": "String"
								}
							},
							{
								"source": {
									"path": "['HeaderData']['@assetType']"
								},
								"sink": {
									"name": "ASSET_TYPE",
									"type": "String"
								}
							},
							{
								"source": {
									"path": "['HeaderData']['@atOrBetweenStations']"
								},
								"sink": {
									"name": "AT_OR_BETWEEN_STATIONS",
									"type": "String"
								}
							},
							{
								"source": {
									"path": "['HeaderData']['@anyHiddenParts']"
								},
								"sink": {
									"name": "ANY_HIDDEN_PARTS",
									"type": "String"
								}
							},
							{
								"source": {
									"path": "['HeaderData']['@observedUnderLoad']"
								},
								"sink": {
									"name": "OBSERVED_UNDER_LOAD",
									"type": "String"
								}
							},
							{
								"source": {
									"path": "['HeaderData']['@structureCarries']"
								},
								"sink": {
									"name": "STRUCTURE_CARRIES",
									"type": "String"
								}
							},
							{
								"source": {
									"path": "['HeaderData']['@structureOver']"
								},
								"sink": {
									"name": "STRUCTURE_OVER",
									"type": "String"
								}
							},
							{
								"source": {
									"path": "['HeaderData']['@completeExamination']"
								},
								"sink": {
									"name": "COMPLETE_EXAMINATION",
									"type": "String"
								}
							},
							{
								"source": {
									"path": "['HeaderData']['@contractYear']"
								},
								"sink": {
									"name": "CONTRACT_YEAR",
									"type": "String"
								}
							},
							{
								"source": {
									"path": "['HeaderData']['@secName']"
								},
								"sink": {
									"name": "SUPPLIER_NAME",
									"type": "String"
								}
							},
							{
								"source": {
									"path": "['HeaderData']['@assetUID']"
								},
								"sink": {
									"name": "ASSET_GUID",
									"type": "String"
								}
							},
							{
								"source": {
									"path": "['StructureDetails']['@structuralForm']"
								},
								"sink": {
									"name": "STRUCTURAL_FORM",
									"type": "String"
								}
							},
							{
								"source": {
									"path": "['StructureDetails']['@primaryMaterial']"
								},
								"sink": {
									"name": "PRIMARY_MATERIAL",
									"type": "String"
								}
							},
							{
								"source": {
									"path": "['StructureDetails']['@secondaryMaterial']"
								},
								"sink": {
									"name": "SECONDARY_MATERIAL",
									"type": "String"
								}
							},
							{
								"source": {
									"path": "['StructureCondition']['@scmiDate']"
								},
								"sink": {
									"name": "CMI_DATE",
									"type": "DateTime"
								}
							},
							{
								"source": {
									"path": "['StructureCondition']['@scmiScore']"
								},
								"sink": {
									"name": "CMI_SCORE",
									"type": "Decimal"
								}
							},
							{
								"source": {
									"path": "['ExaminationSummaryData']['PartsNotExamined']['PartNotExamined'][0]['@partName']"
								},
								"sink": {
									"name": "PNE_PART_NAME",
									"type": "String"
								}
							},
							{
								"source": {
									"path": "['ExaminationSummaryData']['PartsNotExamined']['PartNotExamined'][0]['@reasonNotExamined']"
								},
								"sink": {
									"name": "PNE_REASON",
									"type": "String"
								}
							},
							{
								"source": {
									"path": "['ExaminationSummaryData']['Recommendations']['Recommendation'][0]['@itemNumber']"
								},
								"sink": {
									"name": "RCMN_NUM",
									"type": "Decimal"
								}
							},
							{
								"source": {
									"path": "['ExaminationSummaryData']['Recommendations']['Recommendation'][0]['@description']"
								},
								"sink": {
									"name": "DESCRIPTION",
									"type": "String"
								}
							},
							{
								"source": {
									"path": "['ExaminationSummaryData']['Recommendations']['Recommendation'][0]['@location']"
								},
								"sink": {
									"name": "LOCATION",
									"type": "String"
								}
							},
							{
								"source": {
									"path": "['ExaminationSummaryData']['Recommendations']['Recommendation'][0]['@quantity']"
								},
								"sink": {
									"name": "QUJANTITY",
									"type": "Decimal"
								}
							},
							{
								"source": {
									"path": "['ExaminationSummaryData']['Recommendations']['Recommendation'][0]['@quantityUnit']"
								},
								"sink": {
									"name": "QUANTITY_UNIT",
									"type": "String"
								}
							},
							{
								"source": {
									"path": "['ExaminationSummaryData']['Recommendations']['Recommendation'][0]['@estimatedCost']"
								},
								"sink": {
									"name": "ESTIMATED_COST",
									"type": "Decimal"
								}
							},
							{
								"source": {
									"path": "['ExaminationSummaryData']['Recommendations']['Recommendation'][0]['@extent']"
								},
								"sink": {
									"name": "EXTENT",
									"type": "String"
								}
							},
							{
								"source": {
									"path": "['ExaminationSummaryData']['Recommendations']['Recommendation'][0]['@severity']"
								},
								"sink": {
									"name": "SEVERITY",
									"type": "String"
								}
							},
							{
								"source": {
									"path": "['ExaminationSummaryData']['Recommendations']['Recommendation'][0]['@probability']"
								},
								"sink": {
									"name": "PROBABILTIY",
									"type": "String"
								}
							},
							{
								"source": {
									"path": "['ExaminationSummaryData']['Recommendations']['Recommendation'][0]['@riskScore']"
								},
								"sink": {
									"name": "RISK_SCORE",
									"type": "String"
								}
							},
							{
								"source": {
									"path": "['ExaminationSummaryData']['Recommendations']['Recommendation'][0]['@priorityYear']"
								},
								"sink": {
									"name": "PRIORITY_YEAR",
									"type": "String"
								}
							},
							{
								"source": {
									"path": "['ExaminationSummaryData']['Recommendations']['Recommendation'][0]['@worksCategory']"
								},
								"sink": {
									"name": "WORK_CATEGORY",
									"type": "String"
								}
							},
							{
								"source": {
									"path": "['ExaminationSummaryData']['ExaminersGeneralComments']['@examiningEngineersComments']"
								},
								"sink": {
									"name": "REVIEWER_COMMENT",
									"type": "String"
								}
							},
							{
								"source": {
									"path": "['ExaminationSummaryData']['ExaminersGeneralComments']['@examinersGeneralComments']"
								},
								"sink": {
									"name": "ENGINEER_COMMENT",
									"type": "String"
								}
							},
							{
								"source": {
									"path": "['ExaminationSummaryData']['SignoffDetails']['@examinerName']"
								},
								"sink": {
									"name": "REVIEWER_NAME",
									"type": "String"
								}
							},
							{
								"source": {
									"path": "['ExaminationSummaryData']['SignoffDetails']['@examiningEngineerName']"
								},
								"sink": {
									"name": "EXAMINER_NAME",
									"type": "String"
								}
							},
							{
								"source": {
									"path": "['ExaminationSummaryData']['SignoffDetails']['@dateSigned']"
								},
								"sink": {
									"name": "EXAM_SIGNOFF_DATE",
									"type": "DateTime"
								}
							},
							{
								"source": {
									"path": "['FileDetails']['@filePath']"
								},
								"sink": {
									"name": "SUPPLIER_REPORT_REFERNCE",
									"type": "String"
								}
							},
							{
								"source": {
									"path": "['FileDetails']['@fileName']"
								},
								"sink": {
									"name": "SUPPLIER_REPORT_FILENAME",
									"type": "String"
								}
							},
							{
								"source": {
									"path": "['AccessData']['@Possession']"
								},
								"sink": {
									"name": "POSSESSION",
									"type": "String"
								}
							},
							{
								"source": {
									"path": "['AccessData']['@LineBlock']"
								},
								"sink": {
									"name": "LINE_BLOCK",
									"type": "String"
								}
							},
							{
								"source": {
									"path": "['AccessData']['@TrafficManagement']"
								},
								"sink": {
									"name": "TRAFFIIC_MNGT",
									"type": "String"
								}
							},
							{
								"source": {
									"path": "['AccessData']['@RRV']"
								},
								"sink": {
									"name": "RRV",
									"type": "String"
								}
							},
							{
								"source": {
									"path": "['AccessData']['@MEWP']"
								},
								"sink": {
									"name": "MEWP",
									"type": "String"
								}
							},
							{
								"source": {
									"path": "['AccessData']['@RopeAccess']"
								},
								"sink": {
									"name": "ROPE_ACCESS",
									"type": "String"
								}
							},
							{
								"source": {
									"path": "['AccessData']['@Scaffold']"
								},
								"sink": {
									"name": "SCAFFOLD",
									"type": "String"
								}
							},
							{
								"source": {
									"path": "['AccessData']['@CCTV']"
								},
								"sink": {
									"name": "CCTV",
									"type": "String"
								}
							},
							{
								"source": {
									"path": "['AccessData']['@Ladder']"
								},
								"sink": {
									"name": "LADDER",
									"type": "String"
								}
							},
							{
								"source": {
									"path": "['AccessData']['@ConfinedSpace']"
								},
								"sink": {
									"name": "CONFINED_SPACE",
									"type": "String"
								}
							},
							{
								"source": {
									"path": "['AccessData']['@WaterPermit']"
								},
								"sink": {
									"name": "WATER_PERMIT",
									"type": "String"
								}
							},
							{
								"source": {
									"path": "['AccessData']['@SafetyBoat']"
								},
								"sink": {
									"name": "SAFETY_BOAT",
									"type": "String"
								}
							},
							{
								"source": {
									"path": "['AccessData']['@ThirdParty']"
								},
								"sink": {
									"name": "3RD_PARTY",
									"type": "String"
								}
							}
						],
						"collectionReference": "$['ExaminationSummaries']['ExaminationSummary']",
						"mapComplexValuesToString": false
					}
				},
				"inputs": [
					{
						"referenceName": "ds_adlsgen2_Raw_XML",
						"type": "DatasetReference",
						"parameters": {
							"XMLrawDirectory": {
								"value": "@pipeline().parameters.PostExamRawDirectory",
								"type": "Expression"
							},
							"XMLfilename": {
								"value": "@pipeline().parameters.xml_filename",
								"type": "Expression"
							}
						}
					}
				],
				"outputs": [
					{
						"referenceName": "ds_adlsgen2_XML_rawfile",
						"type": "DatasetReference",
						"parameters": {
							"RawDirectory": {
								"value": "@pipeline().parameters.PostExamDirectory",
								"type": "Expression"
							},
							"RawFilename": {
								"value": "@replace(pipeline().parameters.xml_filename,'.xml','_Defect.parquet')",
								"type": "Expression"
							}
						}
					}
				]
			},
			{
				"name": "Delete1",
				"type": "Delete",
				"dependsOn": [
					{
						"activity": "sp_File_Process_Log_XML_validate_Success",
						"dependencyConditions": [
							"Succeeded"
						]
					}
				],
				"policy": {
					"timeout": "7.00:00:00",
					"retry": 0,
					"retryIntervalInSeconds": 30,
					"secureOutput": false,
					"secureInput": false
				},
				"userProperties": [],
				"typeProperties": {
					"dataset": {
						"referenceName": "ds_adlsgen2_XML_rawfile",
						"type": "DatasetReference",
						"parameters": {
							"RawDirectory": {
								"value": "@pipeline().parameters.PostExamDirectory",
								"type": "Expression"
							},
							"RawFilename": {
								"value": "@replace(pipeline().parameters.xml_filename,'.xml','.parquet')",
								"type": "Expression"
							}
						}
					},
					"enableLogging": false,
					"storeSettings": {
						"type": "AzureBlobFSReadSettings",
						"recursive": true,
						"enablePartitionDiscovery": false
					}
				}
			},
			{
				"name": "Execute Pipeline_fail",
				"type": "ExecutePipeline",
				"dependsOn": [
					{
						"activity": "XML_Filephoto",
						"dependencyConditions": [
							"Failed"
						]
					}
				],
				"userProperties": [],
				"typeProperties": {
					"pipeline": {
						"referenceName": "ppl_ces_PostExamfiles_XSD_fail",
						"type": "PipelineReference"
					},
					"waitOnCompletion": true,
					"parameters": {
						"Filename": {
							"value": "@pipeline().parameters.Filename",
							"type": "Expression"
						},
						"Error_Msg": {
							"value": "@activity('XML_Filephoto').output.errors[0].Message",
							"type": "Expression"
						},
						"PostexamRawDirectory": {
							"value": "@pipeline().parameters.PostExamRawDirectory",
							"type": "Expression"
						}
					}
				}
			},
			{
				"name": "Execute Pipeline_fail_copy1",
				"type": "ExecutePipeline",
				"dependsOn": [
					{
						"activity": "XML_aLL",
						"dependencyConditions": [
							"Failed"
						]
					}
				],
				"userProperties": [],
				"typeProperties": {
					"pipeline": {
						"referenceName": "ppl_ces_PostExamfiles_XSD_fail",
						"type": "PipelineReference"
					},
					"waitOnCompletion": true,
					"parameters": {
						"Filename": {
							"value": "@pipeline().parameters.Filename",
							"type": "Expression"
						},
						"Error_Msg": {
							"value": "@activity('XML_aLL').output.errors[0].Message",
							"type": "Expression"
						},
						"PostexamRawDirectory": {
							"value": "@pipeline().parameters.PostExamRawDirectory",
							"type": "Expression"
						}
					}
				}
			},
			{
				"name": "Execute Pipeline_fail_copy2",
				"type": "ExecutePipeline",
				"dependsOn": [
					{
						"activity": "XML_Recommendation",
						"dependencyConditions": [
							"Failed"
						]
					}
				],
				"userProperties": [],
				"typeProperties": {
					"pipeline": {
						"referenceName": "ppl_ces_PostExamfiles_XSD_fail",
						"type": "PipelineReference"
					},
					"waitOnCompletion": true,
					"parameters": {
						"Filename": {
							"value": "@pipeline().parameters.Filename",
							"type": "Expression"
						},
						"Error_Msg": {
							"value": "@activity('XML_Recommendation').output.errors[0].Message",
							"type": "Expression"
						},
						"PostexamRawDirectory": {
							"value": "@pipeline().parameters.PostExamRawDirectory",
							"type": "Expression"
						}
					}
				}
			},
			{
				"name": "Execute Pipeline_fail_copy2_copy1",
				"type": "ExecutePipeline",
				"dependsOn": [
					{
						"activity": "XML_Defect",
						"dependencyConditions": [
							"Failed"
						]
					}
				],
				"userProperties": [],
				"typeProperties": {
					"pipeline": {
						"referenceName": "ppl_ces_PostExamfiles_XSD_fail",
						"type": "PipelineReference"
					},
					"waitOnCompletion": true,
					"parameters": {
						"Filename": {
							"value": "@pipeline().parameters.Filename",
							"type": "Expression"
						},
						"Error_Msg": {
							"value": "@activity('XML_Defect').output.errors[0].Message",
							"type": "Expression"
						},
						"PostexamRawDirectory": {
							"value": "@pipeline().parameters.PostExamRawDirectory",
							"type": "Expression"
						}
					}
				}
			}
		],
		"parameters": {
			"PostExamRawDirectory": {
				"type": "string"
			},
			"PostExamDirectory": {
				"type": "string"
			},
			"xml_filename": {
				"type": "string"
			},
			"Filename": {
				"type": "string"
			}
		},
		"variables": {
			"Error_Msg": {
				"type": "String"
			}
		},
		"folder": {
			"name": "Post_Exam_Data"
		},
		"annotations": []
	}
}