{
	"name": "ppl_ces_TaskList_Raw_Curated",
	"properties": {
		"activities": [
			{
				"name": "acty_dataflow_Tranformation_TaskList",
				"type": "ExecuteDataFlow",
				"dependsOn": [],
				"policy": {
					"timeout": "7.00:00:00",
					"retry": 0,
					"retryIntervalInSeconds": 30,
					"secureOutput": false,
					"secureInput": false
				},
				"userProperties": [],
				"typeProperties": {
					"dataflow": {
						"referenceName": "dataflow_Tasklist_Raw_Curated",
						"type": "DataFlowReference",
						"parameters": {
							"OutputFileName": {
								"value": "'@{pipeline().parameters.CuratedFileName}'",
								"type": "Expression"
							},
							"ErrorFileName": {
								"value": "'@{pipeline().parameters.ErrorFileName}'",
								"type": "Expression"
							}
						},
						"datasetParameters": {
							"SourceTaskList": {
								"FileSystem": {
									"value": "@pipeline().parameters.Container",
									"type": "Expression"
								},
								"FileDirectory": {
									"value": "@concat(pipeline().parameters.RootDirectory,'/Raw/',pipeline().parameters.DateDirectory)",
									"type": "Expression"
								},
								"FileName": {
									"value": "@pipeline().parameters.RawFileName",
									"type": "Expression"
								},
								"SheetName": {
									"value": "TaskList",
									"type": "Expression"
								}
							},
							"DQSinkCurated": {
								"Directory": {
									"value": "@concat(pipeline().parameters.RootDirectory, '/Curated/', pipeline().parameters.DateDirectory)",
									"type": "Expression"
								},
								"FileSystem": {
									"value": "@pipeline().parameters.Container",
									"type": "Expression"
								}
							},
							"DQSinkError": {
								"FileDirectory": {
									"value": "@concat('ces-adls-error/INC/',pipeline().parameters.DateDirectory)",
									"type": "Expression"
								},
								"FileSystem": {
									"value": "@pipeline().globalParameters.gp_DataLake_Container",
									"type": "Expression"
								}
							}
						}
					},
					"integrationRuntime": {
						"referenceName": "ir-uks-Azure-ii-civl0001",
						"type": "IntegrationRuntimeReference"
					},
					"traceLevel": "Coarse"
				}
			},
			{
				"name": "Set variable1",
				"type": "SetVariable",
				"dependsOn": [
					{
						"activity": "acty_dataflow_Tranformation_TaskList",
						"dependencyConditions": [
							"Succeeded"
						]
					}
				],
				"userProperties": [],
				"typeProperties": {
					"variableName": "ErrorCount",
					"value": {
						"value": "@string(if(contains(activity('acty_dataflow_Tranformation_TaskList').output.runStatus.metrics,'DQSinkError'),activity('acty_dataflow_Tranformation_TaskList').output.runStatus.metrics.DQSinkError.rowsWritten,0))",
						"type": "Expression"
					}
				}
			},
			{
				"name": "If Condition1",
				"type": "IfCondition",
				"dependsOn": [
					{
						"activity": "Set variable1",
						"dependencyConditions": [
							"Succeeded"
						]
					}
				],
				"userProperties": [],
				"typeProperties": {
					"expression": {
						"value": "@equals(variables('ErrorCount'),'0')",
						"type": "Expression"
					},
					"ifFalseActivities": [
						{
							"name": "SPUpdateFileProcessingLog_Failure_Curated",
							"type": "SqlServerStoredProcedure",
							"dependsOn": [],
							"policy": {
								"timeout": "7.00:00:00",
								"retry": 0,
								"retryIntervalInSeconds": 30,
								"secureOutput": false,
								"secureInput": false
							},
							"userProperties": [],
							"typeProperties": {
								"storedProcedureName": "[CES].[sp_update_ADF_FILE_PROCESS_LOG]",
								"storedProcedureParameters": {
									"ERROR_DESCRIPTION": {
										"value": "Validation Failed in Task List Planned Dates.",
										"type": "String"
									},
									"ERROR_FILE_LOCATION": {
										"value": {
											"value": "@concat(pipeline().parameters.FileURL,'ces-adls-error/INC/',pipeline().parameters.DateDirectory,'/',pipeline().parameters.RawFileName)",
											"type": "Expression"
										},
										"type": "String"
									},
									"FILE_NAME": {
										"value": {
											"value": "@pipeline().parameters.RawFileName",
											"type": "Expression"
										},
										"type": "String"
									},
									"FILE_PROCESS_DATE": {
										"value": {
											"value": "@utcnow()",
											"type": "Expression"
										},
										"type": "DateTime"
									},
									"FILE_PROCESS_STATUS": {
										"value": "Failed",
										"type": "String"
									},
									"SOURCE_FILE_LOCATION": {
										"value": {
											"value": "@concat(pipeline().parameters.FileURL,pipeline().parameters.Container,'/',pipeline().parameters.RootDirectory,'/Raw/',pipeline().parameters.DateDirectory,'/',pipeline().parameters.RawFileName)",
											"type": "Expression"
										},
										"type": "String"
									},
									"UPDATED_DATE": {
										"value": {
											"value": "@utcnow()",
											"type": "Expression"
										},
										"type": "DateTime"
									},
									"UPDATED_USER": {
										"value": {
											"value": "CES",
											"type": "Expression"
										},
										"type": "String"
									}
								}
							},
							"linkedServiceName": {
								"referenceName": "lscesdb",
								"type": "LinkedServiceReference"
							}
						}
					],
					"ifTrueActivities": [
						{
							"name": "Execute Curated to Destination",
							"type": "ExecutePipeline",
							"dependsOn": [],
							"userProperties": [],
							"typeProperties": {
								"pipeline": {
									"referenceName": "ppl_ces_Tasklist_Curated_Dest",
									"type": "PipelineReference"
								},
								"waitOnCompletion": true,
								"parameters": {
									"SourceDirectory": {
										"value": "@concat(pipeline().parameters.RootDirectory,'/Curated/',pipeline().parameters.DateDirectory)",
										"type": "Expression"
									},
									"SourceFileName": {
										"value": "@pipeline().parameters.CuratedFileName",
										"type": "Expression"
									},
									"FileURL": {
										"value": "@pipeline().parameters.FileURL",
										"type": "Expression"
									},
									"DateDirectory": {
										"value": "@pipeline().parameters.DateDirectory",
										"type": "Expression"
									},
									"RootDirectory": {
										"value": "@pipeline().parameters.RootDirectory",
										"type": "Expression"
									},
									"RawFileName": {
										"value": "@pipeline().parameters.RawFileName",
										"type": "Expression"
									},
									"ErrorFileName": {
										"value": "@pipeline().parameters.ErrorFileName",
										"type": "Expression"
									}
								}
							}
						},
						{
							"name": "acty_Sp_Insert_ControlAudit_Curated",
							"type": "SqlServerStoredProcedure",
							"dependsOn": [
								{
									"activity": "Execute Curated to Destination",
									"dependencyConditions": [
										"Succeeded"
									]
								}
							],
							"policy": {
								"timeout": "7.00:00:00",
								"retry": 0,
								"retryIntervalInSeconds": 30,
								"secureOutput": false,
								"secureInput": false
							},
							"userProperties": [],
							"typeProperties": {
								"storedProcedureName": "[CTL_CES_ADL_CONTROL].sp_Insert_ADF_ControlAuditData",
								"storedProcedureParameters": {
									"ActivityName": {
										"value": "Execute Curated to Destination",
										"type": "String"
									},
									"ADFName": {
										"value": {
											"value": "@pipeline().DataFactory",
											"type": "Expression"
										},
										"type": "String"
									},
									"CreatedBy": {
										"value": "CES",
										"type": "String"
									},
									"EndTime": {
										"value": {
											"value": "@utcnow()",
											"type": "Expression"
										},
										"type": "DateTime"
									},
									"Message": {
										"value": {
											"value": "Executing the Curated to Destination layer data insertion",
											"type": "Expression"
										},
										"type": "String"
									},
									"PipeLineName": {
										"value": {
											"value": "@pipeline().Pipeline",
											"type": "Expression"
										},
										"type": "String"
									},
									"PipeLineRunID": {
										"value": {
											"value": "@pipeline().RunId",
											"type": "Expression"
										},
										"type": "String"
									},
									"Rows_Transferred": {
										"value": null,
										"type": "Int64"
									},
									"StartTime": {
										"value": {
											"value": "@pipeline().TriggerTime",
											"type": "Expression"
										},
										"type": "DateTime"
									},
									"Status": {
										"value": "Success",
										"type": "String"
									},
									"TargetTable": {
										"value": null,
										"type": "String"
									},
									"TriggerType": {
										"value": {
											"value": "@pipeline().TriggerType",
											"type": "Expression"
										},
										"type": "String"
									}
								}
							},
							"linkedServiceName": {
								"referenceName": "lscesdb",
								"type": "LinkedServiceReference"
							}
						},
						{
							"name": "acty_Sp_Insert_ControlAudit_Curated_Failed",
							"type": "SqlServerStoredProcedure",
							"dependsOn": [
								{
									"activity": "Execute Curated to Destination",
									"dependencyConditions": [
										"Failed"
									]
								}
							],
							"policy": {
								"timeout": "7.00:00:00",
								"retry": 0,
								"retryIntervalInSeconds": 30,
								"secureOutput": false,
								"secureInput": false
							},
							"userProperties": [],
							"typeProperties": {
								"storedProcedureName": "[CTL_CES_ADL_CONTROL].sp_Insert_ADF_ControlAuditData",
								"storedProcedureParameters": {
									"ActivityName": {
										"value": "Execute Curated to Destination",
										"type": "String"
									},
									"ADFName": {
										"value": {
											"value": "@pipeline().DataFactory",
											"type": "Expression"
										},
										"type": "String"
									},
									"CreatedBy": {
										"value": "CES",
										"type": "String"
									},
									"EndTime": {
										"value": {
											"value": "@utcnow()",
											"type": "Expression"
										},
										"type": "DateTime"
									},
									"Message": {
										"value": {
											"value": "Executing the Curated to Destination layer data insertion",
											"type": "Expression"
										},
										"type": "String"
									},
									"PipeLineName": {
										"value": {
											"value": "@pipeline().Pipeline",
											"type": "Expression"
										},
										"type": "String"
									},
									"PipeLineRunID": {
										"value": {
											"value": "@pipeline().RunId",
											"type": "Expression"
										},
										"type": "String"
									},
									"Rows_Transferred": {
										"value": null,
										"type": "Int64"
									},
									"StartTime": {
										"value": {
											"value": "@pipeline().TriggerTime",
											"type": "Expression"
										},
										"type": "DateTime"
									},
									"Status": {
										"value": "Failed",
										"type": "String"
									},
									"TargetTable": {
										"value": null,
										"type": "String"
									},
									"TriggerType": {
										"value": {
											"value": "@pipeline().TriggerType",
											"type": "Expression"
										},
										"type": "String"
									}
								}
							},
							"linkedServiceName": {
								"referenceName": "lscesdb",
								"type": "LinkedServiceReference"
							}
						}
					]
				}
			},
			{
				"name": "SPUpdateFileProcessingLog_Failure",
				"type": "SqlServerStoredProcedure",
				"dependsOn": [
					{
						"activity": "acty_dataflow_Tranformation_TaskList",
						"dependencyConditions": [
							"Failed"
						]
					}
				],
				"policy": {
					"timeout": "7.00:00:00",
					"retry": 0,
					"retryIntervalInSeconds": 30,
					"secureOutput": false,
					"secureInput": false
				},
				"userProperties": [],
				"typeProperties": {
					"storedProcedureName": "[CES].[sp_update_ADF_FILE_PROCESS_LOG]",
					"storedProcedureParameters": {
						"ERROR_DESCRIPTION": {
							"value": {
								"value": "Planned date upload ETL transformation failed. For more information refer pipeline logs.",
								"type": "Expression"
							},
							"type": "String"
						},
						"ERROR_FILE_LOCATION": {
							"value": null,
							"type": "String"
						},
						"FILE_NAME": {
							"value": {
								"value": "@pipeline().parameters.RawFileName",
								"type": "Expression"
							},
							"type": "String"
						},
						"FILE_PROCESS_DATE": {
							"value": {
								"value": "@utcnow()",
								"type": "Expression"
							},
							"type": "DateTime"
						},
						"FILE_PROCESS_STATUS": {
							"value": "Failed",
							"type": "String"
						},
						"SOURCE_FILE_LOCATION": {
							"value": {
								"value": "@concat(pipeline().parameters.FileURL,pipeline().parameters.Container,'/',pipeline().parameters.RootDirectory,'/Raw/',pipeline().parameters.DateDirectory,'/',pipeline().parameters.RawFileName)",
								"type": "Expression"
							},
							"type": "String"
						},
						"UPDATED_DATE": {
							"value": {
								"value": "@utcnow()",
								"type": "Expression"
							},
							"type": "DateTime"
						},
						"UPDATED_USER": {
							"value": {
								"value": "CES",
								"type": "Expression"
							},
							"type": "String"
						}
					}
				},
				"linkedServiceName": {
					"referenceName": "lscesdb",
					"type": "LinkedServiceReference"
				}
			},
			{
				"name": "acty_Sp_Insert_ControlAudit",
				"type": "SqlServerStoredProcedure",
				"dependsOn": [
					{
						"activity": "acty_dataflow_Tranformation_TaskList",
						"dependencyConditions": [
							"Succeeded"
						]
					}
				],
				"policy": {
					"timeout": "7.00:00:00",
					"retry": 0,
					"retryIntervalInSeconds": 30,
					"secureOutput": false,
					"secureInput": false
				},
				"userProperties": [],
				"typeProperties": {
					"storedProcedureName": "[CTL_CES_ADL_CONTROL].sp_Insert_ADF_ControlAuditData",
					"storedProcedureParameters": {
						"ActivityName": {
							"value": "acty_dataflow_Tranformation_TaskList",
							"type": "String"
						},
						"ADFName": {
							"value": {
								"value": "@pipeline().DataFactory",
								"type": "Expression"
							},
							"type": "String"
						},
						"CreatedBy": {
							"value": "CES",
							"type": "String"
						},
						"EndTime": {
							"value": {
								"value": "@utcnow()",
								"type": "Expression"
							},
							"type": "DateTime"
						},
						"Message": {
							"value": {
								"value": "Executing the file arrival from Raw to Curated layer",
								"type": "Expression"
							},
							"type": "String"
						},
						"PipeLineName": {
							"value": {
								"value": "@pipeline().Pipeline",
								"type": "Expression"
							},
							"type": "String"
						},
						"PipeLineRunID": {
							"value": {
								"value": "@pipeline().RunId",
								"type": "Expression"
							},
							"type": "String"
						},
						"Rows_Transferred": {
							"value": null,
							"type": "Int64"
						},
						"StartTime": {
							"value": {
								"value": "@pipeline().TriggerTime",
								"type": "Expression"
							},
							"type": "DateTime"
						},
						"Status": {
							"value": "Success",
							"type": "String"
						},
						"TargetTable": {
							"value": null,
							"type": "String"
						},
						"TriggerType": {
							"value": {
								"value": "@pipeline().TriggerType",
								"type": "Expression"
							},
							"type": "String"
						}
					}
				},
				"linkedServiceName": {
					"referenceName": "lscesdb",
					"type": "LinkedServiceReference"
				}
			},
			{
				"name": "acty_Sp_Insert_ControlAudit_Failed",
				"type": "SqlServerStoredProcedure",
				"dependsOn": [
					{
						"activity": "acty_dataflow_Tranformation_TaskList",
						"dependencyConditions": [
							"Failed"
						]
					}
				],
				"policy": {
					"timeout": "7.00:00:00",
					"retry": 0,
					"retryIntervalInSeconds": 30,
					"secureOutput": false,
					"secureInput": false
				},
				"userProperties": [],
				"typeProperties": {
					"storedProcedureName": "[CTL_CES_ADL_CONTROL].sp_Insert_ADF_ControlAuditData",
					"storedProcedureParameters": {
						"ActivityName": {
							"value": "acty_dataflow_Tranformation_TaskList",
							"type": "String"
						},
						"ADFName": {
							"value": {
								"value": "@pipeline().DataFactory",
								"type": "Expression"
							},
							"type": "String"
						},
						"CreatedBy": {
							"value": "CES",
							"type": "String"
						},
						"EndTime": {
							"value": {
								"value": "@utcnow()",
								"type": "Expression"
							},
							"type": "DateTime"
						},
						"Message": {
							"value": {
								"value": "Executing the file arrival from Raw to Curated layer",
								"type": "Expression"
							},
							"type": "String"
						},
						"PipeLineName": {
							"value": {
								"value": "@pipeline().Pipeline",
								"type": "Expression"
							},
							"type": "String"
						},
						"PipeLineRunID": {
							"value": {
								"value": "@pipeline().RunId",
								"type": "Expression"
							},
							"type": "String"
						},
						"Rows_Transferred": {
							"value": null,
							"type": "Int64"
						},
						"StartTime": {
							"value": {
								"value": "@pipeline().TriggerTime",
								"type": "Expression"
							},
							"type": "DateTime"
						},
						"Status": {
							"value": "Failed",
							"type": "String"
						},
						"TargetTable": {
							"value": null,
							"type": "String"
						},
						"TriggerType": {
							"value": {
								"value": "@pipeline().TriggerType",
								"type": "Expression"
							},
							"type": "String"
						}
					}
				},
				"linkedServiceName": {
					"referenceName": "lscesdb",
					"type": "LinkedServiceReference"
				}
			}
		],
		"parameters": {
			"RawFileName": {
				"type": "string"
			},
			"CuratedFileName": {
				"type": "string"
			},
			"ErrorFileName": {
				"type": "string"
			},
			"Container": {
				"type": "string"
			},
			"RootDirectory": {
				"type": "string"
			},
			"DateDirectory": {
				"type": "string"
			},
			"FileURL": {
				"type": "string"
			},
			"ErrorDirectory": {
				"type": "string"
			}
		},
		"variables": {
			"ErrorCount": {
				"type": "String",
				"defaultValue": "0"
			}
		},
		"folder": {
			"name": "TaskList"
		},
		"annotations": []
	}
}