{
	"name": "ppl_ces_Exam_cycle_Migration_Raw_Curated",
	"properties": {
		"activities": [
			{
				"name": "acty_sp_Insert_FileMetadata",
				"type": "SqlServerStoredProcedure",
				"dependsOn": [
					{
						"activity": "dataflow_ces_Exam_Cycle_Migration_Transform",
						"dependencyConditions": [
							"Succeeded"
						]
					}
				],
				"policy": {
					"timeout": "7.00:00:00",
					"retry": 0,
					"retryIntervalInSeconds": 30,
					"secureOutput": false,
					"secureInput": false
				},
				"userProperties": [],
				"typeProperties": {
					"storedProcedureName": "[CTL_CES_ADL_CONTROL].[sp_Insert_ADF_FileMetadata]",
					"storedProcedureParameters": {
						"Creation_Date": {
							"value": {
								"value": "@utcnow()",
								"type": "Expression"
							},
							"type": "DateTime"
						},
						"Creator": {
							"value": {
								"value": "@pipeline().Pipeline",
								"type": "Expression"
							},
							"type": "String"
						},
						"Data_Classification": {
							"value": "CIVILS",
							"type": "String"
						},
						"Data_Type": {
							"value": "Structured",
							"type": "String"
						},
						"Description": {
							"value": "ExamCycle data",
							"type": "String"
						},
						"Encoding": {
							"value": null,
							"type": "String"
						},
						"File_Extension": {
							"value": ".parquet",
							"type": "String"
						},
						"FileName": {
							"value": {
								"value": "@concat('CES_Exam_Cycle_',formatDateTime(utcnow(),'yyyyMMdd'),'.parquet')",
								"type": "Expression"
							},
							"type": "String"
						},
						"Owner": {
							"value": "CES",
							"type": "String"
						},
						"Personal_Data": {
							"value": "N",
							"type": "String"
						},
						"PipeLineRunID": {
							"value": {
								"value": "@pipeline().RunId",
								"type": "Expression"
							},
							"type": "String"
						},
						"Rows_Error": {
							"value": {
								"value": "@if(contains(activity('dataflow_ces_Exam_Cycle_Migration_Transform').output.runStatus.metrics,'sinkError'),activity('dataflow_ces_Exam_Cycle_Migration_Transform').output.runStatus.metrics.sinkError.rowsWritten,0)",
								"type": "Expression"
							},
							"type": "Int64"
						},
						"Rows_Read": {
							"value": null,
							"type": "Int64"
						},
						"Rows_Transferred": {
							"value": {
								"value": "@if(contains(activity('dataflow_ces_Exam_Cycle_Migration_Transform').output.runStatus.metrics,'SinkCurated'),activity('dataflow_ces_Exam_Cycle_Migration_Transform').output.runStatus.metrics.SinkCurated.rowsWritten,0)",
								"type": "Expression"
							},
							"type": "Int64"
						},
						"Security_Classification": {
							"value": "Internal",
							"type": "String"
						},
						"Storage_Layer": {
							"value": "Curated",
							"type": "String"
						}
					}
				},
				"linkedServiceName": {
					"referenceName": "lscesdb",
					"type": "LinkedServiceReference"
				}
			},
			{
				"name": "acty_Sp_Insert_ControlAudit",
				"type": "SqlServerStoredProcedure",
				"dependsOn": [
					{
						"activity": "dataflow_ces_Exam_Cycle_Migration_Transform",
						"dependencyConditions": [
							"Succeeded"
						]
					}
				],
				"policy": {
					"timeout": "7.00:00:00",
					"retry": 0,
					"retryIntervalInSeconds": 30,
					"secureOutput": false,
					"secureInput": false
				},
				"userProperties": [],
				"typeProperties": {
					"storedProcedureName": "[CTL_CES_ADL_CONTROL].[sp_Insert_ADF_ControlAuditData]",
					"storedProcedureParameters": {
						"ActivityName": {
							"value": "dataflow_ces_Exam_Cycle_Migration_Transform",
							"type": "String"
						},
						"ADFName": {
							"value": {
								"value": "@pipeline().DataFactory",
								"type": "Expression"
							},
							"type": "String"
						},
						"CreatedBy": {
							"value": {
								"value": "CES",
								"type": "Expression"
							},
							"type": "String"
						},
						"EndTime": {
							"value": {
								"value": "@utcnow()",
								"type": "Expression"
							},
							"type": "DateTime"
						},
						"Message": {
							"value": {
								"value": "Raw to Curated layer. Data Transformation and DQ rules applied to the data",
								"type": "Expression"
							},
							"type": "String"
						},
						"PipeLineName": {
							"value": {
								"value": "@pipeline().Pipeline",
								"type": "Expression"
							},
							"type": "String"
						},
						"PipeLineRunID": {
							"value": {
								"value": "@pipeline().RunId",
								"type": "Expression"
							},
							"type": "String"
						},
						"Rows_Transferred": {
							"value": {
								"value": "@activity('dataflow_ces_Exam_Cycle_Migration_Transform').output.runStatus.metrics.SinkCurated.rowsWritten",
								"type": "Expression"
							},
							"type": "Int64"
						},
						"StartTime": {
							"value": {
								"value": "@utcnow()",
								"type": "Expression"
							},
							"type": "DateTime"
						},
						"Status": {
							"value": "Success",
							"type": "String"
						},
						"TargetTable": {
							"value": null,
							"type": "String"
						},
						"TriggerType": {
							"value": {
								"value": "@pipeline().TriggerType",
								"type": "Expression"
							},
							"type": "String"
						}
					}
				},
				"linkedServiceName": {
					"referenceName": "lscesdb",
					"type": "LinkedServiceReference"
				}
			},
			{
				"name": "dataflow_ces_Exam_Cycle_Migration_Transform",
				"type": "ExecuteDataFlow",
				"dependsOn": [],
				"policy": {
					"timeout": "7.00:00:00",
					"retry": 0,
					"retryIntervalInSeconds": 30,
					"secureOutput": false,
					"secureInput": false
				},
				"userProperties": [],
				"typeProperties": {
					"dataflow": {
						"referenceName": "dataflow_ces_Exam_Cycle_Migration_Transform",
						"type": "DataFlowReference",
						"datasetParameters": {
							"CarrsEGExamTypeCycle": {
								"FileSystem": {
									"value": "@pipeline().globalParameters.gp_DataLake_Container",
									"type": "Expression"
								},
								"Directory": {
									"value": "@concat('ces-adls-data/Full/Raw/Exam_Group_Exam_Type_Cycle/','YEAR-', formatDateTime(utcnow(),'yyyy'),'/MONTH-',formatDateTime(utcnow(),'MM'),'/DAY-',formatDateTime(utcnow(),'dd'))\n",
									"type": "Expression"
								},
								"Filename": {
									"value": "@concat('CARRS_Exam_Group_Exam_Type_Cycle_',formatDateTime(utcnow(),'yyyyMMdd'),'.parquet')",
									"type": "Expression"
								}
							},
							"CarrsExamGroupElement": {
								"FileSystem": {
									"value": "@pipeline().globalParameters.gp_DataLake_Container",
									"type": "Expression"
								},
								"Directory": {
									"value": "@concat('ces-adls-data/Full/Raw/Exam_Group_Element/YEAR-', formatDateTime(utcnow(),'yyyy'),'/MONTH-',formatDateTime(utcnow(),'MM'),'/DAY-',formatDateTime(utcnow(),'dd'))",
									"type": "Expression"
								},
								"Filename": {
									"value": "@concat('CARRS_Exam_Group_Element_',formatDateTime(utcnow(),'yyyyMMdd'),'.parquet')",
									"type": "Expression"
								}
							},
							"CarrsElement": {
								"FileSystem": {
									"value": "@pipeline().globalParameters.gp_DataLake_Container",
									"type": "Expression"
								},
								"Directory": {
									"value": "@concat('ces-adls-data/Full/Raw/Element/YEAR-', formatDateTime(utcnow(),'yyyy'),'/MONTH-',formatDateTime(utcnow(),'MM'),'/DAY-',formatDateTime(utcnow(),'dd'))",
									"type": "Expression"
								},
								"Filename": {
									"value": "@concat('CARRS_ELEMENT_',formatDateTime(utcnow(),'yyyyMMdd'),'.parquet')",
									"type": "Expression"
								}
							},
							"CarrsExamType": {
								"FileSystem": {
									"value": "@pipeline().globalParameters.gp_DataLake_Container",
									"type": "Expression"
								},
								"Directory": {
									"value": "@concat('ces-adls-data/Full/Raw/Exam_Type/','YEAR-', formatDateTime(utcnow(),'yyyy'),'/MONTH-',formatDateTime(utcnow(),'MM'),'/DAY-',formatDateTime(utcnow(),'dd'))",
									"type": "Expression"
								},
								"Filename": {
									"value": "@concat('CARRS_Exam_Type_',formatDateTime(utcnow(),'yyyyMMdd'),'.parquet')",
									"type": "Expression"
								}
							},
							"CarrsExamination": {
								"FileSystem": {
									"value": "@pipeline().globalParameters.gp_DataLake_Container",
									"type": "Expression"
								},
								"Directory": {
									"value": "@concat('ces-adls-data/Full/Raw/Examination/','YEAR-', formatDateTime(utcnow(),'yyyy'),'/MONTH-',formatDateTime(utcnow(),'MM'),'/DAY-',formatDateTime(utcnow(),'dd'))",
									"type": "Expression"
								},
								"Filename": {
									"value": "@concat('CARRS_Examination_',formatDateTime(utcnow(),'yyyyMMdd'),'.parquet')",
									"type": "Expression"
								}
							},
							"SinkError": {
								"FileDirectory": {
									"value": "@concat('ces-adls-error/Full/Exam_Cycle/YEAR-',formatDateTime(utcnow(),'yyyy'),'/MONTH-',formatDateTime(utcnow(),'MM'),'/DAY-',formatDateTime(utcnow(),'dd'))",
									"type": "Expression"
								},
								"FileSystem": {
									"value": "@pipeline().globalParameters.gp_DataLake_Container",
									"type": "Expression"
								}
							},
							"SinkCurated": {
								"Directory": {
									"value": "@concat('ces-adls-data/Full/Curated/Exam_Cycle/YEAR-', formatDateTime(utcnow(),'yyyy'),'/MONTH-',formatDateTime(utcnow(),'MM'),'/DAY-',formatDateTime(utcnow(),'dd'))",
									"type": "Expression"
								},
								"FileSystem": {
									"value": "@pipeline().globalParameters.gp_DataLake_Container",
									"type": "Expression"
								}
							}
						}
					},
					"integrationRuntime": {
						"referenceName": "ir-uks-Azure-ii-civl0001",
						"type": "IntegrationRuntimeReference"
					},
					"traceLevel": "Coarse"
				}
			},
			{
				"name": "acty_Sp_Insert_ControlAudit_Failed",
				"type": "SqlServerStoredProcedure",
				"dependsOn": [
					{
						"activity": "dataflow_ces_Exam_Cycle_Migration_Transform",
						"dependencyConditions": [
							"Failed"
						]
					}
				],
				"policy": {
					"timeout": "7.00:00:00",
					"retry": 0,
					"retryIntervalInSeconds": 30,
					"secureOutput": false,
					"secureInput": false
				},
				"userProperties": [],
				"typeProperties": {
					"storedProcedureName": "[CTL_CES_ADL_CONTROL].[sp_Insert_ADF_ControlAuditData]",
					"storedProcedureParameters": {
						"ActivityName": {
							"value": "dataflow_ces_Exam_Cycle_Migration_Transform",
							"type": "String"
						},
						"ADFName": {
							"value": {
								"value": "@pipeline().DataFactory",
								"type": "Expression"
							},
							"type": "String"
						},
						"CreatedBy": {
							"value": {
								"value": "CES",
								"type": "Expression"
							},
							"type": "String"
						},
						"EndTime": {
							"value": {
								"value": "@utcnow()",
								"type": "Expression"
							},
							"type": "DateTime"
						},
						"Message": {
							"value": {
								"value": "Raw to Curated layer. Data Transformation and DQ rules applied to the data",
								"type": "Expression"
							},
							"type": "String"
						},
						"PipeLineName": {
							"value": {
								"value": "@pipeline().Pipeline",
								"type": "Expression"
							},
							"type": "String"
						},
						"PipeLineRunID": {
							"value": {
								"value": "@pipeline().RunId",
								"type": "Expression"
							},
							"type": "String"
						},
						"Rows_Transferred": {
							"value": {
								"value": "@activity('dataflow_ces_Exam_Cycle_Migration_Transform').output.runStatus.metrics.SinkCurated.rowsWritten",
								"type": "Expression"
							},
							"type": "Int64"
						},
						"StartTime": {
							"value": {
								"value": "@utcnow()",
								"type": "Expression"
							},
							"type": "DateTime"
						},
						"Status": {
							"value": "Failed",
							"type": "String"
						},
						"TargetTable": {
							"value": null,
							"type": "String"
						},
						"TriggerType": {
							"value": {
								"value": "@pipeline().TriggerType",
								"type": "Expression"
							},
							"type": "String"
						}
					}
				},
				"linkedServiceName": {
					"referenceName": "lscesdb",
					"type": "LinkedServiceReference"
				}
			}
		],
		"folder": {
			"name": "CARRS/Migration/RawToCurated"
		},
		"annotations": []
	}
}