{
	"name": "ppl_ces_PostExamfilesRaw_Validcheck",
	"properties": {
		"activities": [
			{
				"name": "GetFiles",
				"type": "GetMetadata",
				"dependsOn": [],
				"policy": {
					"timeout": "7.00:00:00",
					"retry": 0,
					"retryIntervalInSeconds": 30,
					"secureOutput": false,
					"secureInput": false
				},
				"userProperties": [],
				"typeProperties": {
					"dataset": {
						"referenceName": "ds_adlsgen2_get_postexamfiles",
						"type": "DatasetReference",
						"parameters": {
							"Directory": {
								"value": "@pipeline().parameters.PostExamRawDirectory",
								"type": "Expression"
							},
							"Container": {
								"value": "@pipeline().globalParameters.gp_DataLake_Container",
								"type": "Expression"
							}
						}
					},
					"fieldList": [
						"childItems"
					],
					"storeSettings": {
						"type": "AzureBlobFSReadSettings",
						"recursive": true,
						"enablePartitionDiscovery": false
					},
					"formatSettings": {
						"type": "BinaryReadSettings"
					}
				}
			},
			{
				"name": "ForEach1",
				"type": "ForEach",
				"dependsOn": [
					{
						"activity": "GetFiles",
						"dependencyConditions": [
							"Succeeded"
						]
					}
				],
				"userProperties": [],
				"typeProperties": {
					"items": {
						"value": "@activity('GetFiles').output.childitems",
						"type": "Expression"
					},
					"activities": [
						{
							"name": "If Condition zip",
							"type": "IfCondition",
							"dependsOn": [],
							"userProperties": [],
							"typeProperties": {
								"expression": {
									"value": "@contains(item().name,'.zip')",
									"type": "Expression"
								},
								"ifTrueActivities": [
									{
										"name": "CopyZip",
										"type": "Copy",
										"dependsOn": [],
										"policy": {
											"timeout": "7.00:00:00",
											"retry": 0,
											"retryIntervalInSeconds": 30,
											"secureOutput": false,
											"secureInput": false
										},
										"userProperties": [],
										"typeProperties": {
											"source": {
												"type": "BinarySource",
												"storeSettings": {
													"type": "AzureBlobFSReadSettings",
													"recursive": true,
													"deleteFilesAfterCompletion": false
												},
												"formatSettings": {
													"type": "BinaryReadSettings",
													"compressionProperties": {
														"type": "ZipDeflateReadSettings",
														"preserveZipFileNameAsFolder": false
													}
												}
											},
											"sink": {
												"type": "BinarySink",
												"storeSettings": {
													"type": "AzureBlobFSWriteSettings"
												}
											},
											"enableStaging": false
										},
										"inputs": [
											{
												"referenceName": "ds_adlsgen2_postexamdata_blob_zip",
												"type": "DatasetReference",
												"parameters": {
													"Directory": {
														"value": "@pipeline().parameters.PostExamRawDirectory",
														"type": "Expression"
													},
													"Filename": {
														"value": "@concat(pipeline().parameters.FileName,'.zip')",
														"type": "Expression"
													}
												}
											}
										],
										"outputs": [
											{
												"referenceName": "ds_adlsgen2_Raw_zip",
												"type": "DatasetReference",
												"parameters": {
													"Directory": {
														"value": "@pipeline().parameters.PostExamRawDirectory",
														"type": "Expression"
													}
												}
											}
										]
									},
									{
										"name": "sp_File_Process_Log_Zip_Success",
										"type": "SqlServerStoredProcedure",
										"dependsOn": [
											{
												"activity": "CopyZip",
												"dependencyConditions": [
													"Succeeded"
												]
											}
										],
										"policy": {
											"timeout": "7.00:00:00",
											"retry": 0,
											"retryIntervalInSeconds": 30,
											"secureOutput": false,
											"secureInput": false
										},
										"userProperties": [],
										"typeProperties": {
											"storedProcedureName": "[CES].[sp_update_ADF_FILE_PROCESS_LOG]",
											"storedProcedureParameters": {
												"Error_Description": {
													"value": null,
													"type": "String"
												},
												"Error_File_Location": {
													"value": null,
													"type": "String"
												},
												"File_Name": {
													"value": {
														"value": "@concat(pipeline().parameters.FileName,'.zip')",
														"type": "Expression"
													},
													"type": "String"
												},
												"File_Process_Date": {
													"value": {
														"value": "@utcnow()",
														"type": "Expression"
													},
													"type": "DateTime"
												},
												"File_Process_Status": {
													"value": "Success",
													"type": "String"
												},
												"Source_File_Location": {
													"value": {
														"value": "@pipeline().parameters.PostExamRawDirectory",
														"type": "Expression"
													},
													"type": "String"
												},
												"Updated_Date": {
													"value": {
														"value": "@utcnow()",
														"type": "Expression"
													},
													"type": "DateTime"
												},
												"Updated_User": {
													"value": "CES",
													"type": "String"
												}
											}
										},
										"linkedServiceName": {
											"referenceName": "lscesdb",
											"type": "LinkedServiceReference"
										}
									}
								]
							}
						}
					]
				}
			},
			{
				"name": "GetValidfiles",
				"type": "GetMetadata",
				"dependsOn": [
					{
						"activity": "ForEach1",
						"dependencyConditions": [
							"Succeeded"
						]
					}
				],
				"policy": {
					"timeout": "7.00:00:00",
					"retry": 0,
					"retryIntervalInSeconds": 30,
					"secureOutput": false,
					"secureInput": false
				},
				"userProperties": [],
				"typeProperties": {
					"dataset": {
						"referenceName": "ds_adlsgen2_get_postexamfiles",
						"type": "DatasetReference",
						"parameters": {
							"Directory": {
								"value": "@pipeline().parameters.PostExamRawDirectory",
								"type": "Expression"
							},
							"Container": "ces-adls"
						}
					},
					"fieldList": [
						"childItems"
					],
					"storeSettings": {
						"type": "AzureBlobFSReadSettings",
						"recursive": true,
						"enablePartitionDiscovery": false
					},
					"formatSettings": {
						"type": "BinaryReadSettings"
					}
				}
			},
			{
				"name": "ForEachvalidfile",
				"type": "ForEach",
				"dependsOn": [
					{
						"activity": "GetValidfiles",
						"dependencyConditions": [
							"Succeeded"
						]
					}
				],
				"userProperties": [],
				"typeProperties": {
					"items": {
						"value": "@activity('GetValidfiles').output.childitems",
						"type": "Expression"
					},
					"isSequential": false,
					"activities": [
						{
							"name": "If-filevalid",
							"type": "IfCondition",
							"dependsOn": [
								{
									"activity": "Setvalidfilename",
									"dependencyConditions": [
										"Succeeded"
									]
								}
							],
							"userProperties": [],
							"typeProperties": {
								"expression": {
									"value": "@contains('png jpg xml zip pdf',split(item().name,'.')[1])",
									"type": "Expression"
								},
								"ifFalseActivities": [
									{
										"name": "if-filesvalid2",
										"type": "SetVariable",
										"dependsOn": [],
										"userProperties": [],
										"typeProperties": {
											"variableName": "File_status",
											"value": {
												"value": "@bool(0)",
												"type": "Expression"
											}
										}
									},
									{
										"name": "Append file_status2",
										"type": "AppendVariable",
										"dependsOn": [
											{
												"activity": "if-filesvalid2",
												"dependencyConditions": [
													"Succeeded"
												]
											}
										],
										"userProperties": [],
										"typeProperties": {
											"variableName": "File_status_array",
											"value": {
												"value": "@variables('File_status')",
												"type": "Expression"
											}
										}
									}
								],
								"ifTrueActivities": [
									{
										"name": "if-filesvalid1",
										"type": "SetVariable",
										"dependsOn": [],
										"userProperties": [],
										"typeProperties": {
											"variableName": "File_status",
											"value": {
												"value": "@bool(1)",
												"type": "Expression"
											}
										}
									},
									{
										"name": "Append file_status1",
										"type": "AppendVariable",
										"dependsOn": [
											{
												"activity": "if-filesvalid1",
												"dependencyConditions": [
													"Succeeded"
												]
											}
										],
										"userProperties": [],
										"typeProperties": {
											"variableName": "File_status_array",
											"value": {
												"value": "@variables('File_status')",
												"type": "Expression"
											}
										}
									}
								]
							}
						},
						{
							"name": "Setvalidfilename",
							"type": "SetVariable",
							"dependsOn": [],
							"userProperties": [],
							"typeProperties": {
								"variableName": "Getfile",
								"value": {
									"value": "@item().name",
									"type": "Expression"
								}
							}
						}
					]
				}
			},
			{
				"name": "If Condition2",
				"type": "IfCondition",
				"dependsOn": [
					{
						"activity": "Set array variable",
						"dependencyConditions": [
							"Succeeded"
						]
					}
				],
				"userProperties": [],
				"typeProperties": {
					"expression": {
						"value": "@equals(contains(variables('Array'),'false'),bool(0))",
						"type": "Expression"
					},
					"ifFalseActivities": [
						{
							"name": "sp_File_Process_Log_Fail",
							"type": "SqlServerStoredProcedure",
							"dependsOn": [],
							"policy": {
								"timeout": "7.00:00:00",
								"retry": 0,
								"retryIntervalInSeconds": 30,
								"secureOutput": false,
								"secureInput": false
							},
							"userProperties": [],
							"typeProperties": {
								"storedProcedureName": "[CES].[sp_update_ADF_FILE_PROCESS_LOG]",
								"storedProcedureParameters": {
									"Error_Description": {
										"value": {
											"value": "Different File formats submitted other than XML,PDF, JPG, PNG were uploaded in zip file",
											"type": "Expression"
										},
										"type": "String"
									},
									"Error_File_Location": {
										"value": null,
										"type": "String"
									},
									"File_Name": {
										"value": {
											"value": "@concat(pipeline().parameters.FileName,'.zip')",
											"type": "Expression"
										},
										"type": "String"
									},
									"File_Process_Date": {
										"value": {
											"value": "@utcnow()",
											"type": "Expression"
										},
										"type": "DateTime"
									},
									"File_Process_Status": {
										"value": "File Validation Failed",
										"type": "String"
									},
									"Source_File_Location": {
										"value": {
											"value": "@pipeline().parameters.PostExamRawDirectory",
											"type": "Expression"
										},
										"type": "String"
									},
									"Updated_Date": {
										"value": {
											"value": "@utcnow()",
											"type": "Expression"
										},
										"type": "DateTime"
									},
									"Updated_User": {
										"value": "CES",
										"type": "String"
									}
								}
							},
							"linkedServiceName": {
								"referenceName": "lscesdb",
								"type": "LinkedServiceReference"
							}
						}
					],
					"ifTrueActivities": [
						{
							"name": "GetFilenames",
							"type": "GetMetadata",
							"dependsOn": [],
							"policy": {
								"timeout": "7.00:00:00",
								"retry": 0,
								"retryIntervalInSeconds": 30,
								"secureOutput": false,
								"secureInput": false
							},
							"userProperties": [],
							"typeProperties": {
								"dataset": {
									"referenceName": "ds_adlsgen2_get_postexamfiles",
									"type": "DatasetReference",
									"parameters": {
										"Directory": {
											"value": "@pipeline().parameters.PostExamRawDirectory",
											"type": "Expression"
										},
										"Container": "ces-adls"
									}
								},
								"fieldList": [
									"childItems"
								],
								"storeSettings": {
									"type": "AzureBlobFSReadSettings",
									"recursive": true,
									"enablePartitionDiscovery": false
								},
								"formatSettings": {
									"type": "BinaryReadSettings"
								}
							}
						},
						{
							"name": "FilterXML",
							"type": "Filter",
							"dependsOn": [
								{
									"activity": "GetFilenames",
									"dependencyConditions": [
										"Succeeded"
									]
								}
							],
							"userProperties": [],
							"typeProperties": {
								"items": {
									"value": "@activity('GetFilenames').output.childitems",
									"type": "Expression"
								},
								"condition": {
									"value": "@equals(split(item().name,'.')[1],'xml')",
									"type": "Expression"
								}
							}
						},
						{
							"name": "Execute_ppl_RawXML_validation",
							"type": "ExecutePipeline",
							"dependsOn": [
								{
									"activity": "FilterXML",
									"dependencyConditions": [
										"Succeeded"
									]
								}
							],
							"userProperties": [],
							"typeProperties": {
								"pipeline": {
									"referenceName": "ppl_ces_PostExamfilesRaw_XSDcheck",
									"type": "PipelineReference"
								},
								"waitOnCompletion": true,
								"parameters": {
									"PostExamRawDirectory": {
										"value": "@pipeline().parameters.PostExamRawDirectory",
										"type": "Expression"
									},
									"PostExamDirectory": {
										"value": "@pipeline().parameters.PostExamDirectory",
										"type": "Expression"
									},
									"xml_filename": {
										"value": "@concat(pipeline().parameters.FileName,'.xml')",
										"type": "Expression"
									},
									"Filename": {
										"value": "@pipeline().parameters.FileName",
										"type": "Expression"
									}
								}
							}
						},
						{
							"name": "Execute_ppl_PDFFile_check",
							"type": "ExecutePipeline",
							"dependsOn": [
								{
									"activity": "dataflow_ces_XML_Raw",
									"dependencyConditions": [
										"Succeeded"
									]
								}
							],
							"userProperties": [],
							"typeProperties": {
								"pipeline": {
									"referenceName": "ppl_ces_PostExamfiles_PDF_check",
									"type": "PipelineReference"
								},
								"waitOnCompletion": true,
								"parameters": {
									"PostExamRawDirectory": {
										"value": "@pipeline().parameters.PostExamRawDirectory",
										"type": "Expression"
									},
									"PostExamParquetDirectory": {
										"value": "@pipeline().parameters.PostExamDirectory",
										"type": "Expression"
									},
									"Filename": {
										"value": "@pipeline().parameters.FileName",
										"type": "Expression"
									},
									"CuratedFilesDirectory": {
										"value": "@pipeline().parameters.CutaredFilesDirectory",
										"type": "Expression"
									},
									"ErrorFileName": {
										"value": "@pipeline().parameters.Errorfilename",
										"type": "Expression"
									},
									"ErrorFileLog": {
										"value": "@pipeline().parameters.Errorlog",
										"type": "Expression"
									},
									"ErrorDirectory": {
										"value": "@pipeline().parameters.ErrorfileDirectory",
										"type": "Expression"
									}
								}
							}
						},
						{
							"name": "dataflow_ces_XML_Raw",
							"type": "ExecuteDataFlow",
							"dependsOn": [
								{
									"activity": "Execute_ppl_RawXML_validation",
									"dependencyConditions": [
										"Succeeded"
									]
								}
							],
							"policy": {
								"timeout": "7.00:00:00",
								"retry": 0,
								"retryIntervalInSeconds": 30,
								"secureOutput": false,
								"secureInput": false
							},
							"userProperties": [],
							"typeProperties": {
								"dataflow": {
									"referenceName": "dataflow_ces_XML_Raw",
									"type": "DataFlowReference",
									"parameters": {
										"Filename": {
											"value": "'@{pipeline().parameters.FileName}'",
											"type": "Expression"
										}
									},
									"datasetParameters": {
										"XMLsource": {
											"XMLrawDirectory": {
												"value": "@pipeline().parameters.PostExamRawDirectory",
												"type": "Expression"
											},
											"XMLfilename": {
												"value": "@concat(pipeline().parameters.FileName,'.xml')",
												"type": "Expression"
											}
										},
										"sinkPNE": {
											"Directory": {
												"value": "@pipeline().parameters.PostExamDirectory",
												"type": "Expression"
											},
											"FileSystem": {
												"value": "@pipeline().globalParameters.gp_DataLake_Container",
												"type": "Expression"
											}
										},
										"sinkDefect": {
											"Directory": {
												"value": "@pipeline().parameters.PostExamDirectory",
												"type": "Expression"
											},
											"FileSystem": {
												"value": "@pipeline().globalParameters.gp_DataLake_Container",
												"type": "Expression"
											}
										},
										"sinkAccess": {
											"Directory": {
												"value": "@pipeline().parameters.PostExamDirectory",
												"type": "Expression"
											},
											"FileSystem": {
												"value": "@pipeline().globalParameters.gp_DataLake_Container",
												"type": "Expression"
											}
										},
										"sinkImage": {
											"Directory": {
												"value": "@pipeline().parameters.PostExamDirectory",
												"type": "Expression"
											},
											"FileSystem": {
												"value": "@pipeline().globalParameters.gp_DataLake_Container",
												"type": "Expression"
											}
										},
										"sinkRecommendation": {
											"Directory": {
												"value": "@pipeline().parameters.PostExamDirectory",
												"type": "Expression"
											},
											"FileSystem": {
												"value": "@pipeline().globalParameters.gp_DataLake_Container",
												"type": "Expression"
											}
										},
										"sinkAsset": {
											"Directory": {
												"value": "@pipeline().parameters.PostExamDirectory",
												"type": "Expression"
											},
											"FileSystem": {
												"value": "@pipeline().globalParameters.gp_DataLake_Container",
												"type": "Expression"
											}
										},
										"sinkExam": {
											"Directory": {
												"value": "@pipeline().parameters.PostExamDirectory",
												"type": "Expression"
											},
											"FileSystem": {
												"value": "@pipeline().globalParameters.gp_DataLake_Container",
												"type": "Expression"
											}
										}
									}
								},
								"integrationRuntime": {
									"referenceName": "ir-uks-Azure-ii-civl0001",
									"type": "IntegrationRuntimeReference"
								},
								"traceLevel": "Coarse"
							}
						}
					]
				}
			},
			{
				"name": "Set array variable",
				"type": "SetVariable",
				"dependsOn": [
					{
						"activity": "ForEachvalidfile",
						"dependencyConditions": [
							"Succeeded"
						]
					}
				],
				"userProperties": [],
				"typeProperties": {
					"variableName": "Array",
					"value": {
						"value": "@variables('File_status_array')",
						"type": "Expression"
					}
				}
			}
		],
		"parameters": {
			"PostExamRawDirectory": {
				"type": "string"
			},
			"PostExamDirectory": {
				"type": "string"
			},
			"FileName": {
				"type": "string"
			},
			"TrigerringFolderpath": {
				"type": "string"
			},
			"CutaredFilesDirectory": {
				"type": "string"
			},
			"ErrorfileDirectory": {
				"type": "string"
			},
			"Errorlog": {
				"type": "string"
			},
			"Errorfilename": {
				"type": "string"
			}
		},
		"variables": {
			"File_status": {
				"type": "Boolean",
				"defaultValue": true
			},
			"Getfile": {
				"type": "String"
			},
			"File_status_array": {
				"type": "Array"
			},
			"Array": {
				"type": "Array"
			}
		},
		"folder": {
			"name": "Post_Exam_Data"
		},
		"annotations": []
	}
}