{
	"name": "ppl_ces_Bridge_Asset_Master",
	"properties": {
		"activities": [
			{
				"name": "ExecuteArrivalRaw",
				"type": "ExecutePipeline",
				"dependsOn": [],
				"userProperties": [],
				"typeProperties": {
					"pipeline": {
						"referenceName": "ppl_ces_Bridge_Asset_Arrival_Raw",
						"type": "PipelineReference"
					},
					"waitOnCompletion": true,
					"parameters": {
						"FileName": {
							"value": "@pipeline().parameters.triggeringFileName",
							"type": "Expression"
						},
						"Directory": {
							"value": "@pipeline().parameters.triggeringFileDirectory",
							"type": "Expression"
						}
					}
				}
			},
			{
				"name": "ExecuteRawCuratedDest",
				"type": "ExecutePipeline",
				"dependsOn": [
					{
						"activity": "ExecuteArrivalRaw",
						"dependencyConditions": [
							"Succeeded"
						]
					}
				],
				"userProperties": [],
				"typeProperties": {
					"pipeline": {
						"referenceName": "ppl_ces_Bridge_Asset_Raw_Curated_Dest",
						"type": "PipelineReference"
					},
					"waitOnCompletion": true
				}
			},
			{
				"name": "ppl_ces_Asset_Bridge_Migration_Raw_Curated",
				"type": "ExecutePipeline",
				"dependsOn": [
					{
						"activity": "ExecuteArrivalRaw",
						"dependencyConditions": [
							"Succeeded"
						]
					}
				],
				"userProperties": [],
				"typeProperties": {
					"pipeline": {
						"referenceName": "ppl_ces_Asset_Bridge_Migration_Raw_Curated",
						"type": "PipelineReference"
					},
					"waitOnCompletion": true
				}
			},
			{
				"name": "ppl_ces_Asset_Bridge_Curated_Dest",
				"type": "ExecutePipeline",
				"dependsOn": [
					{
						"activity": "ppl_ces_Asset_Bridge_Migration_Raw_Curated",
						"dependencyConditions": [
							"Succeeded"
						]
					}
				],
				"userProperties": [],
				"typeProperties": {
					"pipeline": {
						"referenceName": "ppl_ces_Asset_Bridge_Curated_Dest",
						"type": "PipelineReference"
					},
					"waitOnCompletion": true
				}
			}
		],
		"parameters": {
			"triggeringFileName": {
				"type": "string",
				"defaultValue": "EXT_ASSET_DATA_TABLE.xlsx"
			},
			"triggeringFileDirectory": {
				"type": "string",
				"defaultValue": "ces-adls-common"
			}
		},
		"folder": {
			"name": "BRIDGE/Asset_Migration"
		},
		"annotations": []
	}
}