{
	"name": "ppl_ces_PostExamfiles_JPG_check",
	"properties": {
		"activities": [
			{
				"name": "Lkp_Postexam_parquet",
				"type": "Lookup",
				"dependsOn": [],
				"policy": {
					"timeout": "7.00:00:00",
					"retry": 0,
					"retryIntervalInSeconds": 30,
					"secureOutput": false,
					"secureInput": false
				},
				"userProperties": [],
				"typeProperties": {
					"source": {
						"type": "ParquetSource",
						"storeSettings": {
							"type": "AzureBlobFSReadSettings",
							"recursive": true,
							"enablePartitionDiscovery": false
						}
					},
					"dataset": {
						"referenceName": "ds_adlsgen2_XML_rawfile",
						"type": "DatasetReference",
						"parameters": {
							"RawDirectory": {
								"value": "@pipeline().parameters.PostExamParquetDirectory",
								"type": "Expression"
							},
							"RawFilename": {
								"value": "@concat(pipeline().parameters.Filename,'_Image.parquet')",
								"type": "Expression"
							}
						}
					},
					"firstRowOnly": false
				}
			},
			{
				"name": "ForEachcolumn",
				"type": "ForEach",
				"dependsOn": [
					{
						"activity": "Lkp_Postexam_parquet",
						"dependencyConditions": [
							"Succeeded"
						]
					}
				],
				"userProperties": [],
				"typeProperties": {
					"items": {
						"value": "@activity('Lkp_Postexam_parquet').output.value",
						"type": "Expression"
					},
					"activities": [
						{
							"name": "Append variable1",
							"type": "AppendVariable",
							"dependsOn": [
								{
									"activity": "Append variable2",
									"dependencyConditions": [
										"Succeeded"
									]
								}
							],
							"userProperties": [],
							"typeProperties": {
								"variableName": "imgFile_Names",
								"value": {
									"value": "@item().IMAGE_NAME",
									"type": "Expression"
								}
							}
						},
						{
							"name": "Set variable2",
							"type": "SetVariable",
							"dependsOn": [],
							"userProperties": [],
							"typeProperties": {
								"variableName": "LKP_imgfile_status",
								"value": {
									"value": "@bool(1)",
									"type": "Expression"
								}
							}
						},
						{
							"name": "Append variable2",
							"type": "AppendVariable",
							"dependsOn": [
								{
									"activity": "Set variable2",
									"dependencyConditions": [
										"Succeeded"
									]
								}
							],
							"userProperties": [],
							"typeProperties": {
								"variableName": "LKP_imgfile_count",
								"value": {
									"value": "@variables('LKP_imgfile_status')",
									"type": "Expression"
								}
							}
						}
					]
				}
			},
			{
				"name": "SetImgFile_array",
				"type": "SetVariable",
				"dependsOn": [
					{
						"activity": "LKP_ImgArrayNames",
						"dependencyConditions": [
							"Succeeded"
						]
					}
				],
				"userProperties": [],
				"typeProperties": {
					"variableName": "imgArraynames",
					"value": {
						"value": "@variables('imgFile_Names')",
						"type": "Expression"
					}
				}
			},
			{
				"name": "GetIMGfiles",
				"type": "GetMetadata",
				"dependsOn": [
					{
						"activity": "SetImgFile_array",
						"dependencyConditions": [
							"Succeeded"
						]
					}
				],
				"policy": {
					"timeout": "7.00:00:00",
					"retry": 0,
					"retryIntervalInSeconds": 30,
					"secureOutput": false,
					"secureInput": false
				},
				"userProperties": [],
				"typeProperties": {
					"dataset": {
						"referenceName": "ds_adlsgen2_get_postexamfiles",
						"type": "DatasetReference",
						"parameters": {
							"Directory": {
								"value": "@pipeline().parameters.PostExamRawDirectory",
								"type": "Expression"
							},
							"Container": "ces-adls"
						}
					},
					"fieldList": [
						"childItems"
					],
					"storeSettings": {
						"type": "AzureBlobFSReadSettings",
						"recursive": true,
						"enablePartitionDiscovery": false
					},
					"formatSettings": {
						"type": "BinaryReadSettings"
					}
				}
			},
			{
				"name": "ForEach2",
				"type": "ForEach",
				"dependsOn": [
					{
						"activity": "Filter1",
						"dependencyConditions": [
							"Succeeded"
						]
					}
				],
				"userProperties": [],
				"typeProperties": {
					"items": {
						"value": "@activity('Filter1').output.value",
						"type": "Expression"
					},
					"activities": [
						{
							"name": "If-filevalid",
							"type": "IfCondition",
							"dependsOn": [
								{
									"activity": "Set variable1",
									"dependencyConditions": [
										"Succeeded"
									]
								}
							],
							"userProperties": [],
							"typeProperties": {
								"expression": {
									"value": "@contains(variables('imgArraynames'),variables('Rawimg_name'))",
									"type": "Expression"
								},
								"ifFalseActivities": [
									{
										"name": "if-filesvalid2",
										"type": "SetVariable",
										"dependsOn": [],
										"userProperties": [],
										"typeProperties": {
											"variableName": "imgFile_status",
											"value": {
												"value": "@bool(0)",
												"type": "Expression"
											}
										}
									},
									{
										"name": "Append file_status2",
										"type": "AppendVariable",
										"dependsOn": [
											{
												"activity": "if-filesvalid2",
												"dependencyConditions": [
													"Succeeded"
												]
											}
										],
										"userProperties": [],
										"typeProperties": {
											"variableName": "imgFile_status_array",
											"value": {
												"value": "@variables('imgFile_status')",
												"type": "Expression"
											}
										}
									}
								],
								"ifTrueActivities": [
									{
										"name": "if-filesvalid1",
										"type": "SetVariable",
										"dependsOn": [],
										"userProperties": [],
										"typeProperties": {
											"variableName": "imgFile_status",
											"value": {
												"value": "@bool(1)",
												"type": "Expression"
											}
										}
									},
									{
										"name": "Append file_status1",
										"type": "AppendVariable",
										"dependsOn": [
											{
												"activity": "if-filesvalid1",
												"dependencyConditions": [
													"Succeeded"
												]
											}
										],
										"userProperties": [],
										"typeProperties": {
											"variableName": "imgFile_status_array",
											"value": {
												"value": "@variables('imgFile_status')",
												"type": "Expression"
											}
										}
									}
								]
							}
						},
						{
							"name": "Set variable1",
							"type": "SetVariable",
							"dependsOn": [],
							"userProperties": [],
							"typeProperties": {
								"variableName": "Rawimg_name",
								"value": {
									"value": "@item().name",
									"type": "Expression"
								}
							}
						}
					]
				}
			},
			{
				"name": "Raw_Imgarraynames",
				"type": "SetVariable",
				"dependsOn": [
					{
						"activity": "ForEach2",
						"dependencyConditions": [
							"Succeeded"
						]
					}
				],
				"userProperties": [],
				"typeProperties": {
					"variableName": "imgRaw_Arraynames",
					"value": {
						"value": "@variables('imgFile_status_array')",
						"type": "Expression"
					}
				}
			},
			{
				"name": "Filter1",
				"type": "Filter",
				"dependsOn": [
					{
						"activity": "GetIMGfiles",
						"dependencyConditions": [
							"Succeeded"
						]
					}
				],
				"userProperties": [],
				"typeProperties": {
					"items": {
						"value": "@activity('GetIMGfiles').output.childitems",
						"type": "Expression"
					},
					"condition": {
						"value": "@contains('jpg png',split(item().name,'.')[1])",
						"type": "Expression"
					}
				}
			},
			{
				"name": "LKP_ImgArrayNames",
				"type": "SetVariable",
				"dependsOn": [
					{
						"activity": "ForEachcolumn",
						"dependencyConditions": [
							"Succeeded"
						]
					}
				],
				"userProperties": [],
				"typeProperties": {
					"variableName": "LKP_imgArraynames",
					"value": {
						"value": "@variables('LKP_imgfile_count')",
						"type": "Expression"
					}
				}
			},
			{
				"name": "If Condition1",
				"type": "IfCondition",
				"dependsOn": [
					{
						"activity": "Raw_Imgarraynames",
						"dependencyConditions": [
							"Succeeded"
						]
					}
				],
				"userProperties": [],
				"typeProperties": {
					"expression": {
						"value": "@equals(length(variables('imgRaw_Arraynames')),length(variables('LKP_imgArraynames')))",
						"type": "Expression"
					},
					"ifFalseActivities": [
						{
							"name": "Execute JPG_PNG Failure",
							"type": "ExecutePipeline",
							"dependsOn": [],
							"userProperties": [],
							"typeProperties": {
								"pipeline": {
									"referenceName": "ppl_ces_PostExamfiles_JPG_PNG_fail",
									"type": "PipelineReference"
								},
								"waitOnCompletion": true,
								"parameters": {
									"Filename": {
										"value": "@pipeline().parameters.Filename",
										"type": "Expression"
									}
								}
							}
						}
					],
					"ifTrueActivities": [
						{
							"name": "Execute_ppl_Raw_curated",
							"type": "ExecutePipeline",
							"dependsOn": [
								{
									"activity": "Execute_JPG_success",
									"dependencyConditions": [
										"Succeeded"
									]
								}
							],
							"userProperties": [],
							"typeProperties": {
								"pipeline": {
									"referenceName": "ppl_ces_XML_Raw_curated",
									"type": "PipelineReference"
								},
								"waitOnCompletion": true,
								"parameters": {
									"PostExamFileName": {
										"value": "@pipeline().parameters.Filename",
										"type": "Expression"
									},
									"PostExamDirectory": {
										"value": "@pipeline().parameters.PostExamParquetDirectory",
										"type": "Expression"
									},
									"CuratedFilesDirectory": {
										"value": "@pipeline().parameters.CuratedFilesDirectory",
										"type": "Expression"
									},
									"CuratedFiles": {
										"value": "@pipeline().parameters.FileName",
										"type": "Expression"
									},
									"ErrorFilename": {
										"value": "@pipeline().parameters.ErrorFileName",
										"type": "Expression"
									},
									"ErrorFileLog": {
										"value": "@pipeline().parameters.ErrorFileLog",
										"type": "Expression"
									},
									"ErrorDirectory": {
										"value": "@pipeline().parameters.ErrorDirectory",
										"type": "Expression"
									},
									"PostExamRawDirectory": {
										"value": "@pipeline().parameters.PostExamRawDirectory",
										"type": "Expression"
									}
								}
							}
						},
						{
							"name": "Execute_JPG_success",
							"type": "ExecutePipeline",
							"dependsOn": [],
							"userProperties": [],
							"typeProperties": {
								"pipeline": {
									"referenceName": "ppl_ces_PostExamfiles_JPG_PNG_ZIP_Success",
									"type": "PipelineReference"
								},
								"waitOnCompletion": true,
								"parameters": {
									"Filename": {
										"value": "@pipeline().parameters.Filename",
										"type": "Expression"
									}
								}
							}
						}
					]
				}
			}
		],
		"parameters": {
			"PostExamRawDirectory": {
				"type": "string"
			},
			"PostExamParquetDirectory": {
				"type": "string"
			},
			"Filename": {
				"type": "string"
			},
			"CuratedFilesDirectory": {
				"type": "string"
			},
			"ErrorFileName": {
				"type": "string"
			},
			"ErrorFileLog": {
				"type": "string"
			},
			"ErrorDirectory": {
				"type": "string"
			}
		},
		"variables": {
			"imgFile_Names": {
				"type": "Array"
			},
			"imgArraynames": {
				"type": "Array"
			},
			"Rawimg_name": {
				"type": "String"
			},
			"imgFile_status": {
				"type": "Boolean"
			},
			"imgFile_status_array": {
				"type": "Array"
			},
			"imgRaw_Arraynames": {
				"type": "Array"
			},
			"LKP_imgArraynames": {
				"type": "Array"
			},
			"LKP_imgfile_status": {
				"type": "Boolean"
			},
			"LKP_imgfile_count": {
				"type": "Array"
			}
		},
		"folder": {
			"name": "Post_Exam_Data"
		},
		"annotations": []
	}
}