{
	"name": "ppl_ces_Asset_HCE_Master",
	"properties": {
		"activities": [
			{
				"name": "ExecuteArrivalRaw",
				"type": "ExecutePipeline",
				"dependsOn": [],
				"userProperties": [],
				"typeProperties": {
					"pipeline": {
						"referenceName": "ppl_ces_Asset_HCE_Arrival_Raw",
						"type": "PipelineReference"
					},
					"waitOnCompletion": true,
					"parameters": {
						"FileName": {
							"value": "@pipeline().parameters.triggeringFileName",
							"type": "Expression"
						},
						"Directory": "HCE",
						"FileSystem": "ces-func"
					}
				}
			},
			{
				"name": "ExecuteRawCuratedDest",
				"type": "ExecutePipeline",
				"dependsOn": [
					{
						"activity": "ExecuteArrivalRaw",
						"dependencyConditions": [
							"Succeeded"
						]
					}
				],
				"userProperties": [],
				"typeProperties": {
					"pipeline": {
						"referenceName": "ppl_ces_Asset_HCE_Raw_Curated_Dest",
						"type": "PipelineReference"
					},
					"waitOnCompletion": true,
					"parameters": {
						"SheetName": {
							"value": "@split(pipeline().parameters.triggeringFileName,'.')[0]",
							"type": "Expression"
						},
						"FileSystem": "ces-func",
						"Directory": "HCE",
						"FileName": {
							"value": "@pipeline().parameters.triggeringFileName",
							"type": "Expression"
						}
					}
				}
			}
		],
		"parameters": {
			"triggeringFileName": {
				"type": "string",
				"defaultValue": "Asset_HCE.xlsx"
			}
		},
		"folder": {
			"name": "CARRS/Synchronization/Asset_HCE"
		},
		"annotations": []
	}
}