{
	"name": "ppl_ces_XML_Raw_curated",
	"properties": {
		"activities": [
			{
				"name": "acty_dataflow_validation_postexamfiles",
				"type": "ExecuteDataFlow",
				"dependsOn": [],
				"policy": {
					"timeout": "7.00:00:00",
					"retry": 0,
					"retryIntervalInSeconds": 30,
					"secureOutput": false,
					"secureInput": false
				},
				"userProperties": [],
				"typeProperties": {
					"dataflow": {
						"referenceName": "dataflow_ces_PostExamFiles_Validation",
						"type": "DataFlowReference",
						"parameters": {
							"ErrorFilename": {
								"value": "'@{pipeline().parameters.ErrorFilename}'",
								"type": "Expression"
							},
							"ErrorFileLog": {
								"value": "'@{pipeline().parameters.ErrorFileLog}'",
								"type": "Expression"
							},
							"Filename": {
								"value": "'@{pipeline().parameters.CuratedFiles}'",
								"type": "Expression"
							}
						},
						"datasetParameters": {
							"XMLDefect": {
								"RawDirectory": {
									"value": "@pipeline().parameters.PostExamDirectory",
									"type": "Expression"
								},
								"RawFilename": {
									"value": "@concat(pipeline().parameters.PostExamFileName,'_Defect.parquet')",
									"type": "Expression"
								}
							},
							"XMLAsset": {
								"RawDirectory": {
									"value": "@pipeline().parameters.PostExamDirectory",
									"type": "Expression"
								},
								"RawFilename": {
									"value": "@concat(pipeline().parameters.PostExamFileName,'_Asset.parquet')",
									"type": "Expression"
								}
							},
							"XMLExam": {
								"RawDirectory": {
									"value": "@pipeline().parameters.PostExamDirectory",
									"type": "Expression"
								},
								"RawFilename": {
									"value": "@concat(pipeline().parameters.PostExamFileName,'_Exam.parquet')",
									"type": "Expression"
								}
							},
							"DQSinkError": {
								"FileDirectory": {
									"value": "@pipeline().parameters.ErrorDirectory",
									"type": "Expression"
								},
								"FileSystem": {
									"value": "@pipeline().globalParameters.gp_DataLake_Container",
									"type": "Expression"
								}
							},
							"DQSinkErrorlog": {
								"FileDirectory": {
									"value": "@pipeline().parameters.ErrorDirectory",
									"type": "Expression"
								},
								"FileSystem": {
									"value": "@pipeline().globalParameters.gp_DataLake_Container",
									"type": "Expression"
								}
							},
							"DQSinkError1": {
								"FileDirectory": {
									"value": "@pipeline().parameters.ErrorDirectory",
									"type": "Expression"
								},
								"FileSystem": {
									"value": "@pipeline().globalParameters.gp_DataLake_Container",
									"type": "Expression"
								}
							},
							"sinkDefect": {
								"Directory": {
									"value": "@pipeline().parameters.PostExamDirectory",
									"type": "Expression"
								},
								"FileSystem": {
									"value": "@pipeline().globalParameters.gp_DataLake_Container",
									"type": "Expression"
								}
							},
							"sinkDefectError": {
								"Directory": {
									"value": "@pipeline().parameters.ErrorDirectory",
									"type": "Expression"
								},
								"FileSystem": {
									"value": "@pipeline().globalParameters.gp_DataLake_Container",
									"type": "Expression"
								}
							}
						}
					},
					"integrationRuntime": {
						"referenceName": "ir-uks-Azure-ii-civl0001",
						"type": "IntegrationRuntimeReference"
					},
					"traceLevel": "Coarse"
				}
			},
			{
				"name": "set_error_count",
				"type": "SetVariable",
				"dependsOn": [
					{
						"activity": "acty_dataflow_validation_postexamfiles",
						"dependencyConditions": [
							"Succeeded"
						]
					}
				],
				"userProperties": [],
				"typeProperties": {
					"variableName": "ErrorCount",
					"value": {
						"value": "@if(contains(activity('acty_dataflow_validation_postexamfiles').output.runStatus.metrics,'DQSinkError'),bool(activity('acty_dataflow_validation_postexamfiles').output.runStatus.metrics.DQSinkError.rowsWritten),bool(0))",
						"type": "Expression"
					}
				}
			},
			{
				"name": "If Condition1",
				"type": "IfCondition",
				"dependsOn": [
					{
						"activity": "set_error_count",
						"dependencyConditions": [
							"Succeeded"
						]
					},
					{
						"activity": "set_error_count1",
						"dependencyConditions": [
							"Succeeded"
						]
					}
				],
				"userProperties": [],
				"typeProperties": {
					"expression": {
						"value": "@equals(or(variables('ErrorCount'),variables('ErrorCount1')),bool(0))\n",
						"type": "Expression"
					},
					"ifFalseActivities": [
						{
							"name": "Execute XML validation Fail",
							"type": "ExecutePipeline",
							"dependsOn": [],
							"userProperties": [],
							"typeProperties": {
								"pipeline": {
									"referenceName": "ppl_ces_PostExamfiles_XML_fail",
									"type": "PipelineReference"
								},
								"waitOnCompletion": true,
								"parameters": {
									"Filename": {
										"value": "@pipeline().parameters.PostExamFileName",
										"type": "Expression"
									},
									"ErrorDirectory": {
										"value": "@pipeline().parameters.ErrorDirectory",
										"type": "Expression"
									}
								}
							}
						}
					],
					"ifTrueActivities": [
						{
							"name": "dataflow_ces_XML_Raw_Curated",
							"type": "ExecuteDataFlow",
							"dependsOn": [
								{
									"activity": "Exec_ppl_DefectID_generation",
									"dependencyConditions": [
										"Succeeded"
									]
								}
							],
							"policy": {
								"timeout": "7.00:00:00",
								"retry": 0,
								"retryIntervalInSeconds": 30,
								"secureOutput": false,
								"secureInput": false
							},
							"userProperties": [],
							"typeProperties": {
								"dataflow": {
									"referenceName": "dataflow_ces_XML_Raw_Curated",
									"type": "DataFlowReference",
									"parameters": {
										"Filename": {
											"value": "'@{pipeline().parameters.CuratedFiles}'",
											"type": "Expression"
										},
										"FileURL": {
											"value": "'@{activity('fetchCesDevURL').output.value}'",
											"type": "Expression"
										},
										"RawDateDirectory": {
											"value": "'@{pipeline().parameters.PostExamRawDirectory}'",
											"type": "Expression"
										}
									},
									"datasetParameters": {
										"XMLAsset": {
											"RawDirectory": {
												"value": "@pipeline().parameters.PostExamDirectory",
												"type": "Expression"
											},
											"RawFilename": {
												"value": "@concat(pipeline().parameters.PostExamFileName,'_Asset.parquet')",
												"type": "Expression"
											}
										},
										"XMLExam": {
											"RawDirectory": {
												"value": "@pipeline().parameters.PostExamDirectory",
												"type": "Expression"
											},
											"RawFilename": {
												"value": "@concat(pipeline().parameters.PostExamFileName,'_Exam.parquet')",
												"type": "Expression"
											}
										},
										"XMLDefectIns": {
											"RawDirectory": {
												"value": "@pipeline().parameters.CuratedFilesDirectory",
												"type": "Expression"
											},
											"RawFilename": {
												"value": "@concat(pipeline().parameters.PostExamFileName,'_Defect_INS.parquet')",
												"type": "Expression"
											}
										},
										"XMLImage": {
											"RawDirectory": {
												"value": "@pipeline().parameters.PostExamDirectory",
												"type": "Expression"
											},
											"RawFilename": {
												"value": "@concat(pipeline().parameters.PostExamFileName,'_Image.parquet')",
												"type": "Expression"
											}
										},
										"XMLPNE": {
											"RawDirectory": {
												"value": "@pipeline().parameters.PostExamDirectory",
												"type": "Expression"
											},
											"RawFilename": {
												"value": "@concat(pipeline().parameters.PostExamFileName,'_PNE.parquet')",
												"type": "Expression"
											}
										},
										"XMLRecommendation": {
											"RawDirectory": {
												"value": "@pipeline().parameters.PostExamDirectory",
												"type": "Expression"
											},
											"RawFilename": {
												"value": "@concat(pipeline().parameters.PostExamFileName,'_Recommendation.parquet')",
												"type": "Expression"
											}
										},
										"XMLAccess": {
											"RawDirectory": {
												"value": "@pipeline().parameters.PostExamDirectory",
												"type": "Expression"
											},
											"RawFilename": {
												"value": "@concat(pipeline().parameters.PostExamFileName,'_Access.parquet')",
												"type": "Expression"
											}
										},
										"XMLDefectUpd": {
											"RawDirectory": {
												"value": "@pipeline().parameters.PostExamDirectory",
												"type": "Expression"
											},
											"RawFilename": {
												"value": "@concat(pipeline().parameters.PostExamFileName,'_DefectTransformed.parquet')",
												"type": "Expression"
											}
										},
										"SinkAsset": {
											"Directory": {
												"value": "@pipeline().parameters.CuratedFilesDirectory",
												"type": "Expression"
											},
											"FileSystem": {
												"value": "@pipeline().globalParameters.gp_DataLake_Container",
												"type": "Expression"
											}
										},
										"SinkExam": {
											"Directory": {
												"value": "@pipeline().parameters.CuratedFilesDirectory",
												"type": "Expression"
											},
											"FileSystem": {
												"value": "@pipeline().globalParameters.gp_DataLake_Container",
												"type": "Expression"
											}
										},
										"SinkRecommendation": {
											"Directory": {
												"value": "@pipeline().parameters.CuratedFilesDirectory",
												"type": "Expression"
											},
											"FileSystem": {
												"value": "@pipeline().globalParameters.gp_DataLake_Container",
												"type": "Expression"
											}
										},
										"SinkAccessdata": {
											"Directory": {
												"value": "@pipeline().parameters.CuratedFilesDirectory",
												"type": "Expression"
											},
											"FileSystem": {
												"value": "@pipeline().globalParameters.gp_DataLake_Container",
												"type": "Expression"
											}
										},
										"SinkImage": {
											"Directory": {
												"value": "@pipeline().parameters.CuratedFilesDirectory",
												"type": "Expression"
											},
											"FileSystem": {
												"value": "@pipeline().globalParameters.gp_DataLake_Container",
												"type": "Expression"
											}
										},
										"sinkPNE": {
											"Directory": {
												"value": "@pipeline().parameters.CuratedFilesDirectory",
												"type": "Expression"
											},
											"FileSystem": {
												"value": "@pipeline().globalParameters.gp_DataLake_Container",
												"type": "Expression"
											}
										},
										"sinkCuratedDefect": {
											"Directory": {
												"value": "@pipeline().parameters.CuratedFilesDirectory",
												"type": "Expression"
											},
											"FileSystem": {
												"value": "@pipeline().globalParameters.gp_DataLake_Container",
												"type": "Expression"
											}
										}
									}
								},
								"integrationRuntime": {
									"referenceName": "ir-uks-Azure-ii-civl0001",
									"type": "IntegrationRuntimeReference"
								},
								"traceLevel": "Coarse"
							}
						},
						{
							"name": "Execute _ppl_postexamdata_outbound",
							"type": "ExecutePipeline",
							"dependsOn": [
								{
									"activity": "acty_StoredProc_ISLAST_Exam",
									"dependencyConditions": [
										"Succeeded"
									]
								}
							],
							"userProperties": [],
							"typeProperties": {
								"pipeline": {
									"referenceName": "ppl_ces_PostExamfiles_outbound",
									"type": "PipelineReference"
								},
								"waitOnCompletion": true,
								"parameters": {
									"PostExamRawDirectory": {
										"value": "@pipeline().parameters.PostExamRawDirectory",
										"type": "Expression"
									},
									"FileName": {
										"value": "@pipeline().parameters.CuratedFiles",
										"type": "Expression"
									}
								}
							}
						},
						{
							"name": "sp_File_Process_Log_Success",
							"type": "SqlServerStoredProcedure",
							"dependsOn": [
								{
									"activity": "Exec_ppl_DefectID_generation",
									"dependencyConditions": [
										"Failed"
									]
								},
								{
									"activity": "dataflow_ces_XML_Raw_Curated",
									"dependencyConditions": [
										"Failed"
									]
								},
								{
									"activity": "acty_temp_copy_json",
									"dependencyConditions": [
										"Failed"
									]
								},
								{
									"activity": "acty_LookupJsondata",
									"dependencyConditions": [
										"Failed"
									]
								},
								{
									"activity": "acty_StoredProc_ISLAST_Exam",
									"dependencyConditions": [
										"Failed"
									]
								}
							],
							"policy": {
								"timeout": "7.00:00:00",
								"retry": 0,
								"retryIntervalInSeconds": 30,
								"secureOutput": false,
								"secureInput": false
							},
							"userProperties": [],
							"typeProperties": {
								"storedProcedureName": "[CES].[sp_update_ADF_FILE_PROCESS_LOG]",
								"storedProcedureParameters": {
									"Error_Description": {
										"value": null,
										"type": "String"
									},
									"Error_File_Location": {
										"value": null,
										"type": "String"
									},
									"File_Name": {
										"value": {
											"value": "@concat(pipeline().parameters.CuratedFiles,'.xml')",
											"type": "Expression"
										},
										"type": "String"
									},
									"File_Process_Date": {
										"value": {
											"value": "@utcnow()",
											"type": "Expression"
										},
										"type": "DateTime"
									},
									"File_Process_Status": {
										"value": "Failed",
										"type": "String"
									},
									"Source_File_Location": {
										"value": {
											"value": "@pipeline().parameters.PostExamRawDirectory",
											"type": "Expression"
										},
										"type": "String"
									},
									"Updated_Date": {
										"value": {
											"value": "@utcnow()",
											"type": "Expression"
										},
										"type": "DateTime"
									},
									"Updated_User": {
										"value": "CES",
										"type": "String"
									}
								}
							},
							"linkedServiceName": {
								"referenceName": "lscesdb",
								"type": "LinkedServiceReference"
							}
						},
						{
							"name": "fetchCesDevURL",
							"type": "WebActivity",
							"dependsOn": [],
							"policy": {
								"timeout": "7.00:00:00",
								"retry": 0,
								"retryIntervalInSeconds": 30,
								"secureOutput": false,
								"secureInput": false
							},
							"userProperties": [],
							"typeProperties": {
								"url": {
									"value": "@pipeline().globalParameters.gp_datalake_base_url",
									"type": "Expression"
								},
								"method": "GET",
								"linkedServices": [
									{
										"referenceName": "lsAzureKeyVault",
										"type": "LinkedServiceReference"
									}
								],
								"authentication": {
									"type": "MSI",
									"resource": "https://vault.azure.net"
								}
							}
						},
						{
							"name": "Exec_ppl_DefectID_generation",
							"type": "ExecutePipeline",
							"dependsOn": [
								{
									"activity": "fetchCesDevURL",
									"dependencyConditions": [
										"Succeeded"
									]
								}
							],
							"userProperties": [],
							"typeProperties": {
								"pipeline": {
									"referenceName": "ppl_ces_PostExamfiles_DefectID_gen",
									"type": "PipelineReference"
								},
								"waitOnCompletion": true,
								"parameters": {
									"CuratedFiles": {
										"value": "@pipeline().parameters.CuratedFiles",
										"type": "Expression"
									},
									"Curateddirectory": {
										"value": "@pipeline().parameters.CuratedFilesDirectory",
										"type": "Expression"
									},
									"PostExamDirectory": {
										"value": "@pipeline().parameters.PostExamDirectory",
										"type": "Expression"
									}
								}
							}
						},
						{
							"name": "acty_LookupJsondata",
							"type": "Lookup",
							"dependsOn": [
								{
									"activity": "acty_temp_copy_json",
									"dependencyConditions": [
										"Succeeded"
									]
								}
							],
							"policy": {
								"timeout": "7.00:00:00",
								"retry": 0,
								"retryIntervalInSeconds": 30,
								"secureOutput": false,
								"secureInput": false
							},
							"userProperties": [],
							"typeProperties": {
								"source": {
									"type": "JsonSource",
									"storeSettings": {
										"type": "AzureBlobFSReadSettings",
										"recursive": true,
										"enablePartitionDiscovery": false
									},
									"formatSettings": {
										"type": "JsonReadSettings"
									}
								},
								"dataset": {
									"referenceName": "ds_adlsgen2_json",
									"type": "DatasetReference",
									"parameters": {
										"Directory": {
											"value": "@pipeline().parameters.CuratedFilesDirectory",
											"type": "Expression"
										},
										"FileName": {
											"value": "@concat(pipeline().parameters.CuratedFiles,'_Exam.json')",
											"type": "Expression"
										}
									}
								},
								"firstRowOnly": false
							}
						},
						{
							"name": "acty_StoredProc_ISLAST_Exam",
							"type": "SqlServerStoredProcedure",
							"dependsOn": [
								{
									"activity": "acty_LookupJsondata",
									"dependencyConditions": [
										"Succeeded"
									]
								}
							],
							"policy": {
								"timeout": "7.00:00:00",
								"retry": 0,
								"retryIntervalInSeconds": 30,
								"secureOutput": false,
								"secureInput": false
							},
							"userProperties": [],
							"typeProperties": {
								"storedProcedureName": "[CES].[sp_Update_EXAM_POSTEXAMDATA_ADF]",
								"storedProcedureParameters": {
									"Input_JSON": {
										"value": {
											"value": "@concat('',activity('acty_LookupJsondata').output.value,'')",
											"type": "Expression"
										},
										"type": "String"
									}
								}
							},
							"linkedServiceName": {
								"referenceName": "lscesdb",
								"type": "LinkedServiceReference"
							}
						},
						{
							"name": "acty_temp_copy_json",
							"type": "Copy",
							"dependsOn": [
								{
									"activity": "dataflow_ces_XML_Raw_Curated",
									"dependencyConditions": [
										"Succeeded"
									]
								}
							],
							"policy": {
								"timeout": "7.00:00:00",
								"retry": 0,
								"retryIntervalInSeconds": 30,
								"secureOutput": false,
								"secureInput": false
							},
							"userProperties": [],
							"typeProperties": {
								"source": {
									"type": "ParquetSource",
									"storeSettings": {
										"type": "AzureBlobFSReadSettings",
										"recursive": true,
										"enablePartitionDiscovery": false
									}
								},
								"sink": {
									"type": "JsonSink",
									"storeSettings": {
										"type": "AzureBlobFSWriteSettings"
									},
									"formatSettings": {
										"type": "JsonWriteSettings",
										"filePattern": "arrayOfObjects"
									}
								},
								"enableStaging": false,
								"translator": {
									"type": "TabularTranslator",
									"mappings": [
										{
											"source": {
												"name": "EXAM_ID",
												"type": "Int32"
											},
											"sink": {
												"path": "$['EXAM_ID']"
											}
										},
										{
											"source": {
												"name": "ASSET_GUID",
												"type": "String"
											},
											"sink": {
												"path": "$['ASSET_GUID']"
											}
										},
										{
											"source": {
												"name": "EXAM_ACTUAL_DATE",
												"type": "DateTime"
											},
											"sink": {
												"path": "$['EXAM_ACTUAL_DATE']"
											}
										},
										{
											"source": {
												"name": "EXAM_TYPE_SR_KEY",
												"type": "Decimal"
											},
											"sink": {
												"path": "$['EXAM_TYPE_SR_KEY']"
											}
										},
										{
											"source": {
												"name": "SPAN_TEXT",
												"type": "String"
											},
											"sink": {
												"path": "$['SPAN_TEXT']"
											}
										},
										{
											"source": {
												"name": "EXAM_COMPLETED_IND",
												"type": "String"
											},
											"sink": {
												"path": "$['EXAM_COMPLETED_IND']"
											}
										},
										{
											"source": {
												"name": "OBSERVED_UNDER_LOAD",
												"type": "String"
											},
											"sink": {
												"path": "$['OBSERVED_UNDER_LOAD']"
											}
										},
										{
											"source": {
												"name": "AT_OR_BETWEEN_STATIONS",
												"type": "String"
											},
											"sink": {
												"path": "$['AT_OR_BETWEEN_STATIONS']"
											}
										},
										{
											"source": {
												"name": "CMI_DATE",
												"type": "DateTime"
											},
											"sink": {
												"path": "$['CMI_DATE']"
											}
										},
										{
											"source": {
												"name": "CMI_SCORE",
												"type": "Int16"
											},
											"sink": {
												"path": "$['CMI_SCORE']"
											}
										},
										{
											"source": {
												"name": "EXAMINER_COMMENT",
												"type": "String"
											},
											"sink": {
												"path": "$['EXAMINER_COMMENT']"
											}
										},
										{
											"source": {
												"name": "REVIEWER_COMMENT",
												"type": "String"
											},
											"sink": {
												"path": "$['REVIEWER_COMMENT']"
											}
										},
										{
											"source": {
												"name": "EXAMINER_NAME",
												"type": "String"
											},
											"sink": {
												"path": "$['EXAMINER_NAME']"
											}
										},
										{
											"source": {
												"name": "REVIEWER_NAME",
												"type": "String"
											},
											"sink": {
												"path": "$['REVIEWER_NAME']"
											}
										},
										{
											"source": {
												"name": "EXAM_SIGNOFF_DATE",
												"type": "DateTime"
											},
											"sink": {
												"path": "$['EXAM_SIGNOFF_DATE']"
											}
										},
										{
											"source": {
												"name": "EXAM_SUBMISSION_DATE",
												"type": "DateTime"
											},
											"sink": {
												"path": "$['EXAM_SUBMISSION_DATE']"
											}
										},
										{
											"source": {
												"name": "STRUC_DESCRIPTION",
												"type": "String"
											},
											"sink": {
												"path": "$['STRUC_DESCRIPTION']"
											}
										},
										{
											"source": {
												"name": "ERP_der",
												"type": "Decimal"
											},
											"sink": {
												"path": "$['ERP_der']"
											}
										},
										{
											"source": {
												"name": "ERS_der",
												"type": "Decimal"
											},
											"sink": {
												"path": "$['ERS_der']"
											}
										},
										{
											"source": {
												"name": "SUPPLIER_REPORT_FILENAME",
												"type": "String"
											},
											"sink": {
												"path": "$['SUPPLIER_REPORT_FILENAME']"
											}
										},
										{
											"source": {
												"name": "SUPPLIER_REPORT_REFERENCE",
												"type": "String"
											},
											"sink": {
												"path": "$['SUPPLIER_REPORT_REFERENCE']"
											}
										},
										{
											"source": {
												"name": "SUPPLIER_ZIP_FILENAME",
												"type": "String"
											},
											"sink": {
												"path": "$['SUPPLIER_ZIP_FILENAME']"
											}
										},
										{
											"source": {
												"name": "SUPPLIER_SR_KEY",
												"type": "Decimal"
											},
											"sink": {
												"path": "$['SUPPLIER_SR_KEY']"
											}
										},
										{
											"source": {
												"name": "UPDATED_USER",
												"type": "String"
											},
											"sink": {
												"path": "$['UPDATED_USER']"
											}
										},
										{
											"source": {
												"name": "UPDATED_DATE",
												"type": "DateTime"
											},
											"sink": {
												"path": "$['UPDATED_DATE']"
											}
										}
									]
								}
							},
							"inputs": [
								{
									"referenceName": "ds_adlsgen2_Common_parquet",
									"type": "DatasetReference",
									"parameters": {
										"FileSystem": {
											"value": "@pipeline().globalParameters.gp_DataLake_Container",
											"type": "Expression"
										},
										"Directory": {
											"value": "@pipeline().parameters.CuratedFilesDirectory",
											"type": "Expression"
										},
										"Filename": {
											"value": "@concat(pipeline().parameters.PostExamFileName,'_Exam.parquet')",
											"type": "Expression"
										}
									}
								}
							],
							"outputs": [
								{
									"referenceName": "ds_adlsgen2_json",
									"type": "DatasetReference",
									"parameters": {
										"Directory": {
											"value": "@pipeline().parameters.CuratedFilesDirectory",
											"type": "Expression"
										},
										"FileName": {
											"value": "@concat(pipeline().parameters.PostExamFileName,'_Exam.json')",
											"type": "Expression"
										}
									}
								}
							]
						}
					]
				}
			},
			{
				"name": "set_error_count1",
				"type": "SetVariable",
				"dependsOn": [
					{
						"activity": "acty_dataflow_validation_postexamfiles",
						"dependencyConditions": [
							"Succeeded"
						]
					}
				],
				"userProperties": [],
				"typeProperties": {
					"variableName": "ErrorCount1",
					"value": {
						"value": "@if(contains(activity('acty_dataflow_validation_postexamfiles').output.runStatus.metrics,'DQSinkError1'),bool(activity('acty_dataflow_validation_postexamfiles').output.runStatus.metrics.DQSinkError1.rowsWritten),bool(0))",
						"type": "Expression"
					}
				}
			}
		],
		"parameters": {
			"PostExamFileName": {
				"type": "string",
				"defaultValue": "CES_ExamDataUpload_Atkins Rail_20210315031234"
			},
			"PostExamDirectory": {
				"type": "string",
				"defaultValue": "ces-adls-data/INC/Raw/PostExamData/Atkins Rail/YEAR-2021/MONTH-03/DAY-15/HOUR-03/MINUTE-12/SECOND-34"
			},
			"CuratedFilesDirectory": {
				"type": "string",
				"defaultValue": "ces-adls-data/INC/Curated/PostExamData/Atkins Rail/YEAR-2021/MONTH-03/DAY-15/HOUR-03/MINUTE-12/SECOND-34"
			},
			"CuratedFiles": {
				"type": "string",
				"defaultValue": "CES_ExamDataUpload_Atkins Rail_20210315031234"
			},
			"ErrorFilename": {
				"type": "string",
				"defaultValue": "CES_ExamDataUpload_Atkins Rail_20210315031234"
			},
			"ErrorFileLog": {
				"type": "string",
				"defaultValue": "CES_ExamDataUpload_Atkins Rail_20210315031234"
			},
			"ErrorDirectory": {
				"type": "string",
				"defaultValue": "ces-adls-error/INC/PostExamData/Atkins Rail/YEAR-2021/MONTH-03/DAY-15/HOUR-03/MINUTE-12/SECOND-34"
			},
			"PostExamRawDirectory": {
				"type": "string",
				"defaultValue": "ces-adls-data/INC/Raw/PostExamDataRaw/Atkins Rail/YEAR-2021/MONTH-03/DAY-15/HOUR-03/MINUTE-12/SECOND-34"
			}
		},
		"variables": {
			"ErrorCount": {
				"type": "Boolean"
			},
			"ErrorCount1": {
				"type": "Boolean"
			}
		},
		"folder": {
			"name": "Post_Exam_Data"
		},
		"annotations": []
	}
}