{
	"name": "ppl_archive_yearmonth",
	"properties": {
		"activities": [
			{
				"name": "Get Metadata Full",
				"type": "GetMetadata",
				"dependsOn": [
					{
						"activity": "Set Year",
						"dependencyConditions": [
							"Succeeded"
						]
					},
					{
						"activity": "Set Month",
						"dependencyConditions": [
							"Succeeded"
						]
					}
				],
				"policy": {
					"timeout": "7.00:00:00",
					"retry": 0,
					"retryIntervalInSeconds": 30,
					"secureOutput": false,
					"secureInput": false
				},
				"userProperties": [],
				"typeProperties": {
					"dataset": {
						"referenceName": "ds_adlsgen2_archive_Foldername",
						"type": "DatasetReference",
						"parameters": {
							"Path": {
								"value": "@concat('ces-adls/ces-adls-data/Full/Raw/')",
								"type": "Expression"
							}
						}
					},
					"fieldList": [
						"childItems"
					],
					"storeSettings": {
						"type": "AzureBlobFSReadSettings",
						"recursive": true,
						"enablePartitionDiscovery": false
					},
					"formatSettings": {
						"type": "BinaryReadSettings"
					}
				}
			},
			{
				"name": "ForEach Full",
				"type": "ForEach",
				"dependsOn": [
					{
						"activity": "Get Metadata Full",
						"dependencyConditions": [
							"Succeeded"
						]
					}
				],
				"userProperties": [],
				"typeProperties": {
					"items": {
						"value": "@activity('Get Metadata Full').output.childItems",
						"type": "Expression"
					},
					"isSequential": false,
					"activities": [
						{
							"name": "Get Metadata File exists Full",
							"type": "GetMetadata",
							"dependsOn": [],
							"policy": {
								"timeout": "7.00:00:00",
								"retry": 0,
								"retryIntervalInSeconds": 30,
								"secureOutput": false,
								"secureInput": false
							},
							"userProperties": [],
							"typeProperties": {
								"dataset": {
									"referenceName": "ds_adlsgen2_archive_Foldername",
									"type": "DatasetReference",
									"parameters": {
										"Path": {
											"value": "@concat('ces-adls/ces-adls-data/Full/Raw/',item().name,'/',variables('Year'),'/',variables('Month'))",
											"type": "Expression"
										}
									}
								},
								"fieldList": [
									"exists"
								],
								"storeSettings": {
									"type": "AzureBlobFSReadSettings",
									"recursive": true,
									"enablePartitionDiscovery": false
								},
								"formatSettings": {
									"type": "BinaryReadSettings"
								}
							}
						},
						{
							"name": "If Condition Full",
							"type": "IfCondition",
							"dependsOn": [
								{
									"activity": "Get Metadata File exists Full",
									"dependencyConditions": [
										"Succeeded"
									]
								}
							],
							"userProperties": [],
							"typeProperties": {
								"expression": {
									"value": "@activity('Get Metadata File exists Full').output.exists",
									"type": "Expression"
								},
								"ifTrueActivities": [
									{
										"name": "acty_copy_backup_Full",
										"type": "Copy",
										"dependsOn": [],
										"policy": {
											"timeout": "7.00:00:00",
											"retry": 0,
											"retryIntervalInSeconds": 30,
											"secureOutput": false,
											"secureInput": false
										},
										"userProperties": [],
										"typeProperties": {
											"source": {
												"type": "BinarySource",
												"storeSettings": {
													"type": "AzureBlobFSReadSettings",
													"recursive": true,
													"wildcardFolderPath": {
														"value": "@concat('ces-adls/ces-adls-data/Full/Raw/',item().name,'/',variables('Year'),'/',variables('Month'))",
														"type": "Expression"
													},
													"wildcardFileName": "*",
													"deleteFilesAfterCompletion": true
												},
												"formatSettings": {
													"type": "BinaryReadSettings"
												}
											},
											"sink": {
												"type": "BinarySink",
												"storeSettings": {
													"type": "AzureBlobFSWriteSettings"
												}
											},
											"enableStaging": false
										},
										"inputs": [
											{
												"referenceName": "de_adlsgen2_archive_source_yearmonth",
												"type": "DatasetReference"
											}
										],
										"outputs": [
											{
												"referenceName": "ds_adlsgen2_archive_sink_yearmonth",
												"type": "DatasetReference",
												"parameters": {
													"FileSystem": {
														"value": "ces-adls-bkp",
														"type": "Expression"
													},
													"FileDirectory": {
														"value": "@concat('Full/Raw/',item().name,'/',variables('Year'),'/',variables('Month'))",
														"type": "Expression"
													}
												}
											}
										]
									},
									{
										"name": "Delete Full",
										"type": "Delete",
										"dependsOn": [
											{
												"activity": "acty_copy_backup_Full",
												"dependencyConditions": [
													"Succeeded"
												]
											}
										],
										"policy": {
											"timeout": "7.00:00:00",
											"retry": 0,
											"retryIntervalInSeconds": 30,
											"secureOutput": false,
											"secureInput": false
										},
										"userProperties": [],
										"typeProperties": {
											"dataset": {
												"referenceName": "ds_adlsgen2_archive_sink_yearmonth",
												"type": "DatasetReference",
												"parameters": {
													"FileSystem": {
														"value": "ces-adls",
														"type": "Expression"
													},
													"FileDirectory": {
														"value": "@if(equals(variables('Month'),'MONTH-12'),\nconcat('ces-adls-data/Full/Raw/',item().name,'/',variables('Year')),\nconcat('ces-adls-data/Full/Raw/',item().name,'/',variables('Year'),'/',variables('Month')))",
														"type": "Expression"
													}
												}
											},
											"enableLogging": false,
											"storeSettings": {
												"type": "AzureBlobFSReadSettings",
												"recursive": true,
												"enablePartitionDiscovery": false
											}
										}
									}
								]
							}
						}
					]
				}
			},
			{
				"name": "Set Year",
				"type": "SetVariable",
				"dependsOn": [],
				"userProperties": [],
				"typeProperties": {
					"variableName": "Year",
					"value": {
						"value": "@concat('YEAR-',formatDateTime(addtotime(utcnow(),-20,'Year'),'yyyy'))",
						"type": "Expression"
					}
				}
			},
			{
				"name": "Set Month",
				"type": "SetVariable",
				"dependsOn": [],
				"userProperties": [],
				"typeProperties": {
					"variableName": "Month",
					"value": {
						"value": "@concat('MONTH-',formatDateTime(addtotime(utcnow(),-1,'Month'),'MM'))",
						"type": "Expression"
					}
				}
			},
			{
				"name": "Get Metadata INC",
				"type": "GetMetadata",
				"dependsOn": [
					{
						"activity": "Set Year",
						"dependencyConditions": [
							"Succeeded"
						]
					},
					{
						"activity": "Set Month",
						"dependencyConditions": [
							"Succeeded"
						]
					}
				],
				"policy": {
					"timeout": "7.00:00:00",
					"retry": 0,
					"retryIntervalInSeconds": 30,
					"secureOutput": false,
					"secureInput": false
				},
				"userProperties": [],
				"typeProperties": {
					"dataset": {
						"referenceName": "ds_adlsgen2_archive_Foldername",
						"type": "DatasetReference",
						"parameters": {
							"Path": {
								"value": "@concat('ces-adls/ces-adls-data/INC/Raw/')",
								"type": "Expression"
							}
						}
					},
					"fieldList": [
						"childItems"
					],
					"storeSettings": {
						"type": "AzureBlobFSReadSettings",
						"recursive": true,
						"enablePartitionDiscovery": false
					},
					"formatSettings": {
						"type": "BinaryReadSettings"
					}
				}
			},
			{
				"name": "ForEach INC",
				"type": "ForEach",
				"dependsOn": [
					{
						"activity": "Get Metadata INC",
						"dependencyConditions": [
							"Succeeded"
						]
					}
				],
				"userProperties": [],
				"typeProperties": {
					"items": {
						"value": "@activity('Get Metadata INC').output.childItems",
						"type": "Expression"
					},
					"isSequential": false,
					"activities": [
						{
							"name": "Get Metadata File exists INC",
							"type": "GetMetadata",
							"dependsOn": [],
							"policy": {
								"timeout": "7.00:00:00",
								"retry": 0,
								"retryIntervalInSeconds": 30,
								"secureOutput": false,
								"secureInput": false
							},
							"userProperties": [],
							"typeProperties": {
								"dataset": {
									"referenceName": "ds_adlsgen2_archive_Foldername",
									"type": "DatasetReference",
									"parameters": {
										"Path": {
											"value": "@concat('ces-adls/ces-adls-data/INC/Raw/',item().name,'/',variables('Year'),'/',variables('Month'))",
											"type": "Expression"
										}
									}
								},
								"fieldList": [
									"exists"
								],
								"storeSettings": {
									"type": "AzureBlobFSReadSettings",
									"recursive": true,
									"enablePartitionDiscovery": false
								},
								"formatSettings": {
									"type": "BinaryReadSettings"
								}
							}
						},
						{
							"name": "If Condition INC",
							"type": "IfCondition",
							"dependsOn": [
								{
									"activity": "Get Metadata File exists INC",
									"dependencyConditions": [
										"Succeeded"
									]
								}
							],
							"userProperties": [],
							"typeProperties": {
								"expression": {
									"value": "@activity('Get Metadata File exists INC').output.exists",
									"type": "Expression"
								},
								"ifTrueActivities": [
									{
										"name": "acty_copy_backup_INC",
										"type": "Copy",
										"dependsOn": [],
										"policy": {
											"timeout": "7.00:00:00",
											"retry": 0,
											"retryIntervalInSeconds": 30,
											"secureOutput": false,
											"secureInput": false
										},
										"userProperties": [],
										"typeProperties": {
											"source": {
												"type": "BinarySource",
												"storeSettings": {
													"type": "AzureBlobFSReadSettings",
													"recursive": true,
													"wildcardFolderPath": {
														"value": "@concat('ces-adls/ces-adls-data/INC/Raw/',item().name,'/',variables('Year'),'/',variables('Month'))",
														"type": "Expression"
													},
													"wildcardFileName": "*",
													"deleteFilesAfterCompletion": true
												},
												"formatSettings": {
													"type": "BinaryReadSettings"
												}
											},
											"sink": {
												"type": "BinarySink",
												"storeSettings": {
													"type": "AzureBlobFSWriteSettings"
												}
											},
											"enableStaging": false
										},
										"inputs": [
											{
												"referenceName": "de_adlsgen2_archive_source_yearmonth",
												"type": "DatasetReference"
											}
										],
										"outputs": [
											{
												"referenceName": "ds_adlsgen2_archive_sink_yearmonth",
												"type": "DatasetReference",
												"parameters": {
													"FileSystem": {
														"value": "ces-adls-bkp",
														"type": "Expression"
													},
													"FileDirectory": {
														"value": "@concat('INC/Raw/',item().name,'/',variables('Year'),'/',variables('Month'))",
														"type": "Expression"
													}
												}
											}
										]
									},
									{
										"name": "Delete INC",
										"type": "Delete",
										"dependsOn": [
											{
												"activity": "acty_copy_backup_INC",
												"dependencyConditions": [
													"Succeeded"
												]
											}
										],
										"policy": {
											"timeout": "7.00:00:00",
											"retry": 0,
											"retryIntervalInSeconds": 30,
											"secureOutput": false,
											"secureInput": false
										},
										"userProperties": [],
										"typeProperties": {
											"dataset": {
												"referenceName": "ds_adlsgen2_archive_sink_yearmonth",
												"type": "DatasetReference",
												"parameters": {
													"FileSystem": {
														"value": "ces-adls",
														"type": "Expression"
													},
													"FileDirectory": {
														"value": "@if(equals(variables('Month'),'MONTH-12'),\nconcat('ces-adls-data/INC/Raw/',item().name,'/',variables('Year')),\nconcat('ces-adls-data/INC/Raw/',item().name,'/',variables('Year'),'/',variables('Month')))",
														"type": "Expression"
													}
												}
											},
											"enableLogging": false,
											"storeSettings": {
												"type": "AzureBlobFSReadSettings",
												"recursive": true,
												"enablePartitionDiscovery": false
											}
										}
									}
								]
							}
						}
					]
				}
			},
			{
				"name": "Set OutboundYear",
				"type": "SetVariable",
				"dependsOn": [],
				"userProperties": [],
				"typeProperties": {
					"variableName": "OutboundYear",
					"value": {
						"value": "@concat('YEAR-',formatDateTime(addtotime(utcnow(),-2,'Month'),'yyyy'))",
						"type": "Expression"
					}
				}
			},
			{
				"name": "Set OutboundMonth",
				"type": "SetVariable",
				"dependsOn": [],
				"userProperties": [],
				"typeProperties": {
					"variableName": "OutboundMonth",
					"value": {
						"value": "@concat('MONTH-',formatDateTime(addtotime(utcnow(),-2,'Month'),'MM'))",
						"type": "Expression"
					}
				}
			},
			{
				"name": "Get Metadata File exists Outbound",
				"type": "GetMetadata",
				"dependsOn": [
					{
						"activity": "Set OutboundYear",
						"dependencyConditions": [
							"Succeeded"
						]
					},
					{
						"activity": "Set OutboundMonth",
						"dependencyConditions": [
							"Succeeded"
						]
					}
				],
				"policy": {
					"timeout": "7.00:00:00",
					"retry": 0,
					"retryIntervalInSeconds": 30,
					"secureOutput": false,
					"secureInput": false
				},
				"userProperties": [],
				"typeProperties": {
					"dataset": {
						"referenceName": "ds_filecopyall_blob",
						"type": "DatasetReference",
						"parameters": {
							"SourceDirectory": {
								"value": "@concat('ces-func/CIVIL_EXAMS_TO_NR/carrs_reports/',variables('OutboundYear'),'/',variables('OutboundMonth'))",
								"type": "Expression"
							}
						}
					},
					"fieldList": [
						"exists"
					],
					"storeSettings": {
						"type": "AzureBlobStorageReadSettings",
						"enablePartitionDiscovery": false
					},
					"formatSettings": {
						"type": "BinaryReadSettings"
					}
				}
			},
			{
				"name": "If Condition Outbound",
				"type": "IfCondition",
				"dependsOn": [
					{
						"activity": "Get Metadata File exists Outbound",
						"dependencyConditions": [
							"Succeeded"
						]
					}
				],
				"userProperties": [],
				"typeProperties": {
					"expression": {
						"value": "@activity('Get Metadata File exists Outbound').output.exists",
						"type": "Expression"
					},
					"ifTrueActivities": [
						{
							"name": "acty_copy_backup_Outbound",
							"type": "Copy",
							"dependsOn": [],
							"policy": {
								"timeout": "7.00:00:00",
								"retry": 0,
								"retryIntervalInSeconds": 30,
								"secureOutput": false,
								"secureInput": false
							},
							"userProperties": [],
							"typeProperties": {
								"source": {
									"type": "BinarySource",
									"storeSettings": {
										"type": "AzureBlobStorageReadSettings",
										"recursive": true,
										"wildcardFolderPath": {
											"value": "@concat('CIVIL_EXAMS_TO_NR/carrs_reports/',variables('OutboundYear'),'/',variables('OutboundMonth'))",
											"type": "Expression"
										},
										"wildcardFileName": "*",
										"deleteFilesAfterCompletion": true
									},
									"formatSettings": {
										"type": "BinaryReadSettings"
									}
								},
								"sink": {
									"type": "BinarySink",
									"storeSettings": {
										"type": "AzureBlobStorageWriteSettings"
									}
								},
								"enableStaging": false
							},
							"inputs": [
								{
									"referenceName": "ds_filecopy_blob_source",
									"type": "DatasetReference"
								}
							],
							"outputs": [
								{
									"referenceName": "ds_adlsgen2_blob_archive",
									"type": "DatasetReference",
									"parameters": {
										"FileSystem": {
											"value": "ces-func",
											"type": "Expression"
										},
										"Directory": {
											"value": "@concat('Archive/CarrsOutbound/',variables('OutboundYear'),'/',variables('OutboundMonth'))",
											"type": "Expression"
										}
									}
								}
							]
						}
					]
				}
			}
		],
		"variables": {
			"name": {
				"type": "String"
			},
			"Year": {
				"type": "String"
			},
			"Month": {
				"type": "String"
			},
			"OutboundYear": {
				"type": "String"
			},
			"OutboundMonth": {
				"type": "String"
			}
		},
		"folder": {
			"name": "BackupandRetension"
		},
		"annotations": []
	}
}