{
	"name": "ppl_ces_ReferenceValue_Sync_Curated_Dest",
	"properties": {
		"activities": [
			{
				"name": "acty_Sp_Insert_ControlAudit",
				"type": "SqlServerStoredProcedure",
				"dependsOn": [
					{
						"activity": "acty_StoredProc_RefValue_Curated_Dest",
						"dependencyConditions": [
							"Succeeded"
						]
					}
				],
				"policy": {
					"timeout": "7.00:00:00",
					"retry": 0,
					"retryIntervalInSeconds": 30,
					"secureOutput": false,
					"secureInput": false
				},
				"userProperties": [],
				"typeProperties": {
					"storedProcedureName": "[ctl_ces_adl_control].[sp_Insert_ADF_ControlAuditData]",
					"storedProcedureParameters": {
						"ADFName": {
							"value": {
								"value": "@pipeline().DataFactory",
								"type": "Expression"
							},
							"type": "String"
						},
						"CreatedBy": {
							"value": "CES",
							"type": "String"
						},
						"EndTime": {
							"value": {
								"value": "@utcnow()",
								"type": "Expression"
							},
							"type": "DateTime"
						},
						"Message": {
							"value": {
								"value": "@concat('Raw to Curated layer. Data Transformation and DQ rules applied to the data')",
								"type": "Expression"
							},
							"type": "String"
						},
						"PipeLineName": {
							"value": {
								"value": "@pipeline().Pipeline",
								"type": "Expression"
							},
							"type": "String"
						},
						"PipeLineRunID": {
							"value": {
								"value": "@pipeline().RunId",
								"type": "Expression"
							},
							"type": "String"
						},
						"Rows_Transferred": {
							"value": null,
							"type": "Int64"
						},
						"Status": {
							"value": "Success",
							"type": "String"
						},
						"StartTime": {
							"value": {
								"value": "@pipeline().TriggerTime",
								"type": "Expression"
							},
							"type": "DateTime"
						},
						"TargetTable": {
							"value": "CES.REFERENCE_VALUE",
							"type": "String"
						},
						"TriggerType": {
							"value": {
								"value": "@pipeline().TriggerType",
								"type": "Expression"
							},
							"type": "String"
						},
						"ActivityName": {
							"value": "acty_StoredProc_RefValue_Curated_Dest",
							"type": "String"
						}
					}
				},
				"linkedServiceName": {
					"referenceName": "lscesdb",
					"type": "LinkedServiceReference"
				}
			},
			{
				"name": "acty_Sp_Insert_ControlAudit_Failed",
				"type": "SqlServerStoredProcedure",
				"dependsOn": [
					{
						"activity": "acty_StoredProc_RefValue_Curated_Dest",
						"dependencyConditions": [
							"Failed"
						]
					}
				],
				"policy": {
					"timeout": "7.00:00:00",
					"retry": 0,
					"retryIntervalInSeconds": 30,
					"secureOutput": false,
					"secureInput": false
				},
				"userProperties": [],
				"typeProperties": {
					"storedProcedureName": "[ctl_ces_adl_control].[sp_Insert_ADF_ControlAuditData]",
					"storedProcedureParameters": {
						"ADFName": {
							"value": {
								"value": "@pipeline().DataFactory",
								"type": "Expression"
							},
							"type": "String"
						},
						"CreatedBy": {
							"value": "CES",
							"type": "String"
						},
						"EndTime": {
							"value": {
								"value": "@utcnow()",
								"type": "Expression"
							},
							"type": "DateTime"
						},
						"Message": {
							"value": {
								"value": "@concat('Raw to Curated layer. Data Transformation and DQ rules applied to the data')",
								"type": "Expression"
							},
							"type": "String"
						},
						"PipeLineName": {
							"value": {
								"value": "@pipeline().Pipeline",
								"type": "Expression"
							},
							"type": "String"
						},
						"PipeLineRunID": {
							"value": {
								"value": "@pipeline().RunId",
								"type": "Expression"
							},
							"type": "String"
						},
						"Rows_Transferred": {
							"value": null,
							"type": "Int64"
						},
						"Status": {
							"value": "Failed",
							"type": "String"
						},
						"StartTime": {
							"value": {
								"value": "@pipeline().TriggerTime",
								"type": "Expression"
							},
							"type": "DateTime"
						},
						"TargetTable": {
							"value": "CES.REFERENCE_VALUE",
							"type": "String"
						},
						"TriggerType": {
							"value": {
								"value": "@pipeline().TriggerType",
								"type": "Expression"
							},
							"type": "String"
						},
						"ActivityName": {
							"value": "acty_StoredProc_RefValue_Curated_Dest",
							"type": "String"
						}
					}
				},
				"linkedServiceName": {
					"referenceName": "lscesdb",
					"type": "LinkedServiceReference"
				}
			},
			{
				"name": "acty_temp_copy_json",
				"type": "Copy",
				"dependsOn": [],
				"policy": {
					"timeout": "7.00:00:00",
					"retry": 0,
					"retryIntervalInSeconds": 30,
					"secureOutput": false,
					"secureInput": false
				},
				"userProperties": [],
				"typeProperties": {
					"source": {
						"type": "ParquetSource",
						"storeSettings": {
							"type": "AzureBlobFSReadSettings",
							"recursive": true,
							"enablePartitionDiscovery": false
						}
					},
					"sink": {
						"type": "JsonSink",
						"storeSettings": {
							"type": "AzureBlobFSWriteSettings"
						},
						"formatSettings": {
							"type": "JsonWriteSettings",
							"filePattern": "arrayOfObjects"
						}
					},
					"enableStaging": false,
					"translator": {
						"type": "TabularTranslator",
						"mappings": [
							{
								"source": {
									"name": "RV_VALUE",
									"type": "String"
								},
								"sink": {
									"path": "$['RV_VALUE']"
								}
							},
							{
								"source": {
									"name": "REF_TYP_SR_KEY",
									"type": "Decimal"
								},
								"sink": {
									"path": "$['REF_TYP_SR_KEY']"
								}
							},
							{
								"source": {
									"name": "DELETED_FLG",
									"type": "String"
								},
								"sink": {
									"path": "$['DELETED_FLG']"
								}
							}
						]
					}
				},
				"inputs": [
					{
						"referenceName": "ds_adlsgen2_Common_parquet",
						"type": "DatasetReference",
						"parameters": {
							"FileSystem": {
								"value": "@pipeline().globalParameters.gp_DataLake_Container",
								"type": "Expression"
							},
							"Directory": {
								"value": "@concat('ces-adls-data/INC/Curated/REFERENCE_VALUE_SYNC/YEAR-', formatDateTime(utcnow(),'yyyy'),'/MONTH-',formatDateTime(utcnow(),'MM'),'/DAY-',formatDateTime(utcnow(),'dd'),'/HOUR-',formatDateTime(utcnow(),'HH'))",
								"type": "Expression"
							},
							"Filename": {
								"value": "@concat('CES_REFERENCE_VALUE_SYNC_',formatDateTime(utcnow(),'yyyyMMdd'),'.parquet')",
								"type": "Expression"
							}
						}
					}
				],
				"outputs": [
					{
						"referenceName": "ds_adlsgen2_json",
						"type": "DatasetReference",
						"parameters": {
							"Directory": {
								"value": "@concat('ces-adls-data/INC/Curated/REFERENCE_VALUE_SYNC/YEAR-', formatDateTime(utcnow(),'yyyy'),'/MONTH-',formatDateTime(utcnow(),'MM'),'/DAY-',formatDateTime(utcnow(),'dd'),'/HOUR-',formatDateTime(utcnow(),'HH'))",
								"type": "Expression"
							},
							"FileName": {
								"value": "@concat('CES_REFERENCE_VALUE_SYNC_',formatDateTime(utcnow(),'yyyyMMdd'),'.json')",
								"type": "Expression"
							}
						}
					}
				]
			},
			{
				"name": "acty_LookupJsondata",
				"type": "Lookup",
				"dependsOn": [
					{
						"activity": "acty_temp_copy_json",
						"dependencyConditions": [
							"Succeeded"
						]
					}
				],
				"policy": {
					"timeout": "7.00:00:00",
					"retry": 0,
					"retryIntervalInSeconds": 30,
					"secureOutput": false,
					"secureInput": false
				},
				"userProperties": [],
				"typeProperties": {
					"source": {
						"type": "JsonSource",
						"storeSettings": {
							"type": "AzureBlobFSReadSettings",
							"recursive": true,
							"enablePartitionDiscovery": false
						},
						"formatSettings": {
							"type": "JsonReadSettings"
						}
					},
					"dataset": {
						"referenceName": "ds_adlsgen2_json",
						"type": "DatasetReference",
						"parameters": {
							"Directory": {
								"value": "@concat('ces-adls-data/INC/Curated/REFERENCE_VALUE_SYNC/YEAR-', formatDateTime(utcnow(),'yyyy'),'/MONTH-',formatDateTime(utcnow(),'MM'),'/DAY-',formatDateTime(utcnow(),'dd'),'/HOUR-',formatDateTime(utcnow(),'HH'))",
								"type": "Expression"
							},
							"FileName": {
								"value": "@concat('CES_REFERENCE_VALUE_SYNC_',formatDateTime(utcnow(),'yyyyMMdd'),'.json')",
								"type": "Expression"
							}
						}
					},
					"firstRowOnly": false
				}
			},
			{
				"name": "DeleteJson",
				"type": "Delete",
				"dependsOn": [
					{
						"activity": "acty_StoredProc_RefValue_Curated_Dest",
						"dependencyConditions": [
							"Succeeded"
						]
					}
				],
				"policy": {
					"timeout": "7.00:00:00",
					"retry": 0,
					"retryIntervalInSeconds": 30,
					"secureOutput": false,
					"secureInput": false
				},
				"userProperties": [],
				"typeProperties": {
					"dataset": {
						"referenceName": "ds_adlsgen2_json",
						"type": "DatasetReference",
						"parameters": {
							"Directory": {
								"value": "@concat('ces-adls-data/INC/Curated/REFERENCE_VALUE_SYNC/YEAR-', formatDateTime(utcnow(),'yyyy'),'/MONTH-',formatDateTime(utcnow(),'MM'),'/DAY-',formatDateTime(utcnow(),'dd'),'/HOUR-',formatDateTime(utcnow(),'HH'))",
								"type": "Expression"
							},
							"FileName": {
								"value": "@concat('CES_REFERENCE_VALUE_SYNC_',formatDateTime(utcnow(),'yyyyMMdd'),'.json')",
								"type": "Expression"
							}
						}
					},
					"enableLogging": false,
					"storeSettings": {
						"type": "AzureBlobFSReadSettings",
						"recursive": true,
						"enablePartitionDiscovery": false
					}
				}
			},
			{
				"name": "acty_StoredProc_RefValue_Curated_Dest",
				"type": "SqlServerStoredProcedure",
				"dependsOn": [
					{
						"activity": "acty_LookupJsondata",
						"dependencyConditions": [
							"Succeeded"
						]
					}
				],
				"policy": {
					"timeout": "7.00:00:00",
					"retry": 0,
					"retryIntervalInSeconds": 30,
					"secureOutput": false,
					"secureInput": false
				},
				"userProperties": [],
				"typeProperties": {
					"storedProcedureName": "[CES].[sp_Upsert_ReferenceValue_ADF]",
					"storedProcedureParameters": {
						"Input_JSON": {
							"value": {
								"value": "@concat('',activity('acty_LookupJsondata').output.value,'')",
								"type": "Expression"
							},
							"type": "String"
						}
					}
				},
				"linkedServiceName": {
					"referenceName": "lscesdb",
					"type": "LinkedServiceReference"
				}
			},
			{
				"name": "acty_update_IncrementalDate",
				"type": "SqlServerStoredProcedure",
				"dependsOn": [
					{
						"activity": "acty_StoredProc_RefValue_Curated_Dest",
						"dependencyConditions": [
							"Succeeded"
						]
					}
				],
				"policy": {
					"timeout": "7.00:00:00",
					"retry": 0,
					"retryIntervalInSeconds": 30,
					"secureOutput": false,
					"secureInput": false
				},
				"userProperties": [],
				"typeProperties": {
					"storedProcedureName": "[CTL_CES_ADL_CONTROL].[sp_update_ADF_DataConfig]",
					"storedProcedureParameters": {
						"ConfigFunctionOperation": {
							"value": "Sync",
							"type": "String"
						},
						"IncrementalDate": {
							"value": {
								"value": "@pipeline().parameters.SyncTimeStamp",
								"type": "Expression"
							},
							"type": "DateTime"
						},
						"SourceTableName": {
							"value": "REFERENCE_VALUE",
							"type": "String"
						}
					}
				},
				"linkedServiceName": {
					"referenceName": "lscesdb",
					"type": "LinkedServiceReference"
				}
			}
		],
		"parameters": {
			"SyncTimeStamp": {
				"type": "string"
			}
		},
		"folder": {
			"name": "CARRS/Synchronization/CuratedtoDestination"
		},
		"annotations": []
	}
}