{
	"name": "ppl_Outboud_Poc",
	"properties": {
		"activities": [
			{
				"name": "GetDatalakeZipFile",
				"type": "WebActivity",
				"dependsOn": [],
				"policy": {
					"timeout": "7.00:00:00",
					"retry": 0,
					"retryIntervalInSeconds": 30,
					"secureOutput": false,
					"secureInput": false
				},
				"userProperties": [],
				"typeProperties": {
					"url": {
						"value": "@pipeline().parameters.Filepath",
						"type": "Expression"
					},
					"method": "GET",
					"headers": {
						"x-ms-version": "2017-11-09",
						"x-ms-blob-type": "BlockBlob"
					},
					"authentication": {
						"type": "MSI",
						"resource": "https://storage.azure.com/"
					}
				}
			},
			{
				"name": "GetCarrs",
				"type": "WebActivity",
				"dependsOn": [],
				"policy": {
					"timeout": "7.00:00:00",
					"retry": 0,
					"retryIntervalInSeconds": 30,
					"secureOutput": false,
					"secureInput": false
				},
				"userProperties": [],
				"typeProperties": {
					"url": {
						"value": "http://carrs.corp.ppte.net/carrs/faces/uc2000_UploadExamSummaries.jsp?_flowId=upload-exam-summaries-flow",
						"type": "Expression"
					},
					"connectVia": {
						"referenceName": "CES-PPTE-DEV",
						"type": "IntegrationRuntimeReference"
					},
					"method": "GET",
					"authentication": {
						"type": "Basic",
						"username": "snazeer",
						"password": {
							"type": "AzureKeyVaultSecret",
							"store": {
								"referenceName": "lsAzureKeyVault",
								"type": "LinkedServiceReference"
							},
							"secretName": "webspherepptesn"
						}
					}
				}
			},
			{
				"name": "PostCarrs",
				"type": "WebActivity",
				"dependsOn": [
					{
						"activity": "GetDatalakeZipFile",
						"dependencyConditions": [
							"Succeeded"
						]
					}
				],
				"policy": {
					"timeout": "7.00:00:00",
					"retry": 0,
					"retryIntervalInSeconds": 30,
					"secureOutput": false,
					"secureInput": false
				},
				"userProperties": [],
				"typeProperties": {
					"url": {
						"value": "http://carrs.corp.ppte.net/carrs/faces/uc2000_UploadExamSummaries.jsp",
						"type": "Expression"
					},
					"connectVia": {
						"referenceName": "CES-PPTE-DEV",
						"type": "IntegrationRuntimeReference"
					},
					"method": "POST",
					"headers": {
						"UploadForm1": "UploadForm",
						"UploadForm2": {
							"value": "@activity('GetDatalakeZipFile').output.Response",
							"type": "Expression"
						},
						"UploadForm3": "Upload",
						"javax.faces.ViewState": {
							"value": "j_id1:j_id2",
							"type": "Expression"
						}
					},
					"body": "Test",
					"authentication": {
						"type": "Basic",
						"username": "snazeer",
						"password": {
							"type": "AzureKeyVaultSecret",
							"store": {
								"referenceName": "lsAzureKeyVault",
								"type": "LinkedServiceReference"
							},
							"secretName": {
								"value": "webspherepptesn",
								"type": "Expression"
							}
						}
					}
				}
			},
			{
				"name": "GetVariable",
				"type": "SetVariable",
				"dependsOn": [
					{
						"activity": "GetCarrs",
						"dependencyConditions": [
							"Skipped"
						]
					}
				],
				"userProperties": [],
				"typeProperties": {
					"variableName": "ResponseVariable",
					"value": {
						"value": "@split(split(activity('GetCarrs').output.Response,'id=\\\"javax.faces.ViewState\\\"')[1],'\"')[1]",
						"type": "Expression"
					}
				}
			},
			{
				"name": "ParseVarible",
				"type": "SetVariable",
				"dependsOn": [
					{
						"activity": "GetVariable",
						"dependencyConditions": [
							"Succeeded"
						]
					}
				],
				"userProperties": [],
				"typeProperties": {
					"variableName": "ParsedResponse",
					"value": {
						"value": "@substring(variables('ResponseVariable'),0,sub(length(variables('ResponseVariable')),1))",
						"type": "Expression"
					}
				}
			},
			{
				"name": "ParsePostOutput",
				"type": "SetVariable",
				"dependsOn": [
					{
						"activity": "PostCarrs",
						"dependencyConditions": [
							"Succeeded"
						]
					}
				],
				"userProperties": [],
				"typeProperties": {
					"variableName": "PostParsedResponse",
					"value": {
						"value": "@split(split(split(activity('PostCarrs').output.Response,'uploadFileStatus\"')[2],'value=\"')[1],'\"')[0]",
						"type": "Expression"
					}
				}
			}
		],
		"parameters": {
			"Filepath": {
				"type": "string",
				"defaultValue": "https://sacuksnprdiisqlces0003.blob.core.windows.net/ces-func/CIVIL_EXAMS_TO_NR/carrs_reports/ReadyToSend/YEAR-2021/MONTH-06/DAY-03/HOUR-01/MINUTE-01/SECOND-01/CES_ExamDataUpload_AtkinsRail_20210512051510.zip"
			}
		},
		"variables": {
			"ResponseVariable": {
				"type": "String",
				"defaultValue": "j_id1:j_id2"
			},
			"UserName": {
				"type": "String",
				"defaultValue": "Dummy"
			},
			"password": {
				"type": "String",
				"defaultValue": "Dummy"
			},
			"ParsedResponse": {
				"type": "String",
				"defaultValue": "j_id1:j_id2"
			},
			"PostParsedResponse": {
				"type": "String"
			}
		},
		"annotations": []
	}
}