{
	"name": "ppl_ces_Compliance_Sync",
	"properties": {
		"activities": [
			{
				"name": "SetDatedFolder",
				"type": "SetVariable",
				"dependsOn": [
					{
						"activity": "SetCurrentDateTime",
						"dependencyConditions": [
							"Succeeded"
						]
					}
				],
				"userProperties": [],
				"typeProperties": {
					"variableName": "DatedFolder",
					"value": {
						"value": "@concat('YEAR-',formatDateTime(variables('CurrentDateTime'),'yyyy'),'/MONTH-',formatDateTime(variables('CurrentDateTime'),'MM'),'/DAY-',formatDateTime(variables('CurrentDateTime'),'dd'),'/HOUR-',formatDateTime(variables('CurrentDateTime'),'HH'))",
						"type": "Expression"
					}
				}
			},
			{
				"name": "SetDestFileName",
				"type": "SetVariable",
				"dependsOn": [
					{
						"activity": "SetCurrentDateTime",
						"dependencyConditions": [
							"Succeeded"
						]
					}
				],
				"userProperties": [],
				"typeProperties": {
					"variableName": "RawFileName",
					"value": {
						"value": "@concat('CARRS_ElementExamTypeCompliance_',formatDateTime(variables('CurrentDateTime'),'yyyyMMdd'),'.parquet')",
						"type": "Expression"
					}
				}
			},
			{
				"name": "SetCurrentDateTime",
				"type": "SetVariable",
				"dependsOn": [],
				"userProperties": [],
				"typeProperties": {
					"variableName": "CurrentDateTime",
					"value": {
						"value": "@utcnow()",
						"type": "Expression"
					}
				}
			},
			{
				"name": "SetCuratedFileName",
				"type": "SetVariable",
				"dependsOn": [
					{
						"activity": "SetCurrentDateTime",
						"dependencyConditions": [
							"Succeeded"
						]
					}
				],
				"userProperties": [],
				"typeProperties": {
					"variableName": "CuratedFileName",
					"value": {
						"value": "@concat('CES_Sync_Compliance_',formatDateTime(variables('CurrentDateTime'),'yyyyMMdd'))",
						"type": "Expression"
					}
				}
			},
			{
				"name": "If Condition1",
				"type": "IfCondition",
				"dependsOn": [
					{
						"activity": "Get Metadata",
						"dependencyConditions": [
							"Succeeded"
						]
					}
				],
				"userProperties": [],
				"typeProperties": {
					"expression": {
						"value": "@activity('Get Metadata').output.exists",
						"type": "Expression"
					},
					"ifTrueActivities": [
						{
							"name": "acty_ces_Compliance_Sync_Raw_Curated",
							"type": "ExecutePipeline",
							"dependsOn": [],
							"userProperties": [],
							"typeProperties": {
								"pipeline": {
									"referenceName": "ppl_ces_Compliance_Sync_Raw_Curated",
									"type": "PipelineReference"
								},
								"waitOnCompletion": true,
								"parameters": {
									"DatedFolder": {
										"value": "@variables('DatedFolder')",
										"type": "Expression"
									},
									"RawStaticPath": {
										"value": "@variables('RawStaticPath')",
										"type": "Expression"
									},
									"CuratedStaticPath": {
										"value": "@variables('CuratedStaticPath')",
										"type": "Expression"
									},
									"RawFileName": {
										"value": "@variables('RawFileName')",
										"type": "Expression"
									},
									"CuratedFileName": {
										"value": "@variables('CuratedFileName')",
										"type": "Expression"
									},
									"CuratedErrorStaticPath": {
										"value": "@variables('CuratedErrorStaticPath')",
										"type": "Expression"
									}
								}
							}
						},
						{
							"name": "acty_ces_Compliance_Sync_Curated_Dest",
							"type": "ExecutePipeline",
							"dependsOn": [
								{
									"activity": "acty_ces_Compliance_Sync_Raw_Curated",
									"dependencyConditions": [
										"Succeeded"
									]
								}
							],
							"userProperties": [],
							"typeProperties": {
								"pipeline": {
									"referenceName": "ppl_ces_Compliance_Sync_Curated_Dest",
									"type": "PipelineReference"
								},
								"waitOnCompletion": true,
								"parameters": {
									"CuratedStaticPath": {
										"value": "@variables('CuratedStaticPath')",
										"type": "Expression"
									},
									"DatedFolder": {
										"value": "@variables('DatedFolder')",
										"type": "Expression"
									},
									"CuratedFileName": {
										"value": "@variables('CuratedFileName')",
										"type": "Expression"
									}
								}
							}
						},
						{
							"name": "acty_update_IncrementalDate",
							"type": "SqlServerStoredProcedure",
							"dependsOn": [
								{
									"activity": "acty_ces_Compliance_Sync_Curated_Dest",
									"dependencyConditions": [
										"Succeeded"
									]
								}
							],
							"policy": {
								"timeout": "7.00:00:00",
								"retry": 0,
								"retryIntervalInSeconds": 30,
								"secureOutput": false,
								"secureInput": false
							},
							"userProperties": [],
							"typeProperties": {
								"storedProcedureName": "[CTL_CES_ADL_CONTROL].[sp_update_ADF_DataConfig]",
								"storedProcedureParameters": {
									"ConfigFunctionOperation": {
										"value": "Sync",
										"type": "String"
									},
									"IncrementalDate": {
										"value": {
											"value": "@pipeline().parameters.SyncTimeStamp",
											"type": "Expression"
										},
										"type": "DateTime"
									},
									"SourceTableName": {
										"value": "ELEMENT_EXAM_TYPE_COMPLIANCE",
										"type": "String"
									}
								}
							},
							"linkedServiceName": {
								"referenceName": "lscesdb",
								"type": "LinkedServiceReference"
							}
						}
					]
				}
			},
			{
				"name": "Get Metadata",
				"type": "GetMetadata",
				"dependsOn": [
					{
						"activity": "SetDatedFolder",
						"dependencyConditions": [
							"Succeeded"
						]
					},
					{
						"activity": "SetDestFileName",
						"dependencyConditions": [
							"Succeeded"
						]
					},
					{
						"activity": "SetCuratedFileName",
						"dependencyConditions": [
							"Succeeded"
						]
					}
				],
				"policy": {
					"timeout": "7.00:00:00",
					"retry": 0,
					"retryIntervalInSeconds": 30,
					"secureOutput": false,
					"secureInput": false
				},
				"userProperties": [],
				"typeProperties": {
					"dataset": {
						"referenceName": "ds_adlsgen2_Common_parquet",
						"type": "DatasetReference",
						"parameters": {
							"FileSystem": {
								"value": "@pipeline().globalParameters.gp_DataLake_Container",
								"type": "Expression"
							},
							"Directory": {
								"value": "@concat(variables('RawStaticPath'),variables('DatedFolder'))",
								"type": "Expression"
							},
							"Filename": {
								"value": "@variables('RawFileName')",
								"type": "Expression"
							}
						}
					},
					"fieldList": [
						"exists"
					],
					"storeSettings": {
						"type": "AzureBlobFSReadSettings",
						"recursive": true,
						"enablePartitionDiscovery": false
					}
				}
			}
		],
		"parameters": {
			"SyncTimeStamp": {
				"type": "string"
			}
		},
		"variables": {
			"RawFileName": {
				"type": "String",
				"defaultValue": "CARRS_ElementExamTypeCompliance.parquet"
			},
			"CurrentDateTime": {
				"type": "String"
			},
			"RawStaticPath": {
				"type": "String",
				"defaultValue": "ces-adls-data/INC/Raw/ElementExamTypeCompliance/"
			},
			"CuratedStaticPath": {
				"type": "String",
				"defaultValue": "ces-adls-data/INC/Curated/Compliance/"
			},
			"DatedFolder": {
				"type": "String"
			},
			"CuratedFileName": {
				"type": "String"
			},
			"CuratedErrorStaticPath": {
				"type": "String",
				"defaultValue": "ces-adls-error/INC/Compliance/"
			}
		},
		"folder": {
			"name": "CARRS/Synchronization/Orchestration"
		},
		"annotations": []
	}
}