{
	"name": "ppl_ces_Sync_Stage_Copy",
	"properties": {
		"activities": [
			{
				"name": "acty_copy_Source_Staging",
				"type": "Copy",
				"dependsOn": [],
				"policy": {
					"timeout": "7.00:00:00",
					"retry": 2,
					"retryIntervalInSeconds": 15,
					"secureOutput": false,
					"secureInput": false
				},
				"userProperties": [
					{
						"name": "Source",
						"value": "@pipeline().parameters.SourceTableName"
					},
					{
						"name": "Destination",
						"value": "@{pipeline().parameters.FileSystem}/@{pipeline().parameters.Directory}/@{concat(pipeline().parameters.FileName)}"
					}
				],
				"typeProperties": {
					"source": {
						"type": "OracleSource",
						"oracleReaderQuery": {
							"value": "@if(empty(pipeline().parameters.SqlQuery), \nconcat('Select * from ',pipeline().parameters.SourceTableName,' WHERE ', pipeline().parameters.IncrementalColumnName,'>=''',pipeline().parameters.IncrementalDate,''' and ', pipeline().parameters.IncrementalColumnName,'<''',pipeline().parameters.SyncTimeStamp,''''),\nreplace(replace(pipeline().parameters.SqlQuery,'@param1',pipeline().parameters.IncrementalDate),'@param2',pipeline().parameters.SyncTimeStamp))",
							"type": "Expression"
						},
						"partitionOption": "None",
						"queryTimeout": "02:00:00"
					},
					"sink": {
						"type": "ParquetSink",
						"storeSettings": {
							"type": "AzureBlobFSWriteSettings"
						},
						"formatSettings": {
							"type": "ParquetWriteSettings"
						}
					},
					"enableStaging": false,
					"translator": {
						"type": "TabularTranslator",
						"typeConversion": true,
						"typeConversionSettings": {
							"allowDataTruncation": true,
							"treatBooleanAsNumber": false
						}
					}
				},
				"inputs": [
					{
						"referenceName": "ds_oracle_carrs_common_query",
						"type": "DatasetReference"
					}
				],
				"outputs": [
					{
						"referenceName": "ds_adlsgen2_Common_parquet",
						"type": "DatasetReference",
						"parameters": {
							"FileSystem": {
								"value": "@pipeline().parameters.FileSystem",
								"type": "Expression"
							},
							"Directory": {
								"value": "@pipeline().parameters.Directory",
								"type": "Expression"
							},
							"Filename": {
								"value": "@concat(pipeline().parameters.FileName)",
								"type": "Expression"
							}
						}
					}
				]
			},
			{
				"name": "acty_sp_Insert_FileMetadata",
				"type": "SqlServerStoredProcedure",
				"dependsOn": [
					{
						"activity": "acty_copy_Source_Staging",
						"dependencyConditions": [
							"Succeeded"
						]
					}
				],
				"policy": {
					"timeout": "7.00:00:00",
					"retry": 0,
					"retryIntervalInSeconds": 30,
					"secureOutput": false,
					"secureInput": false
				},
				"userProperties": [],
				"typeProperties": {
					"storedProcedureName": "[CTL_CES_ADL_CONTROL].[sp_Insert_ADF_FileMetadata]",
					"storedProcedureParameters": {
						"Creation_Date": {
							"value": {
								"value": "@utcnow()",
								"type": "Expression"
							},
							"type": "DateTime"
						},
						"Creator": {
							"value": {
								"value": "@pipeline().Pipeline",
								"type": "Expression"
							},
							"type": "String"
						},
						"Data_Classification": {
							"value": "CES",
							"type": "String"
						},
						"Data_Type": {
							"value": "Structured",
							"type": "String"
						},
						"Description": {
							"value": "Asset data",
							"type": "String"
						},
						"Encoding": {
							"value": "",
							"type": "String"
						},
						"File_Extension": {
							"value": ".parquet",
							"type": "String"
						},
						"FileName": {
							"value": {
								"value": "@pipeline().parameters.FileName",
								"type": "Expression"
							},
							"type": "String"
						},
						"Owner": {
							"value": "CES",
							"type": "String"
						},
						"Personal_Data": {
							"value": "N",
							"type": "String"
						},
						"PipeLineRunID": {
							"value": {
								"value": "@pipeline().RunId",
								"type": "Expression"
							},
							"type": "String"
						},
						"Rows_Error": {
							"value": "0",
							"type": "Int64"
						},
						"Rows_Read": {
							"value": {
								"value": "@activity('acty_copy_Source_Staging').output.rowsread",
								"type": "Expression"
							},
							"type": "Int64"
						},
						"Rows_Transferred": {
							"value": {
								"value": "@activity('acty_copy_Source_Staging').output.rowsCopied",
								"type": "Expression"
							},
							"type": "Int64"
						},
						"Security_Classification": {
							"value": "Internal",
							"type": "String"
						},
						"Storage_Layer": {
							"value": "Staging",
							"type": "String"
						}
					}
				},
				"linkedServiceName": {
					"referenceName": "lscesdb",
					"type": "LinkedServiceReference"
				}
			},
			{
				"name": "acty_Sp_Insert_ControlAudit",
				"type": "SqlServerStoredProcedure",
				"dependsOn": [
					{
						"activity": "acty_copy_Source_Staging",
						"dependencyConditions": [
							"Succeeded"
						]
					}
				],
				"policy": {
					"timeout": "7.00:00:00",
					"retry": 0,
					"retryIntervalInSeconds": 30,
					"secureOutput": false,
					"secureInput": false
				},
				"userProperties": [],
				"typeProperties": {
					"storedProcedureName": "[CTL_CES_ADL_CONTROL].sp_Insert_ADF_ControlAuditData",
					"storedProcedureParameters": {
						"ActivityName": {
							"value": "acty_lkp_get_dataConfigTable",
							"type": "String"
						},
						"ADFName": {
							"value": {
								"value": "@pipeline().DataFactory",
								"type": "Expression"
							},
							"type": "String"
						},
						"CreatedBy": {
							"value": "CES",
							"type": "String"
						},
						"EndTime": {
							"value": {
								"value": "@utcnow()",
								"type": "Expression"
							},
							"type": "DateTime"
						},
						"Message": {
							"value": {
								"value": "@concat('Extracting the data from source to Datalake Staging layer. Source Table Name: ', pipeline().parameters.SourceTableName)",
								"type": "Expression"
							},
							"type": "String"
						},
						"PipeLineName": {
							"value": {
								"value": "@pipeline().Pipeline",
								"type": "Expression"
							},
							"type": "String"
						},
						"PipeLineRunID": {
							"value": {
								"value": "@pipeline().RunId",
								"type": "Expression"
							},
							"type": "String"
						},
						"Rows_Transferred": {
							"value": {
								"value": "@activity('acty_copy_Source_Staging').output.rowsCopied",
								"type": "Expression"
							},
							"type": "Int64"
						},
						"StartTime": {
							"value": {
								"value": "@pipeline().TriggerTime",
								"type": "Expression"
							},
							"type": "DateTime"
						},
						"Status": {
							"value": "Success",
							"type": "String"
						},
						"TargetTable": {
							"value": null,
							"type": "String"
						},
						"TriggerType": {
							"value": {
								"value": "@pipeline().TriggerType",
								"type": "Expression"
							},
							"type": "String"
						}
					}
				},
				"linkedServiceName": {
					"referenceName": "lscesdb",
					"type": "LinkedServiceReference"
				}
			},
			{
				"name": "acty_Sp_Insert_ControlAudit_Failed",
				"type": "SqlServerStoredProcedure",
				"dependsOn": [
					{
						"activity": "acty_copy_Source_Staging",
						"dependencyConditions": [
							"Failed"
						]
					}
				],
				"policy": {
					"timeout": "7.00:00:00",
					"retry": 0,
					"retryIntervalInSeconds": 30,
					"secureOutput": false,
					"secureInput": false
				},
				"userProperties": [],
				"typeProperties": {
					"storedProcedureName": "[CTL_CES_ADL_CONTROL].sp_Insert_ADF_ControlAuditData",
					"storedProcedureParameters": {
						"ActivityName": {
							"value": "acty_lkp_get_dataConfigTable",
							"type": "String"
						},
						"ADFName": {
							"value": {
								"value": "@pipeline().DataFactory",
								"type": "Expression"
							},
							"type": "String"
						},
						"CreatedBy": {
							"value": "CES",
							"type": "String"
						},
						"EndTime": {
							"value": {
								"value": "@utcnow()",
								"type": "Expression"
							},
							"type": "DateTime"
						},
						"Message": {
							"value": {
								"value": "@concat('Extracting the data from source to Datalake Staging layer. Source Table Name: ', pipeline().parameters.SourceTableName)",
								"type": "Expression"
							},
							"type": "String"
						},
						"PipeLineName": {
							"value": {
								"value": "@pipeline().Pipeline",
								"type": "Expression"
							},
							"type": "String"
						},
						"PipeLineRunID": {
							"value": {
								"value": "@pipeline().RunId",
								"type": "Expression"
							},
							"type": "String"
						},
						"Rows_Transferred": {
							"value": {
								"value": "@activity('acty_copy_Source_Staging').output.rowsCopied",
								"type": "Expression"
							},
							"type": "Int64"
						},
						"StartTime": {
							"value": {
								"value": "@pipeline().TriggerTime",
								"type": "Expression"
							},
							"type": "DateTime"
						},
						"Status": {
							"value": "Failed",
							"type": "String"
						},
						"TargetTable": {
							"value": null,
							"type": "String"
						},
						"TriggerType": {
							"value": {
								"value": "@pipeline().TriggerType",
								"type": "Expression"
							},
							"type": "String"
						}
					}
				},
				"linkedServiceName": {
					"referenceName": "lscesdb",
					"type": "LinkedServiceReference"
				}
			}
		],
		"parameters": {
			"FileSystem": {
				"type": "string",
				"defaultValue": "ces-adls-stage"
			},
			"Directory": {
				"type": "string",
				"defaultValue": "INC/Carrs"
			},
			"FileName": {
				"type": "string"
			},
			"SourceTableName": {
				"type": "string"
			},
			"FlagColumnName": {
				"type": "string"
			},
			"FlagColumnValue": {
				"type": "string"
			},
			"IncrementalColumnName": {
				"type": "string"
			},
			"IncrementalDate": {
				"type": "string"
			},
			"SqlQuery": {
				"type": "string"
			},
			"SyncTimeStamp": {
				"type": "string"
			}
		},
		"folder": {
			"name": "CARRS/Synchronization/SourcetoStage"
		},
		"annotations": []
	}
}