{
	"name": "ppl_ces_PostExamfiles_outbound",
	"properties": {
		"activities": [
			{
				"name": "Get_xml",
				"type": "GetMetadata",
				"dependsOn": [
					{
						"activity": "Set variable1",
						"dependencyConditions": [
							"Succeeded"
						]
					}
				],
				"policy": {
					"timeout": "7.00:00:00",
					"retry": 0,
					"retryIntervalInSeconds": 30,
					"secureOutput": false,
					"secureInput": false
				},
				"userProperties": [],
				"typeProperties": {
					"dataset": {
						"referenceName": "ds_adlsgen2_get_postexamfiles",
						"type": "DatasetReference",
						"parameters": {
							"Directory": {
								"value": "@pipeline().parameters.PostExamRawDirectory",
								"type": "Expression"
							},
							"Container": {
								"value": "@pipeline().globalParameters.gp_DataLake_Container",
								"type": "Expression"
							}
						}
					},
					"fieldList": [
						"childItems"
					],
					"storeSettings": {
						"type": "AzureBlobFSReadSettings",
						"recursive": true,
						"enablePartitionDiscovery": false
					},
					"formatSettings": {
						"type": "BinaryReadSettings"
					}
				}
			},
			{
				"name": "FilterXML",
				"type": "Filter",
				"dependsOn": [
					{
						"activity": "Get_xml",
						"dependencyConditions": [
							"Succeeded"
						]
					}
				],
				"userProperties": [],
				"typeProperties": {
					"items": {
						"value": "@activity('Get_xml').output.childitems",
						"type": "Expression"
					},
					"condition": {
						"value": "@equals(split(item().name,'.')[1],'xml')",
						"type": "Expression"
					}
				}
			},
			{
				"name": "Get_pdf",
				"type": "GetMetadata",
				"dependsOn": [
					{
						"activity": "Set variable1",
						"dependencyConditions": [
							"Succeeded"
						]
					}
				],
				"policy": {
					"timeout": "7.00:00:00",
					"retry": 0,
					"retryIntervalInSeconds": 30,
					"secureOutput": false,
					"secureInput": false
				},
				"userProperties": [],
				"typeProperties": {
					"dataset": {
						"referenceName": "ds_adlsgen2_get_postexamfiles",
						"type": "DatasetReference",
						"parameters": {
							"Directory": {
								"value": "@pipeline().parameters.PostExamRawDirectory",
								"type": "Expression"
							},
							"Container": {
								"value": "@pipeline().globalParameters.gp_DataLake_Container",
								"type": "Expression"
							}
						}
					},
					"fieldList": [
						"childItems"
					],
					"storeSettings": {
						"type": "AzureBlobFSReadSettings",
						"recursive": true,
						"enablePartitionDiscovery": false
					},
					"formatSettings": {
						"type": "BinaryReadSettings"
					}
				}
			},
			{
				"name": "FilterPDF",
				"type": "Filter",
				"dependsOn": [
					{
						"activity": "Get_pdf",
						"dependencyConditions": [
							"Succeeded"
						]
					}
				],
				"userProperties": [],
				"typeProperties": {
					"items": {
						"value": "@activity('Get_pdf').output.childitems",
						"type": "Expression"
					},
					"condition": {
						"value": "@equals(split(item().name,'.')[1],'pdf')",
						"type": "Expression"
					}
				}
			},
			{
				"name": "Copyxml",
				"type": "Copy",
				"dependsOn": [
					{
						"activity": "FilterXML",
						"dependencyConditions": [
							"Succeeded"
						]
					}
				],
				"policy": {
					"timeout": "7.00:00:00",
					"retry": 0,
					"retryIntervalInSeconds": 30,
					"secureOutput": false,
					"secureInput": false
				},
				"userProperties": [],
				"typeProperties": {
					"source": {
						"type": "BinarySource",
						"storeSettings": {
							"type": "AzureBlobFSReadSettings",
							"recursive": true
						},
						"formatSettings": {
							"type": "BinaryReadSettings"
						}
					},
					"sink": {
						"type": "BinarySink",
						"storeSettings": {
							"type": "AzureBlobStorageWriteSettings"
						}
					},
					"enableStaging": false
				},
				"inputs": [
					{
						"referenceName": "ds_adlsgen2_postexamdata_raw",
						"type": "DatasetReference",
						"parameters": {
							"Directory": {
								"value": "@pipeline().parameters.PostExamRawDirectory",
								"type": "Expression"
							},
							"FileName": {
								"value": "@activity('FilterXML').output.value[0].name",
								"type": "Expression"
							}
						}
					}
				],
				"outputs": [
					{
						"referenceName": "ds_filecopy_blob",
						"type": "DatasetReference",
						"parameters": {
							"SourceFileName": {
								"value": "@activity('FilterXML').output.value[0].name",
								"type": "Expression"
							},
							"SourceDirectory": {
								"value": "@concat('ces-func/CIVIL_EXAMS_TO_NR/carrs_reports/', variables('DateVariable'),'/',pipeline().parameters.FileName)",
								"type": "Expression"
							}
						}
					}
				]
			},
			{
				"name": "acty_Sp_Insert_ControlAudit_Outbound_cpy_success",
				"type": "SqlServerStoredProcedure",
				"dependsOn": [
					{
						"activity": "Copyxml",
						"dependencyConditions": [
							"Succeeded"
						]
					},
					{
						"activity": "ForEach1",
						"dependencyConditions": [
							"Succeeded"
						]
					}
				],
				"policy": {
					"timeout": "7.00:00:00",
					"retry": 0,
					"retryIntervalInSeconds": 30,
					"secureOutput": false,
					"secureInput": false
				},
				"userProperties": [],
				"typeProperties": {
					"storedProcedureName": "[CTL_CES_ADL_CONTROL].sp_Insert_ADF_ControlAuditData",
					"storedProcedureParameters": {
						"ActivityName": {
							"value": {
								"value": "Execute ppl_binary_copy",
								"type": "Expression"
							},
							"type": "String"
						},
						"ADFName": {
							"value": {
								"value": "@pipeline().DataFactory",
								"type": "Expression"
							},
							"type": "String"
						},
						"CreatedBy": {
							"value": "CES",
							"type": "String"
						},
						"EndTime": {
							"value": {
								"value": "@utcnow()",
								"type": "Expression"
							},
							"type": "DateTime"
						},
						"Message": {
							"value": {
								"value": "Executing the Arrival of binary files in Raw layer from the stage",
								"type": "Expression"
							},
							"type": "String"
						},
						"PipeLineName": {
							"value": {
								"value": "@pipeline().Pipeline",
								"type": "Expression"
							},
							"type": "String"
						},
						"PipeLineRunID": {
							"value": {
								"value": "@pipeline().RunId",
								"type": "Expression"
							},
							"type": "String"
						},
						"Rows_Transferred": {
							"value": null,
							"type": "Int64"
						},
						"StartTime": {
							"value": {
								"value": "@pipeline().TriggerTime",
								"type": "Expression"
							},
							"type": "DateTime"
						},
						"Status": {
							"value": "Success",
							"type": "String"
						},
						"TargetTable": {
							"value": null,
							"type": "String"
						},
						"TriggerType": {
							"value": {
								"value": "@pipeline().TriggerType",
								"type": "Expression"
							},
							"type": "String"
						}
					}
				},
				"linkedServiceName": {
					"referenceName": "lscesdb",
					"type": "LinkedServiceReference"
				}
			},
			{
				"name": "acty_Sp_Insert_ControlAudit_Binary_Raw_Failed",
				"type": "SqlServerStoredProcedure",
				"dependsOn": [
					{
						"activity": "Copyxml",
						"dependencyConditions": [
							"Failed"
						]
					},
					{
						"activity": "ForEach1",
						"dependencyConditions": [
							"Failed"
						]
					}
				],
				"policy": {
					"timeout": "7.00:00:00",
					"retry": 0,
					"retryIntervalInSeconds": 30,
					"secureOutput": false,
					"secureInput": false
				},
				"userProperties": [],
				"typeProperties": {
					"storedProcedureName": "[CTL_CES_ADL_CONTROL].sp_Insert_ADF_ControlAuditData",
					"storedProcedureParameters": {
						"ActivityName": {
							"value": {
								"value": "Execute ppl_binary_copy",
								"type": "Expression"
							},
							"type": "String"
						},
						"ADFName": {
							"value": {
								"value": "@pipeline().DataFactory",
								"type": "Expression"
							},
							"type": "String"
						},
						"CreatedBy": {
							"value": "CES",
							"type": "String"
						},
						"EndTime": {
							"value": {
								"value": "@utcnow()",
								"type": "Expression"
							},
							"type": "DateTime"
						},
						"Message": {
							"value": {
								"value": "Executing the Arrival of binary files in Raw layer from the stage",
								"type": "Expression"
							},
							"type": "String"
						},
						"PipeLineName": {
							"value": {
								"value": "@pipeline().Pipeline",
								"type": "Expression"
							},
							"type": "String"
						},
						"PipeLineRunID": {
							"value": {
								"value": "@pipeline().RunId",
								"type": "Expression"
							},
							"type": "String"
						},
						"Rows_Transferred": {
							"value": null,
							"type": "Int64"
						},
						"StartTime": {
							"value": {
								"value": "@pipeline().TriggerTime",
								"type": "Expression"
							},
							"type": "DateTime"
						},
						"Status": {
							"value": "Failed",
							"type": "String"
						},
						"TargetTable": {
							"value": null,
							"type": "String"
						},
						"TriggerType": {
							"value": {
								"value": "@pipeline().TriggerType",
								"type": "Expression"
							},
							"type": "String"
						}
					}
				},
				"linkedServiceName": {
					"referenceName": "lscesdb",
					"type": "LinkedServiceReference"
				}
			},
			{
				"name": "ForEach1",
				"type": "ForEach",
				"dependsOn": [
					{
						"activity": "FilterPDF",
						"dependencyConditions": [
							"Succeeded"
						]
					}
				],
				"userProperties": [],
				"typeProperties": {
					"items": {
						"value": "@activity('FilterPDF').output.value",
						"type": "Expression"
					},
					"activities": [
						{
							"name": "Copypdf",
							"type": "Copy",
							"dependsOn": [],
							"policy": {
								"timeout": "7.00:00:00",
								"retry": 0,
								"retryIntervalInSeconds": 30,
								"secureOutput": false,
								"secureInput": false
							},
							"userProperties": [],
							"typeProperties": {
								"source": {
									"type": "BinarySource",
									"storeSettings": {
										"type": "AzureBlobFSReadSettings",
										"recursive": true
									},
									"formatSettings": {
										"type": "BinaryReadSettings"
									}
								},
								"sink": {
									"type": "BinarySink",
									"storeSettings": {
										"type": "AzureBlobStorageWriteSettings"
									}
								},
								"enableStaging": false
							},
							"inputs": [
								{
									"referenceName": "ds_adlsgen2_postexamdata_raw",
									"type": "DatasetReference",
									"parameters": {
										"Directory": {
											"value": "@pipeline().parameters.PostExamRawDirectory",
											"type": "Expression"
										},
										"FileName": {
											"value": "@item().name",
											"type": "Expression"
										}
									}
								}
							],
							"outputs": [
								{
									"referenceName": "ds_filecopy_blob",
									"type": "DatasetReference",
									"parameters": {
										"SourceFileName": {
											"value": "@item().name",
											"type": "Expression"
										},
										"SourceDirectory": {
											"value": "@concat('ces-func/CIVIL_EXAMS_TO_NR/carrs_reports/', variables('DateVariable'),'/',pipeline().parameters.FileName)",
											"type": "Expression"
										}
									}
								}
							]
						}
					]
				}
			},
			{
				"name": "Copy_to_ Zip",
				"type": "Copy",
				"dependsOn": [
					{
						"activity": "acty_Sp_Insert_ControlAudit_Outbound_cpy_success",
						"dependencyConditions": [
							"Succeeded"
						]
					}
				],
				"policy": {
					"timeout": "7.00:00:00",
					"retry": 0,
					"retryIntervalInSeconds": 30,
					"secureOutput": false,
					"secureInput": false
				},
				"userProperties": [],
				"typeProperties": {
					"source": {
						"type": "BinarySource",
						"storeSettings": {
							"type": "AzureBlobStorageReadSettings",
							"recursive": true
						},
						"formatSettings": {
							"type": "BinaryReadSettings"
						}
					},
					"sink": {
						"type": "BinarySink",
						"storeSettings": {
							"type": "AzureBlobStorageWriteSettings"
						}
					},
					"enableStaging": false
				},
				"inputs": [
					{
						"referenceName": "ds_filecopyall_blob",
						"type": "DatasetReference",
						"parameters": {
							"SourceDirectory": {
								"value": "@concat('ces-func/CIVIL_EXAMS_TO_NR/carrs_reports/', variables('DateVariable'),'/',pipeline().parameters.FileName)",
								"type": "Expression"
							}
						}
					}
				],
				"outputs": [
					{
						"referenceName": "ds_filecopyall_zip_blob",
						"type": "DatasetReference",
						"parameters": {
							"Directory": {
								"value": "@concat('ces-func/CIVIL_EXAMS_TO_NR/carrs_reports/', variables('DateVariable'),'/',pipeline().parameters.FileName)",
								"type": "Expression"
							},
							"FileName": {
								"value": "@concat(pipeline().parameters.FileName,'.zip')",
								"type": "Expression"
							}
						}
					}
				]
			},
			{
				"name": "Update outbound_file_name",
				"type": "SqlServerStoredProcedure",
				"dependsOn": [
					{
						"activity": "Copy_to_ Zip",
						"dependencyConditions": [
							"Succeeded"
						]
					}
				],
				"policy": {
					"timeout": "7.00:00:00",
					"retry": 0,
					"retryIntervalInSeconds": 30,
					"secureOutput": false,
					"secureInput": false
				},
				"userProperties": [],
				"typeProperties": {
					"storedProcedureName": "[CES].[sp_update_ADF_FILE_PROCESS_LOG_OUTBOUND]",
					"storedProcedureParameters": {
						"OutboundBaseFileName": {
							"value": {
								"value": "@pipeline().parameters.FileName",
								"type": "Expression"
							},
							"type": "String"
						},
						"OutboundErrorDescription": {
							"value": null,
							"type": "String"
						},
						"OutboundFileName": {
							"value": {
								"value": "@concat(pipeline().parameters.FileName,'.zip')",
								"type": "Expression"
							},
							"type": "String"
						},
						"OutboundFileProcessDate": {
							"value": null,
							"type": "DateTime"
						},
						"OutboundFileProcessStatus": {
							"value": null,
							"type": "String"
						}
					}
				},
				"linkedServiceName": {
					"referenceName": "lscesdb",
					"type": "LinkedServiceReference"
				}
			},
			{
				"name": "Set variable1",
				"type": "SetVariable",
				"dependsOn": [],
				"userProperties": [],
				"typeProperties": {
					"variableName": "DateVariable",
					"value": {
						"value": "@concat('YEAR-',formatDateTime(utcnow(),'yyyy'),'/MONTH-',formatDateTime(utcnow(),'MM'),'/DAY-',formatDateTime(utcnow(),'dd'))",
						"type": "Expression"
					}
				}
			}
		],
		"parameters": {
			"PostExamRawDirectory": {
				"type": "string"
			},
			"FileName": {
				"type": "string"
			}
		},
		"variables": {
			"DateVariable": {
				"type": "String"
			}
		},
		"folder": {
			"name": "Post_Exam_Data"
		},
		"annotations": []
	}
}