{
    "type": "object",
    "properties": {
      "region_name": {
        "type": "string"
      },
      "route_id": {
        "type": "number",
        "minimum": 0
      },
      "area_id": {
        "type": "number",
        "minimum": 0
      },
      "elr_id": {
        "type": "array",
        "minItems": 1,
        "uniqueItems": true,
        "items": {
          "type": "number"
        }
      },
      "start_mileage_from": {
        "type": "number",
        "minimum": -1
      },
      "start_mileage_to": {
        "type": "number",
        "maximum": 99999
      },
      "railway_id": {
        "type": [
          "string",
          "null"
        ]
      },
      "ast_grp_id": {
        "type": "number",
        "minimum": 0
      },
      "ast_typ_id": {
        "type": "array",
        "minItems": 1,
        "uniqueItems": true,
        "items": {
          "type": "number"
        }
      },
      "ownparty_name": {
        "type": "array",
        "minItems": 1,
        "uniqueItems": true,
        "items": {
          "type": [
            "string",
            "null"
          ]
        }
      },
      "mattyp_id": {
        "type": "array",
        "minItems": 1,
        "uniqueItems": true,
        "items": {
          "type": "number"
        }
      },
      "hceflg_name": {
        "type": "string"
      },
      "open_defect_from": {
        "type": "number",
        "minimum": -1
      },
      "open_defect_to": {
        "type": "number",
        "maximum": 99999
      },
      "open_defect_score_from": {
        "type": "number",
        "minimum": -1
      },
      "open_defect_score_to": {
        "type": "number",
        "maximum": 99999
      },
      "is_export_to_doc": {
        "type": "string",
        "enum": [
          "Y",
          "N"
        ]
      },
      "sort_column": {
        "type": "string",
        "enum": [
          "AssetGUID",
          "Region",
          "Route",
          "Area",
          "ELR",
          "StructureNo",
          "StartMileage",
          "StructType",
          "MaterialType",
          "RailwayID",
          "AssetType",
          "OwningParty",
          "HCE",
          "AllDefect",
          "OpenDefect",
          "HighestRiskScore",
          "OperationalStat",
          "EndMileage",
          "AssetGrp"
        ]
      },
      "sort_order": {
        "type": "string",
        "enum": [
          "asc",
          "desc"
        ]
      },
      "page_no": {
        "type": "number",
        "minimum": 0
      },
      "rows_per_page": {
        "type": "number"
      }
    },
    "required": [
      "region_name",
      "route_id",
      "area_id",
      "elr_id",
      "start_mileage_from",
      "start_mileage_to",
      "railway_id",
      "ast_grp_id",
      "ast_typ_id",
      "ownparty_name",
      "mattyp_id",
      "hceflg_name",
      "open_defect_from",
      "open_defect_to",
      "open_defect_score_from",
      "open_defect_score_to",
      "is_export_to_doc",
      "sort_column",
      "sort_order",
      "page_no",
      "rows_per_page"
    ]
  }