{
	"name": "dataflow_ces_Access_Migration_Transformation",
	"properties": {
		"folder": {
			"name": "ALARM/Access"
		},
		"type": "MappingDataFlow",
		"typeProperties": {
			"sources": [
				{
					"dataset": {
						"referenceName": "ds_adlsgen2_Common_parquet",
						"type": "DatasetReference"
					},
					"name": "AccessRaw"
				},
				{
					"dataset": {
						"referenceName": "ds_SQL_common_query",
						"type": "DatasetReference"
					},
					"name": "CesAsset"
				},
				{
					"dataset": {
						"referenceName": "ds_SQL_common_query",
						"type": "DatasetReference"
					},
					"name": "CesExamType"
				}
			],
			"sinks": [
				{
					"dataset": {
						"referenceName": "ds_adlsgen2_Insert_Parquet",
						"type": "DatasetReference"
					},
					"name": "sinkAccess"
				},
				{
					"dataset": {
						"referenceName": "ds_adlsgen2_common_sink_csv",
						"type": "DatasetReference"
					},
					"name": "sinkError"
				}
			],
			"transformations": [
				{
					"name": "LKPAsset"
				},
				{
					"name": "SelectColumns"
				},
				{
					"name": "LKPExamType"
				},
				{
					"name": "DerivedAccess"
				},
				{
					"name": "ConditionalSplit1"
				},
				{
					"name": "DerivedColumn1"
				},
				{
					"name": "ConditionalSplit2"
				},
				{
					"name": "DerivedColumn2"
				},
				{
					"name": "Union1"
				}
			],
			"script": "source(output(\n\t\tAsset_GUID as string,\n\t\tRoute as string,\n\t\tELR as string,\n\t\tStructure_Reference as string,\n\t\tExam_Type as string,\n\t\tStructure_Type as string,\n\t\tPossession as string,\n\t\tLine_Block as string,\n\t\tTraffic_Management as string,\n\t\tRRV as string,\n\t\tMEWP as string,\n\t\tRope_Access as string,\n\t\tLadder as string,\n\t\tScaffold as string,\n\t\tCCTV as string,\n\t\tConfined_Space as string,\n\t\tWater_Permit as string,\n\t\tSafety_Boat as string,\n\t\t{3RD_Party} as string\n\t),\n\tallowSchemaDrift: true,\n\tvalidateSchema: false,\n\tignoreNoFilesFound: false,\n\tformat: 'parquet') ~> AccessRaw\nsource(output(\n\t\tASSET_GUID as string,\n\t\tPARENT_ASSET_GUID as string,\n\t\tASSET_NAME as string,\n\t\tASSET_TYPE_SR_KEY as decimal(18,0),\n\t\tASSET_GROUP_SR_KEY as decimal(18,0),\n\t\tORG_SR_KEY as decimal(18,0),\n\t\tAREA_SR_KEY as decimal(18,0),\n\t\tENG_LINE_REF as decimal(18,0),\n\t\tRAILWAY_ID as string,\n\t\tSTART_MILES as decimal(5,0),\n\t\tSTART_YARDS as decimal(5,0),\n\t\tEND_MILES as decimal(5,0),\n\t\tEND_YARDS as decimal(5,0),\n\t\tPRIMARY_MATERIAL as decimal(18,0),\n\t\tSECONDARY_MATERIAL as decimal(18,0),\n\t\tOPERATIONAL_STATUS as decimal(18,0),\n\t\tSTRUCTURAL_FORM as decimal(18,0),\n\t\tOWNING_PARTY as string,\n\t\tPOSSESSION_CRITICAL as string,\n\t\tGPS_START_MILEAGE as string,\n\t\tGPS_END_MILEAGE as string,\n\t\tSTART_OS_GRID_REF as string,\n\t\tEND_OS_GRID_REF as string,\n\t\tHCE_FLAG as string,\n\t\tANY_HIDDEN_PARTS as string,\n\t\tSTRUCTURE_CARRIES as string,\n\t\tSTRUCTURE_OVER as string,\n\t\tCMI_SCORE as decimal(3,0),\n\t\tCMI_DATE as date,\n\t\tISACTIVE as boolean,\n\t\tCREATED_USER as string,\n\t\tCREATED_DATE as timestamp,\n\t\tUPDATED_USER as string,\n\t\tUPDATED_DATE as timestamp,\n\t\tOUTSIDE_PARTY as string,\n\t\tTENANTED_FLG as string\n\t),\n\tallowSchemaDrift: true,\n\tvalidateSchema: false,\n\tignoreNoFilesFound: false,\n\tisolationLevel: 'READ_UNCOMMITTED',\n\tquery: 'SELECT * FROM CES.ASSET WHERE ISACTIVE=1',\n\tformat: 'query') ~> CesAsset\nsource(output(\n\t\tEXAM_TYPE_SR_KEY as decimal(18,0),\n\t\tEXAM_TYPE as string,\n\t\tCREATED_USER as string,\n\t\tCREATED_DATE as date,\n\t\tUPDATED_USER as string,\n\t\tUPDATED_DATE as date,\n\t\tISACTIVE as boolean\n\t),\n\tallowSchemaDrift: true,\n\tvalidateSchema: false,\n\tignoreNoFilesFound: false,\n\tisolationLevel: 'READ_UNCOMMITTED',\n\tquery: 'SELECT * FROM CES.EXAM_TYPE WHERE ISACTIVE=1',\n\tformat: 'query') ~> CesExamType\nAccessRaw, CesAsset lookup(AccessRaw@Asset_GUID == CesAsset@ASSET_GUID,\n\tmultiple: false,\n\tpickup: 'any',\n\tbroadcast: 'auto')~> LKPAsset\nDerivedAccess select(mapColumn(\n\t\tASSET_GUID = AccessRaw@Asset_GUID,\n\t\tCES_ASSET_GUID = CesAsset@ASSET_GUID,\n\t\tEXAM_TYPE_SR_KEY,\n\t\tPOSSESSION = Possession,\n\t\tLINE_BLOCK = Line_Block,\n\t\tTRAFFIC_MNGT = Traffic_Management,\n\t\tRRV,\n\t\tMEWP,\n\t\tROPE_ACCESS = Rope_Access,\n\t\tLADDER = Ladder,\n\t\tSCAFFOLD = Scaffold,\n\t\tCCTV,\n\t\tCONFINED_SPACE = Confined_Space,\n\t\tWATER_PERMIT = Water_Permit,\n\t\tSAFETY_BOAT = Safety_Boat,\n\t\t{3RD_PARTY} = {3RD_Party},\n\t\tCREATED_USER,\n\t\tCREATED_DATE\n\t),\n\tskipDuplicateMapInputs: true,\n\tskipDuplicateMapOutputs: true) ~> SelectColumns\nLKPAsset, CesExamType lookup(AccessRaw@Exam_Type == CesExamType@EXAM_TYPE,\n\tmultiple: false,\n\tpickup: 'any',\n\tbroadcast: 'auto')~> LKPExamType\nLKPExamType derive(CREATED_USER = 'CARRS',\n\t\tCREATED_DATE = currentUTC()) ~> DerivedAccess\nSelectColumns split(!isNull(CES_ASSET_GUID),\n\tdisjoint: false) ~> ConditionalSplit1@(ValidAssetGUID, InvalidRecs)\nConditionalSplit1@InvalidRecs derive(ErrorDesc = 'CES_ASSET_GUID is null') ~> DerivedColumn1\nConditionalSplit1@ValidAssetGUID split(!isNull(EXAM_TYPE_SR_KEY),\n\tdisjoint: false) ~> ConditionalSplit2@(ValidExamTypeSrKey, InvalidExamTypeSRkey)\nConditionalSplit2@InvalidExamTypeSRkey derive(ErrorDesc = 'ExamType is Null') ~> DerivedColumn2\nDerivedColumn1, DerivedColumn2 union(byName: true)~> Union1\nConditionalSplit2@ValidExamTypeSrKey sink(allowSchemaDrift: true,\n\tvalidateSchema: false,\n\tformat: 'parquet',\n\tpartitionFileNames:[(concat('CES_Access_',toString(currentUTC(),'yyyyMMdd'),'.parquet'))],\n\tmapColumn(\n\t\tASSET_GUID,\n\t\tEXAM_TYPE_SR_KEY,\n\t\tPOSSESSION,\n\t\tLINE_BLOCK,\n\t\tTRAFFIC_MNGT,\n\t\tRRV,\n\t\tMEWP,\n\t\tROPE_ACCESS,\n\t\tLADDER,\n\t\tSCAFFOLD,\n\t\tCCTV,\n\t\tCONFINED_SPACE,\n\t\tWATER_PERMIT,\n\t\tSAFETY_BOAT,\n\t\t{3RD_PARTY},\n\t\tCREATED_USER,\n\t\tCREATED_DATE\n\t),\n\tpartitionBy('hash', 1),\n\tskipDuplicateMapInputs: true,\n\tskipDuplicateMapOutputs: true) ~> sinkAccess\nUnion1 sink(allowSchemaDrift: true,\n\tvalidateSchema: false,\n\tpartitionFileNames:[(concat('CES_Access_Error',toString(currentUTC(),'yyyyMMdd'),'.csv'))],\n\tpartitionBy('hash', 1),\n\tskipDuplicateMapInputs: true,\n\tskipDuplicateMapOutputs: true) ~> sinkError"
		}
	}
}