{
	"name": "dataflow_ces_Exam_Cycle_Migration_Transform",
	"properties": {
		"folder": {
			"name": "CARRS/Exam_Cycle"
		},
		"type": "MappingDataFlow",
		"typeProperties": {
			"sources": [
				{
					"dataset": {
						"referenceName": "ds_adlsgen2_Common_parquet",
						"type": "DatasetReference"
					},
					"name": "CarrsEGExamTypeCycle"
				},
				{
					"dataset": {
						"referenceName": "ds_adlsgen2_Common_parquet",
						"type": "DatasetReference"
					},
					"name": "CarrsExamGroupElement"
				},
				{
					"dataset": {
						"referenceName": "ds_adlsgen2_Common_parquet",
						"type": "DatasetReference"
					},
					"name": "CarrsElement"
				},
				{
					"dataset": {
						"referenceName": "ds_sql_common_SQLQuery",
						"type": "DatasetReference"
					},
					"name": "CESAsset"
				},
				{
					"dataset": {
						"referenceName": "ds_sql_common_SQLQuery",
						"type": "DatasetReference"
					},
					"name": "CESExamType"
				},
				{
					"dataset": {
						"referenceName": "ds_adlsgen2_Common_parquet",
						"type": "DatasetReference"
					},
					"name": "CarrsExamType"
				},
				{
					"dataset": {
						"referenceName": "ds_adlsgen2_Common_parquet",
						"type": "DatasetReference"
					},
					"name": "CarrsExamination"
				}
			],
			"sinks": [
				{
					"dataset": {
						"referenceName": "ds_adlsgen2_common_sink_csv",
						"type": "DatasetReference"
					},
					"name": "SinkError"
				},
				{
					"dataset": {
						"referenceName": "ds_adlsgen2_Insert_Parquet",
						"type": "DatasetReference"
					},
					"name": "SinkCurated"
				}
			],
			"transformations": [
				{
					"name": "JoinEGrpEleandElement"
				},
				{
					"name": "Joinexamgrouplkp"
				},
				{
					"name": "SelectColumns"
				},
				{
					"name": "ValidCAIUID"
				},
				{
					"name": "ValidExamTypeSRKey"
				},
				{
					"name": "ExamTypeKeyDer"
				},
				{
					"name": "CAIUIDDer"
				},
				{
					"name": "Union"
				},
				{
					"name": "DerivedColumn"
				},
				{
					"name": "LookupAsset"
				},
				{
					"name": "ConditionalSplit1"
				},
				{
					"name": "AssetGuidDer"
				},
				{
					"name": "JoinExamType"
				},
				{
					"name": "LookupExamtypeID"
				},
				{
					"name": "SelectExam"
				},
				{
					"name": "LookupExam"
				},
				{
					"name": "SelectExamType"
				}
			],
			"script": "source(output(\n\t\tINTERVAL_RULE_ID as decimal(22,0),\n\t\tEXAM_CONTRACTOR_ID as decimal(22,0),\n\t\tDELETED_FLG as string,\n\t\tADDITIONAL_EXAM_CONTRACTOR_ID as decimal(22,0),\n\t\tEXAM_GROUP_EXAM_TYPE_CYCLE_ID as decimal(22,0),\n\t\tROW_VER as decimal(22,0),\n\t\tMODIFIED_BY_USER_ID as string,\n\t\tMODIFIED_DATE as date,\n\t\tEXAM_DATE_CALC_TYPE_ID as decimal(22,0),\n\t\tINTERVAL_YEARS as decimal(22,0),\n\t\tINTERVAL_MONTHS as decimal(22,0),\n\t\tINTERVAL_DAYS as decimal(22,0),\n\t\tSPECIFIC_EXAM_REQUIREMENTS as string,\n\t\tEFF_TO_DATE as date,\n\t\tEFF_FROM_DATE as date,\n\t\tBIRTHDAY_MONTH as decimal(22,0),\n\t\tBIRTHDAY_DAY as decimal(22,0),\n\t\tEXAM_TYPE_ID as decimal(22,0),\n\t\tEXAM_GROUP_ID as decimal(22,0)\n\t),\n\tallowSchemaDrift: true,\n\tvalidateSchema: false,\n\tignoreNoFilesFound: false,\n\tformat: 'parquet') ~> CarrsEGExamTypeCycle\nsource(output(\n\t\tDELETED_FLG as string,\n\t\tROW_VER as decimal(22,0),\n\t\tMODIFIED_BY_USER_ID as string,\n\t\tMODIFIED_DATE as date,\n\t\tELEMENT_ID as decimal(22,0),\n\t\tEXAM_GROUP_ID as decimal(22,0)\n\t),\n\tallowSchemaDrift: true,\n\tvalidateSchema: false,\n\tignoreNoFilesFound: false,\n\tformat: 'parquet') ~> CarrsExamGroupElement\nsource(output(\n\t\tELEMENT_ID as decimal(22,0),\n\t\tCAI_GUID as string,\n\t\tPARENT_ELEMENT_ID as decimal(22,0),\n\t\tELEMENT_NAME as string,\n\t\tSTART_OS_REF as string,\n\t\tEND_OS_REF as string,\n\t\tNR_LIABILITY_TEXT as string,\n\t\tSENSITIVE_FLG as string,\n\t\tSENSITIVE_REASON_TEXT as string,\n\t\tLISTED_FLG as string,\n\t\tCONSTR_DETAIL_TEXT as string,\n\t\tMATERIAL_ID as decimal(22,0),\n\t\tROUTE_TYPE_ID as decimal(22,0),\n\t\tAGG_TRACK_CAT_ID as decimal(22,0),\n\t\tROUTE_POLICY_REF_FLG as string,\n\t\tSTRUCT_POLICY_REF_FLG as string,\n\t\tRAILWAY_TYPE_ID as decimal(22,0),\n\t\tTRAIN_SERVICE_ID as decimal(22,0),\n\t\tROAD_NUM_TEXT as string,\n\t\tRIGHT_OF_WAY_ID as decimal(22,0),\n\t\tLISTING_TYPE_ID as decimal(22,0),\n\t\tLISTING_COUNTY_ID as decimal(22,0),\n\t\tLISTING_DISTRICT_ID as decimal(22,0),\n\t\tLISTING_DESIGNATED_DATE as date,\n\t\tLISTING_REMARKS_TEXT as string,\n\t\tCONSTR_YEAR_NUM as decimal(22,0),\n\t\tELEMENT_LENGTH_TEXT as string,\n\t\tELEMENT_DEPTH_TEXT as string,\n\t\tELEMENT_WIDTH_TEXT as string,\n\t\tIRRIG_CONTACT_NAME as string,\n\t\tRECONSTR_YEAR_NUM as decimal(22,0),\n\t\tLAT_POS_ID as decimal(22,0),\n\t\tELEMENT_TYPE_ID as decimal(22,0),\n\t\tOP_STATUS_ID as decimal(22,0),\n\t\tAREA_ID as decimal(22,0),\n\t\tMODIFIED_DATE as date,\n\t\tMODIFIED_BY_USER_ID as string,\n\t\tROW_VER as decimal(22,0),\n\t\tLATEST_SCMI_SCORE_VAL as decimal(22,0),\n\t\tNOTE_TEXT as string,\n\t\tIDENT_TRACK_ID as string,\n\t\tDELETED_FLG as string,\n\t\tTERRITORY_ID as decimal(22,0),\n\t\tMAJ_STRUCT_FLG as string,\n\t\tLATEST_SCMI_SCORE_DATE as date,\n\t\tCALCULATED_PERIOD as decimal(22,0),\n\t\tCALCULATED_PERIOD_DAY as decimal(22,0),\n\t\tCALCULATED_PERIOD_MONTH as decimal(22,0),\n\t\tCALCULATED_PERIOD_YEAR as decimal(22,0),\n\t\tCALCULATED_RISK_LEVEL_ID as decimal(22,0),\n\t\tCAPABILITY_ID as decimal(22,0),\n\t\tPERIOD_DAY as decimal(22,0),\n\t\tPERIOD_MONTH as decimal(22,0),\n\t\tPERIOD_YEAR as decimal(22,0),\n\t\tRISK_CODE_ID as decimal(22,0),\n\t\tRISK_LEVEL_ID as decimal(22,0),\n\t\tSECONDARY_MATERIAL_ID as decimal(22,0),\n\t\tSTRUC_FORM_ID as decimal(22,0),\n\t\tOUTSIDE_PARTY_ID as decimal(22,0),\n\t\tCOST_RECOVERABLE as string,\n\t\tANNUAL_MAINT_RENEWAL_CHARGE as string\n\t),\n\tallowSchemaDrift: true,\n\tvalidateSchema: false,\n\tignoreNoFilesFound: false,\n\tformat: 'parquet') ~> CarrsElement\nsource(output(\n\t\tASSET_GUID as string,\n\t\tPARENT_ASSET_GUID as string,\n\t\tASSET_NAME as string,\n\t\tASSET_TYPE_SR_KEY as decimal(18,0),\n\t\tASSET_GROUP_SR_KEY as decimal(18,0),\n\t\tORG_SR_KEY as decimal(18,0),\n\t\tAREA_SR_KEY as decimal(18,0),\n\t\tENG_LINE_REF as decimal(18,0),\n\t\tRAILWAY_ID as string,\n\t\tSTART_MILES as decimal(5,0),\n\t\tSTART_YARDS as decimal(5,0),\n\t\tEND_MILES as decimal(5,0),\n\t\tEND_YARDS as decimal(5,0),\n\t\tPRIMARY_MATERIAL as decimal(18,0),\n\t\tSECONDARY_MATERIAL as decimal(18,0),\n\t\tOPERATIONAL_STATUS as decimal(18,0),\n\t\tSTRUCTURAL_FORM as decimal(18,0),\n\t\tOWNING_PARTY as string,\n\t\tPOSSESSION_CRITICAL as string,\n\t\tGPS_START_MILEAGE as string,\n\t\tGPS_END_MILEAGE as string,\n\t\tSTART_OS_GRID_REF as string,\n\t\tEND_OS_GRID_REF as string,\n\t\tHCE_FLAG as string,\n\t\tANY_HIDDEN_PARTS as string,\n\t\tSTRUCTURE_CARRIES as string,\n\t\tSTRUCTURE_OVER as string,\n\t\tCMI_SCORE as decimal(3,0),\n\t\tCMI_DATE as date,\n\t\tISACTIVE as boolean,\n\t\tCREATED_USER as string,\n\t\tCREATED_DATE as timestamp,\n\t\tUPDATED_USER as string,\n\t\tUPDATED_DATE as timestamp\n\t),\n\tallowSchemaDrift: true,\n\tvalidateSchema: false,\n\tignoreNoFilesFound: false,\n\tisolationLevel: 'READ_UNCOMMITTED',\n\tquery: 'SELECT * FROM CES.ASSET',\n\tformat: 'query') ~> CESAsset\nsource(output(\n\t\tEXAM_TYPE_SR_KEY as decimal(18,0),\n\t\tEXAM_TYPE as string,\n\t\tCREATED_USER as string,\n\t\tCREATED_DATE as date,\n\t\tUPDATED_USER as string,\n\t\tUPDATED_DATE as date,\n\t\tISACTIVE as boolean\n\t),\n\tallowSchemaDrift: true,\n\tvalidateSchema: false,\n\tignoreNoFilesFound: false,\n\tisolationLevel: 'READ_UNCOMMITTED',\n\tquery: 'SELECT * FROM CES.EXAM_TYPE',\n\tformat: 'query') ~> CESExamType\nsource(output(\n\t\tEXAM_TYPE_ID as decimal(9,0),\n\t\tEXAM_TYPE_DESC as string\n\t),\n\tallowSchemaDrift: true,\n\tvalidateSchema: false,\n\tignoreNoFilesFound: false,\n\tformat: 'parquet',\n\tpartitionBy('hash', 1)) ~> CarrsExamType\nsource(output(\n\t\tPREV_EXAM_ID as decimal(22,0),\n\t\tADDITIONAL_EXAM_CONTRACTOR_ID as decimal(22,0),\n\t\tSPECIFIC_EXAM_REQUIREMENTS as string,\n\t\tCOMMENTS_TO_SEC_TEXT as string,\n\t\tNR_INTERNAL_NOTE_TEXT as string,\n\t\tDELETED_FLG as string,\n\t\tEXAM_GROUP_EXAM_TYPE_CYCLE_ID as decimal(22,0),\n\t\tEXAM_REQ_BATCH_ID as decimal(22,0),\n\t\tROW_VER as decimal(22,0),\n\t\tEXAM_CLASSIF_ID as decimal(22,0),\n\t\tEXAM_TYPE_ID as decimal(22,0),\n\t\tEXAM_CONTRACTOR_ID as decimal(22,0),\n\t\tMODIFIED_DATE as date,\n\t\tMODIFIED_BY_USER_ID as string,\n\t\tOVERALL_COND_ID as decimal(22,0),\n\t\tSTATUS_REASON_TEXT as string,\n\t\tEXAM_COMPLETE_DATE as date,\n\t\tEXAM_DUE_DATE as date,\n\t\tEXAM_GROUP_ID as decimal(22,0),\n\t\tEXAM_ID as decimal(22,0)\n\t),\n\tallowSchemaDrift: true,\n\tvalidateSchema: false,\n\tignoreNoFilesFound: false,\n\tformat: 'parquet') ~> CarrsExamination\nCarrsExamGroupElement, CarrsElement join(CarrsExamGroupElement@ELEMENT_ID == CarrsElement@ELEMENT_ID,\n\tjoinType:'inner',\n\tbroadcast: 'auto')~> JoinEGrpEleandElement\nJoinEGrpEleandElement, CarrsExamination join(CarrsExamGroupElement@EXAM_GROUP_ID == CarrsExamination@EXAM_GROUP_ID,\n\tjoinType:'inner',\n\tbroadcast: 'auto')~> Joinexamgrouplkp\nLookupAsset select(mapColumn(\n\t\tCAI_GUID,\n\t\tEXAM_TYPE_SR_KEY,\n\t\tEXAM_GROUP_EXAM_TYPE_CYCLE_ID = CarrsEGExamTypeCycle@EXAM_GROUP_EXAM_TYPE_CYCLE_ID,\n\t\tINTERVAL_YEARS,\n\t\tINTERVAL_MONTHS,\n\t\tINTERVAL_DAYS,\n\t\tEXAM_REQUIREMENT = CarrsEGExamTypeCycle@SPECIFIC_EXAM_REQUIREMENTS,\n\t\tBIRTHDAY_MONTH,\n\t\tBIRTHDAY_DAY,\n\t\tCREATED_USER,\n\t\tCREATED_DATE = DerivedColumn@CREATED_DATE,\n\t\tASSET_GUID,\n\t\tEFF_TO_DATE,\n\t\tEFF_FROM_DATE,\n\t\tDELETED_FLG = SelectExam@DELETED_FLG\n\t),\n\tskipDuplicateMapInputs: true,\n\tskipDuplicateMapOutputs: true) ~> SelectColumns\nConditionalSplit1@ValidAssetGuid split(!isNull(CAI_GUID),\n\tdisjoint: false) ~> ValidCAIUID@(ValidCAIUID, CAIUIDErr)\nValidCAIUID@ValidCAIUID split(!isNull(EXAM_TYPE_SR_KEY),\n\tdisjoint: false) ~> ValidExamTypeSRKey@(ValidExamtypeSRkey, ExamTypeKeyErr)\nValidExamTypeSRKey@ExamTypeKeyErr derive(ErrorDesc = 'Exam_Type_SR_Key is Null') ~> ExamTypeKeyDer\nValidCAIUID@CAIUIDErr derive(ErrorDesc = 'AssetGuid is Null') ~> CAIUIDDer\nExamTypeKeyDer, CAIUIDDer, AssetGuidDer union(byName: true)~> Union\nLookupExamtypeID derive(CREATED_USER = 'CARRS',\n\t\tCREATED_DATE = currentUTC()) ~> DerivedColumn\nDerivedColumn, CESAsset lookup(CAI_GUID == ASSET_GUID,\n\tmultiple: false,\n\tpickup: 'any',\n\tbroadcast: 'auto')~> LookupAsset\nSelectColumns split(!isNull(ASSET_GUID),\n\tdisjoint: false) ~> ConditionalSplit1@(ValidAssetGuid, AssetGuidErr)\nConditionalSplit1@AssetGuidErr derive(ErrorDesc = 'AssetGuid - FK Error') ~> AssetGuidDer\nCESExamType, CarrsExamType join(EXAM_TYPE == EXAM_TYPE_DESC,\n\tjoinType:'inner',\n\tbroadcast: 'auto')~> JoinExamType\nLookupExam, SelectExamType lookup(CarrsEGExamTypeCycle@EXAM_TYPE_ID == SelectExamType@EXAM_TYPE_ID,\n\tmultiple: false,\n\tpickup: 'any',\n\tbroadcast: 'auto')~> LookupExamtypeID\nJoinexamgrouplkp select(mapColumn(\n\t\teach(match(true()))\n\t),\n\tskipDuplicateMapInputs: true,\n\tskipDuplicateMapOutputs: true) ~> SelectExam\nCarrsEGExamTypeCycle, SelectExam lookup(CarrsEGExamTypeCycle@EXAM_GROUP_EXAM_TYPE_CYCLE_ID == SelectExam@EXAM_GROUP_EXAM_TYPE_CYCLE_ID,\n\tmultiple: false,\n\tpickup: 'any',\n\tbroadcast: 'auto')~> LookupExam\nJoinExamType select(mapColumn(\n\t\tEXAM_TYPE_SR_KEY,\n\t\tEXAM_TYPE,\n\t\tCREATED_USER,\n\t\tCREATED_DATE,\n\t\tUPDATED_USER,\n\t\tUPDATED_DATE,\n\t\tISACTIVE,\n\t\tEXAM_TYPE_ID,\n\t\tEXAM_TYPE_DESC\n\t),\n\tskipDuplicateMapInputs: true,\n\tskipDuplicateMapOutputs: true) ~> SelectExamType\nUnion sink(allowSchemaDrift: true,\n\tvalidateSchema: false,\n\tpartitionFileNames:[(concat('CES_Exam_Cycle_Error_',toString(currentUTC(),'yyyyMMdd'),'.csv'))],\n\tpartitionBy('hash', 1),\n\tskipDuplicateMapInputs: true,\n\tskipDuplicateMapOutputs: true) ~> SinkError\nValidExamTypeSRKey@ValidExamtypeSRkey sink(allowSchemaDrift: true,\n\tvalidateSchema: false,\n\tformat: 'parquet',\n\tpartitionFileNames:[(concat('CES_Exam_Cycle_',toString(currentUTC(),'yyyyMMdd'),'.parquet') )],\n\tpartitionBy('hash', 1),\n\tskipDuplicateMapInputs: true,\n\tskipDuplicateMapOutputs: true) ~> SinkCurated"
		}
	}
}