{
	"name": "dataflow_ces_ReferenceValue_migration_Transform",
	"properties": {
		"folder": {
			"name": "CARRS/ReferenceValue"
		},
		"type": "MappingDataFlow",
		"typeProperties": {
			"sources": [
				{
					"dataset": {
						"referenceName": "ds_adlsgen2_Common_parquet",
						"type": "DatasetReference"
					},
					"name": "CarrsReferenceValue"
				},
				{
					"dataset": {
						"referenceName": "ds_sql_common_SQLQuery",
						"type": "DatasetReference"
					},
					"name": "sourceSqlReferenceType"
				}
			],
			"sinks": [
				{
					"dataset": {
						"referenceName": "ds_adlsgen2_Insert_Parquet",
						"type": "DatasetReference"
					},
					"name": "SinkDQCurated"
				},
				{
					"dataset": {
						"referenceName": "ds_adlsgen2_common_sink_csv",
						"type": "DatasetReference"
					},
					"name": "sinkError"
				}
			],
			"transformations": [
				{
					"name": "Join1"
				},
				{
					"name": "Select1"
				},
				{
					"name": "ConditionalSplit1"
				},
				{
					"name": "DerivedColumn1"
				}
			],
			"script": "parameters{\n\tCuratedFileName as string\n}\nsource(output(\n\t\tRV_ID as decimal(22,0),\n\t\tRV_GUID as string,\n\t\tRV_CODE as string,\n\t\tRV_DESC as string,\n\t\tRV_TYPE as string,\n\t\tEFF_END_DATE as date,\n\t\tMODIFIED_DATE as date,\n\t\tMODIFIED_BY_USER_ID as string,\n\t\tDELETED_FLG as string,\n\t\tROW_VER as decimal(22,0),\n\t\tRV_DISPLAY_SEQ as decimal(22,0)\n\t),\n\tallowSchemaDrift: true,\n\tvalidateSchema: false,\n\tignoreNoFilesFound: false,\n\tformat: 'parquet') ~> CarrsReferenceValue\nsource(output(\n\t\tREF_TYP_SR_KEY as decimal(18,0),\n\t\tREF_TYP_CODE as string,\n\t\tREF_TYP_NAME as string,\n\t\tCREATED_USER as string,\n\t\tCREATED_DATE as timestamp,\n\t\tUPDATED_USER as string,\n\t\tUPDATED_DATE as timestamp,\n\t\tISACTIVE as boolean,\n\t\tSOURCE as string\n\t),\n\tallowSchemaDrift: true,\n\tvalidateSchema: false,\n\tisolationLevel: 'READ_UNCOMMITTED',\n\tquery: 'Select * from CES.REFERENCE_TYPE',\n\tformat: 'query') ~> sourceSqlReferenceType\nCarrsReferenceValue, sourceSqlReferenceType join(lower(RV_TYPE) == lower(REF_TYP_CODE)\n\t&& 'CARRS' == SOURCE,\n\tjoinType:'inner',\n\tbroadcast: 'right')~> Join1\nJoin1 select(mapColumn(\n\t\tRV_VALUE = RV_DESC,\n\t\tUPDATED_DATE = MODIFIED_DATE,\n\t\tUPDATED_USER = MODIFIED_BY_USER_ID,\n\t\tREF_TYP_SR_KEY,\n\t\tDELETED_FLG\n\t),\n\tskipDuplicateMapInputs: false,\n\tskipDuplicateMapOutputs: false) ~> Select1\nSelect1 split(isNull(RV_VALUE),\n\tdisjoint: false) ~> ConditionalSplit1@(ReferenceNull, CuratetedTows)\nConditionalSplit1@ReferenceNull derive(ErrorDesc = 'Reference value is NULL') ~> DerivedColumn1\nConditionalSplit1@CuratetedTows sink(allowSchemaDrift: true,\n\tvalidateSchema: false,\n\tformat: 'parquet',\n\tpartitionFileNames:[($CuratedFileName)],\n\tumask: 0022,\n\tskipDuplicateMapInputs: true,\n\tskipDuplicateMapOutputs: true,\n\tpartitionBy('hash', 1)) ~> SinkDQCurated\nDerivedColumn1 sink(allowSchemaDrift: true,\n\tvalidateSchema: false,\n\tpartitionFileNames:[(concat('CES_REFERENCE_VALUE_Error_',toString(currentUTC(),'yyyyMMdd'),'.csv'))],\n\tumask: 0022,\n\tskipDuplicateMapInputs: true,\n\tskipDuplicateMapOutputs: true,\n\tpartitionBy('hash', 1)) ~> sinkError"
		}
	}
}