{
	"name": "dataflow_ces_Exam_Sync_Update_Transform",
	"properties": {
		"folder": {
			"name": "CARRS/Exam"
		},
		"type": "MappingDataFlow",
		"typeProperties": {
			"sources": [
				{
					"dataset": {
						"referenceName": "ds_adlsgen2_Common_parquet",
						"type": "DatasetReference"
					},
					"name": "CarrsExamimation"
				},
				{
					"dataset": {
						"referenceName": "ds_adlsgen2_Common_parquet",
						"type": "DatasetReference"
					},
					"name": "CarrsReferenceValue"
				},
				{
					"dataset": {
						"referenceName": "ds_sql_common_SQLQuery",
						"type": "DatasetReference"
					},
					"name": "ViewReferenceTypeValue"
				},
				{
					"dataset": {
						"referenceName": "ds_sql_common_SQLQuery",
						"type": "DatasetReference"
					},
					"name": "CESExamType"
				},
				{
					"dataset": {
						"referenceName": "ds_sql_common_SQLQuery",
						"type": "DatasetReference"
					},
					"name": "CESSupplier"
				},
				{
					"dataset": {
						"referenceName": "ds_SQL_common_query",
						"type": "DatasetReference"
					},
					"name": "CESExam"
				},
				{
					"dataset": {
						"referenceName": "ds_SQL_common_query",
						"type": "DatasetReference"
					},
					"name": "CESExamGroup"
				}
			],
			"sinks": [
				{
					"dataset": {
						"referenceName": "ds_adlsgen2_Insert_Parquet",
						"type": "DatasetReference"
					},
					"name": "SinkDQCurated"
				},
				{
					"dataset": {
						"referenceName": "ds_adlsgen2_common_sink_csv",
						"type": "DatasetReference"
					},
					"name": "sinkError"
				}
			],
			"transformations": [
				{
					"name": "SelectCarrsRefValueExamStatus"
				},
				{
					"name": "LookupExamType"
				},
				{
					"name": "LookupReference"
				},
				{
					"name": "DerivedColumn"
				},
				{
					"name": "SelectFinalData"
				},
				{
					"name": "LookupViewReferenceValue"
				},
				{
					"name": "SelectCESReferenceExamRequestStatus"
				},
				{
					"name": "ConditionalSplit1"
				},
				{
					"name": "DerivedColumnGuidError"
				},
				{
					"name": "JoinCESExam"
				},
				{
					"name": "FilterUpdateRecords"
				},
				{
					"name": "LookupSuppliers"
				},
				{
					"name": "SelectCESExam"
				},
				{
					"name": "LookupREf"
				},
				{
					"name": "Filter1"
				},
				{
					"name": "Lookup1"
				},
				{
					"name": "LookUpReportStatus"
				},
				{
					"name": "LookupExamGroup"
				},
				{
					"name": "Select1"
				}
			],
			"script": "parameters{\n\tCuratedFileName as string,\n\tCuratedErrorFileName as string\n}\nsource(output(\n\t\tEXAM_ID as decimal(22,0),\n\t\tEXAM_GROUP_ID as decimal(22,0),\n\t\tSPECIFIC_EXAM_REQUIREMENTS as string,\n\t\tEXAM_DUE_DATE as date,\n\t\tCOMMENTS_TO_SEC_TEXT as string,\n\t\tNR_INTERNAL_NOTE_TEXT as string,\n\t\tDELETED_FLG as string,\n\t\tEXAM_SUMMARY_ID as decimal(22,0),\n\t\tSIGNED_OFF_DATE as date,\n\t\tEXAM_ACTUAL_DATE as date,\n\t\tEXAM_REVIEW_DATE as date,\n\t\tEXAM_SIGNOFF_DATE as date,\n\t\tENTERED_DATE as date,\n\t\tEXAM_STATUS_ID as decimal(22,0),\n\t\tEXAM_COMPLETE_IND as string,\n\t\tEXAMINER_NAME as string,\n\t\tEXAMINER_COMMENT as string,\n\t\tREVIEWER_NAME as string,\n\t\tREVIEWER_COMMENT as string,\n\t\tREPORT_STRUCT_DESC as string,\n\t\tAT_BETWEEN_STATION_TEXT as string,\n\t\tREPORT_SPAN_TEXT as string,\n\t\tCAI_GUID as string,\n\t\tLATEST_SCMI_SCORE_VAL as decimal(22,0),\n\t\tLATEST_SCMI_SCORE_DATE as date,\n\t\tEXAM_TYPE_DESC as string,\n\t\tEXAM_SUMMARY_DOC_LINK_URL as string,\n\t\tORG_NAME as string,\n\t\tEXAM_STATUS_HISTORY as string\n\t),\n\tallowSchemaDrift: true,\n\tvalidateSchema: false,\n\tignoreNoFilesFound: false,\n\tformat: 'parquet') ~> CarrsExamimation\nsource(output(\n\t\tRV_ID as decimal(22,0),\n\t\tRV_GUID as string,\n\t\tRV_CODE as string,\n\t\tRV_DESC as string,\n\t\tRV_TYPE as string,\n\t\tEFF_END_DATE as date,\n\t\tMODIFIED_DATE as date,\n\t\tMODIFIED_BY_USER_ID as string,\n\t\tDELETED_FLG as string,\n\t\tROW_VER as decimal(22,0),\n\t\tRV_DISPLAY_SEQ as decimal(22,0)\n\t),\n\tallowSchemaDrift: true,\n\tvalidateSchema: false,\n\tignoreNoFilesFound: false,\n\tformat: 'parquet') ~> CarrsReferenceValue\nsource(output(\n\t\tREF_TYP_SR_KEY as decimal(18,0),\n\t\tREF_TYP_NAME as string,\n\t\tREF_TYP_CODE as string,\n\t\tREF_VAL_SR_KEY as decimal(18,0),\n\t\tREF_VALUE as string\n\t),\n\tallowSchemaDrift: true,\n\tvalidateSchema: false,\n\tisolationLevel: 'READ_UNCOMMITTED',\n\tquery: 'Select * from [CTL_CES_ADL_CONTROL].vw_ADF_Reference_Type_Value',\n\tformat: 'query') ~> ViewReferenceTypeValue\nsource(output(\n\t\tEXAM_TYPE_SR_KEY as decimal(18,0),\n\t\tEXAM_TYPE as string\n\t),\n\tallowSchemaDrift: true,\n\tvalidateSchema: false,\n\tisolationLevel: 'READ_UNCOMMITTED',\n\tquery: 'Select EXAM_TYPE_SR_KEY, EXAM_TYPE from [CES].Exam_Type',\n\tformat: 'query') ~> CESExamType\nsource(output(\n\t\tSUPPLIER_SR_KEY as decimal(18,0),\n\t\tSUPPLIER_NAME as string\n\t),\n\tallowSchemaDrift: true,\n\tvalidateSchema: false,\n\tisolationLevel: 'READ_UNCOMMITTED',\n\tquery: 'Select SUPPLIER_SR_KEY, SUPPLIER_NAME from [CES].SUPPLIER',\n\tformat: 'query') ~> CESSupplier\nsource(output(\n\t\tCES_EXAM_ID as decimal(18,0),\n\t\tExam_Asset_GUID as string,\n\t\tCES_EXAM_REQ_STATUS as decimal(18,0),\n\t\tCES_EXAM_REPORT_STATUS as decimal(18,0)\n\t),\n\tallowSchemaDrift: true,\n\tvalidateSchema: false,\n\tisolationLevel: 'READ_UNCOMMITTED',\n\tquery: 'Select EXAM_ID as CES_EXAM_ID, Asset_GUID as Exam_Asset_GUID, EXAM_REQ_STATUS as CES_EXAM_REQ_STATUS, EXAM_REPORT_STATUS as CES_EXAM_REPORT_STATUS from CES.Exam',\n\tformat: 'query') ~> CESExam\nsource(output(\n\t\tEXAM_GROUP_SR_KEY as decimal(18,0),\n\t\tCARRS_EXAM_GROUP_ID as decimal(18,0)\n\t),\n\tallowSchemaDrift: true,\n\tvalidateSchema: false,\n\tisolationLevel: 'READ_UNCOMMITTED',\n\tquery: 'Select EXAM_GROUP_SR_KEY, CARRS_EXAM_GROUP_ID from [CES].[EXAM_GROUP]',\n\tformat: 'query') ~> CESExamGroup\nCarrsReferenceValue select(mapColumn(\n\t\tRV_ID,\n\t\tCarrs_Exam_Status = RV_DESC\n\t),\n\tskipDuplicateMapInputs: true,\n\tskipDuplicateMapOutputs: true) ~> SelectCarrsRefValueExamStatus\nFilterUpdateRecords, CESExamType lookup(lower(EXAM_TYPE_DESC) == lower(EXAM_TYPE),\n\tmultiple: false,\n\tpickup: 'any',\n\tbroadcast: 'auto')~> LookupExamType\nLookupExamType, SelectCarrsRefValueExamStatus lookup(EXAM_STATUS_ID == RV_ID,\n\tmultiple: false,\n\tpickup: 'any',\n\tbroadcast: 'auto')~> LookupReference\nFilter1 derive(UPDATED_USER = 'CARRS',\n\t\tUPDATED_DATE = currentUTC(),\n\t\tEXAM_REQ_STATUS = iif(lower(EXAM_STATUS_HISTORY) == 'cancelled', 'Cancelled', EXAM_STATUS_HISTORY),\n\t\tEXAM_REPORT_STATUS = iif(lower(EXAM_STATUS_HISTORY) == 'cancelled', toString(null()), Carrs_Exam_Status),\n\t\tExamReqStatusType = 'ERS',\n\t\tExamReportStatusType = 'ERP') ~> DerivedColumn\nLookupExamGroup select(mapColumn(\n\t\tEXAM_ID,\n\t\tASSET_GUID = Exam_Asset_GUID,\n\t\tEXAM_GROUP_SR_KEY,\n\t\tEXAM_BASELINE_DATE = EXAM_DUE_DATE,\n\t\tEXAM_PLANNED_DATE = EXAM_DUE_DATE,\n\t\tEXAM_ACTUAL_DATE,\n\t\tENTERED_DATE,\n\t\tEXAM_SUBMISSION_DATE = ENTERED_DATE,\n\t\tEXAM_REVIEW_DATE,\n\t\tEXAM_SIGNOFF_DATE = SIGNED_OFF_DATE,\n\t\tINTERNAL_NOTES = NR_INTERNAL_NOTE_TEXT,\n\t\tCOMMENT_TO_SEC = COMMENTS_TO_SEC_TEXT,\n\t\tEXAM_TYPE_SR_KEY,\n\t\tEXAM_REQ_STATUS = REF_VAL_SR_KEY_EXAM_REQUEST_STATUS,\n\t\tEXAM_REPORT_STATUS = REF_VAL_SR_KEY,\n\t\tEXAM_COMPLETED_IND = EXAM_COMPLETE_IND,\n\t\tEXAMINER_NAME,\n\t\tEXAMINER_COMMENT,\n\t\tREVIEWER_NAME,\n\t\tREVIEWER_COMMENT,\n\t\tSUPPLIER_SR_KEY,\n\t\tSUPPLIER_REPORT_FILENAME = EXAM_SUMMARY_DOC_LINK_URL,\n\t\tCMI_SCORE = LATEST_SCMI_SCORE_VAL,\n\t\tCMI_DATE = LATEST_SCMI_SCORE_DATE,\n\t\tSTRUC_DESCRIPTION = REPORT_STRUCT_DESC,\n\t\tAT_OR_BETWEEN_STATIONS = AT_BETWEEN_STATION_TEXT,\n\t\tSPAN_TEXT = REPORT_SPAN_TEXT,\n\t\tUPDATED_USER,\n\t\tUPDATED_DATE,\n\t\tDELETED_FLG,\n\t\tEXAM_REQUIREMENT = SPECIFIC_EXAM_REQUIREMENTS\n\t),\n\tskipDuplicateMapInputs: false,\n\tskipDuplicateMapOutputs: false) ~> SelectFinalData\nDerivedColumn, SelectCESReferenceExamRequestStatus lookup(lower(EXAM_REQ_STATUS) == lower(REF_VALUE_EXAM_REQUEST_STATUS)\n\t&& ExamReqStatusType == REF_TYP_CODE_EXAM_REQUEST_STATUS,\n\tmultiple: false,\n\tpickup: 'any',\n\tbroadcast: 'auto')~> LookupViewReferenceValue\nViewReferenceTypeValue select(mapColumn(\n\t\tREF_TYP_CODE_EXAM_REQUEST_STATUS = REF_TYP_CODE,\n\t\tREF_VAL_SR_KEY_EXAM_REQUEST_STATUS = REF_VAL_SR_KEY,\n\t\tREF_VALUE_EXAM_REQUEST_STATUS = REF_VALUE\n\t),\n\tskipDuplicateMapInputs: true,\n\tskipDuplicateMapOutputs: true) ~> SelectCESReferenceExamRequestStatus\nSelectFinalData split(!(isNull(ASSET_GUID) || isNull(EXAM_REQ_STATUS)),\n\tdisjoint: false) ~> ConditionalSplit1@(ValidElementGuid, GUIDError)\nConditionalSplit1@GUIDError derive(ErrorDesc = 'CAI_GUID is Null, Exam Request Status is Null') ~> DerivedColumnGuidError\nCarrsExamimation, SelectCESExam join(EXAM_ID == CES_EXAM_ID\n\t&& CAI_GUID == Exam_Asset_GUID,\n\tjoinType:'left',\n\tbroadcast: 'auto')~> JoinCESExam\nJoinCESExam filter(!isNull(CES_EXAM_ID)) ~> FilterUpdateRecords\nLookUpReportStatus, CESSupplier lookup(lower(ORG_NAME) == lower(SUPPLIER_NAME),\n\tmultiple: false,\n\tpickup: 'any',\n\tbroadcast: 'auto')~> LookupSuppliers\nLookup1 select(mapColumn(\n\t\tCES_EXAM_ID,\n\t\tCES_EXAM_REPORT_STATUS_TYPE = REF_TYP_CODE,\n\t\tCES_EXAM_REPORT_STATUS_VALUE = REF_TYP_NAME,\n\t\tExam_Asset_GUID,\n\t\tCES_EXAM_REQ_STATUS_SR_KEY = CES_EXAM_REQ_STATUS,\n\t\tCES_EXAM_REQUEST_STATUS_TYPE = REF_TYP_CODE_EXAM_REQUEST_STATUS,\n\t\tCES_EXAM_REQUEST_STATUS_VALUE = REF_VALUE_EXAM_REQUEST_STATUS,\n\t\tCES_EXAM_REPORT_STATUS_SR_KEY = CES_EXAM_REPORT_STATUS\n\t),\n\tskipDuplicateMapInputs: true,\n\tskipDuplicateMapOutputs: true) ~> SelectCESExam\nCESExam, SelectCESReferenceExamRequestStatus lookup(CES_EXAM_REQ_STATUS == REF_VAL_SR_KEY_EXAM_REQUEST_STATUS,\n\tmultiple: false,\n\tpickup: 'any',\n\tbroadcast: 'auto')~> LookupREf\nLookupReference filter(!(lower(EXAM_STATUS_HISTORY) == 'in progress' && lower(Carrs_Exam_Status) == 'received') || !(lower(EXAM_STATUS_HISTORY) == 'planned' || lower(EXAM_STATUS_HISTORY) == 'scheduled' || lower(EXAM_STATUS_HISTORY) == 'requested')) ~> Filter1\nLookupREf, ViewReferenceTypeValue lookup(CES_EXAM_REPORT_STATUS == REF_TYP_SR_KEY,\n\tmultiple: false,\n\tpickup: 'any',\n\tbroadcast: 'auto')~> Lookup1\nLookupViewReferenceValue, ViewReferenceTypeValue lookup(lower(Carrs_Exam_Status) == lower(REF_VALUE)\n\t&& ExamReportStatusType == REF_TYP_CODE,\n\tmultiple: false,\n\tpickup: 'any',\n\tbroadcast: 'auto')~> LookUpReportStatus\nLookupSuppliers, CESExamGroup lookup(EXAM_GROUP_ID == CARRS_EXAM_GROUP_ID,\n\tmultiple: false,\n\tpickup: 'any',\n\tbroadcast: 'auto')~> LookupExamGroup\nConditionalSplit1@ValidElementGuid select(mapColumn(\n\t\tEXAM_ID,\n\t\tASSET_GUID,\n\t\tEXAM_GROUP_SR_KEY,\n\t\tEXAM_REVIEW_DATE,\n\t\tEXAM_SIGNOFF_DATE,\n\t\tEXAM_REQ_STATUS,\n\t\tEXAM_REPORT_STATUS,\n\t\tEXAM_REQUIREMENT,\n\t\tEXAM_TYPE_SR_KEY,\n\t\tEXAM_BASELINE_DATE,\n\t\tDELETED_FLG\n\t),\n\tskipDuplicateMapInputs: true,\n\tskipDuplicateMapOutputs: true) ~> Select1\nSelect1 sink(allowSchemaDrift: true,\n\tvalidateSchema: false,\n\tformat: 'parquet',\n\tpartitionFileNames:[($CuratedFileName)],\n\tumask: 0022,\n\tskipDuplicateMapInputs: true,\n\tskipDuplicateMapOutputs: true,\n\tpartitionBy('hash', 1)) ~> SinkDQCurated\nDerivedColumnGuidError sink(allowSchemaDrift: true,\n\tvalidateSchema: false,\n\tpartitionFileNames:[($CuratedErrorFileName)],\n\tumask: 0022,\n\tskipDuplicateMapInputs: true,\n\tskipDuplicateMapOutputs: true,\n\tpartitionBy('hash', 1)) ~> sinkError"
		}
	}
}