{
	"name": "dataflow_ces_ALARM_Migration_Stg_Raw",
	"properties": {
		"folder": {
			"name": "ALARM/Defect/Migration"
		},
		"type": "MappingDataFlow",
		"typeProperties": {
			"sources": [
				{
					"dataset": {
						"referenceName": "ds_adlsgen2_alarm_stagefiles",
						"type": "DatasetReference"
					},
					"name": "stagefile"
				}
			],
			"sinks": [
				{
					"dataset": {
						"referenceName": "ds_adlsgen2_alarm_Raw_parquet",
						"type": "DatasetReference"
					},
					"name": "sinkRawfiles"
				}
			],
			"transformations": [
				{
					"name": "AppliedTrimnull"
				},
				{
					"name": "Selectcolumns"
				}
			],
			"script": "parameters{\n\tSinkfilename as string\n}\nsource(output(\n\t\tCarrsAssetUID as string,\n\t\t{NR Route} as string,\n\t\tELR as string,\n\t\t{Structure No} as string,\n\t\tMiles as short,\n\t\tChains as double,\n\t\tYards as short,\n\t\t{Struc. Type} as string,\n\t\t{Defect Index} as short,\n\t\t{Exam Date} as date,\n\t\t{Risk Score} as string,\n\t\tDescription as string,\n\t\tLocation as string,\n\t\t{Exam Type} as string,\n\t\tDeterioration as string,\n\t\t{Access gained} as string,\n\t\t{Access reqd} as string,\n\t\tRepaired as string,\n\t\t{Is Closed} as string\n\t),\n\tallowSchemaDrift: true,\n\tvalidateSchema: false,\n\tignoreNoFilesFound: false) ~> stagefile\nstagefile derive(CarrsAssetUID = upper(trim(CarrsAssetUID)),\n\t\tNR_Route = trim({NR Route}),\n\t\tELR = trim(ELR),\n\t\tStructure_No = {Structure No},\n\t\tMiles = Miles,\n\t\tChains = Chains,\n\t\tYards = Yards,\n\t\tStruc_type = trim({Struc. Type}),\n\t\tDefect_Index = {Defect Index},\n\t\tExam_Date = {Exam Date},\n\t\tRisk_Score = trim(replace({Risk Score},'+','')),\n\t\tDescription = trim(Description),\n\t\tLocation = trim(Location),\n\t\tExam_Type = trim({Exam Type}),\n\t\tDeterioration = trim(Deterioration),\n\t\tAccess_Gained = trim({Access gained}),\n\t\tAccess_reqd = trim({Access reqd}),\n\t\tRepaired = trim(Repaired),\n\t\tIs_closed = {Is Closed}) ~> AppliedTrimnull\nAppliedTrimnull select(mapColumn(\n\t\tCarrsAssetUID,\n\t\tNR_Route,\n\t\tELR,\n\t\tStructure_No,\n\t\tMiles,\n\t\tChains,\n\t\tYards,\n\t\tStruc_type,\n\t\tDefect_Index,\n\t\tExam_Date,\n\t\tRisk_Score,\n\t\tDescription,\n\t\tLocation,\n\t\tExam_Type,\n\t\tDeterioration,\n\t\tAccess_Gained,\n\t\tAccess_reqd,\n\t\tRepaired,\n\t\tIs_closed\n\t),\n\tskipDuplicateMapInputs: true,\n\tskipDuplicateMapOutputs: true) ~> Selectcolumns\nSelectcolumns sink(allowSchemaDrift: true,\n\tvalidateSchema: false,\n\tformat: 'parquet',\n\tpartitionFileNames:[(concat('ALARM_',$Sinkfilename,'_',toString(currentUTC(),'yyyyMMdd'),'.parquet'))],\n\tumask: 0022,\n\tskipDuplicateMapInputs: true,\n\tskipDuplicateMapOutputs: true,\n\tmapColumn(\n\t\tCarrsAssetUID,\n\t\tNR_Route,\n\t\tELR,\n\t\tStructure_No,\n\t\tMiles,\n\t\tChains,\n\t\tYards,\n\t\tStruc_type,\n\t\tDefect_Index,\n\t\tExam_Date,\n\t\tRisk_Score,\n\t\tDescription,\n\t\tLocation,\n\t\tExam_Type,\n\t\tDeterioration,\n\t\tAccess_Gained,\n\t\tAccess_reqd,\n\t\tRepaired,\n\t\tIs_closed\n\t),\n\tpartitionBy('hash', 1)) ~> sinkRawfiles"
		}
	}
}