{
	"name": "dataflow_ces_Exam_Group_Migration_Transformation",
	"properties": {
		"folder": {
			"name": "CARRS/Exam_Group"
		},
		"type": "MappingDataFlow",
		"typeProperties": {
			"sources": [
				{
					"dataset": {
						"referenceName": "ds_adlsgen2_Common_parquet",
						"type": "DatasetReference"
					},
					"name": "sourceExamGroup"
				},
				{
					"dataset": {
						"referenceName": "ds_adlsgen2_Common_parquet",
						"type": "DatasetReference"
					},
					"name": "sourceElement"
				},
				{
					"dataset": {
						"referenceName": "ds_SQL_common_query",
						"type": "DatasetReference"
					},
					"name": "sourceCesAsset"
				}
			],
			"sinks": [
				{
					"dataset": {
						"referenceName": "ds_adlsgen2_Insert_Parquet",
						"type": "DatasetReference"
					},
					"name": "sinkcesExamGroup"
				},
				{
					"dataset": {
						"referenceName": "ds_adlsgen2_common_sink_csv",
						"type": "DatasetReference"
					},
					"name": "sinkError"
				}
			],
			"transformations": [
				{
					"name": "JoinForElementID"
				},
				{
					"name": "SelectColumns"
				},
				{
					"name": "DerivedColumn"
				},
				{
					"name": "FilterStartDate"
				},
				{
					"name": "JoinAssetGUID"
				},
				{
					"name": "ConditionalSplit1"
				},
				{
					"name": "SelectErrorColumns"
				},
				{
					"name": "DerivedErrorMsgColumn"
				},
				{
					"name": "SelectElement"
				}
			],
			"script": "source(output(\n\t\tEXAM_GROUP_ID as decimal(9,0),\n\t\tLOC_AT_ELEMENT_ID as decimal(9,0),\n\t\tEXAM_GROUP_SUFFIX_TEXT as string,\n\t\tSTART_DATE as date,\n\t\tEND_DATE as date,\n\t\tMODIFIED_DATE as timestamp,\n\t\tMODIFIED_BY_USER_ID as string,\n\t\tROW_VER as decimal(9,0),\n\t\tDELETED_FLG as string,\n\t\tTERRITORY_ID as decimal(9,0),\n\t\tRBE_COMMENTS as string,\n\t\tADJ_RISK_LEVEL_ID as decimal(9,0),\n\t\tADJ_COMPLIANCE_PERIOD_DAY as decimal(3,0),\n\t\tADJ_COMPLIANCE_PERIOD_MONTH as decimal(3,0),\n\t\tADJ_COMPLIANCE_PERIOD_YEAR as decimal(3,0)\n\t),\n\tallowSchemaDrift: true,\n\tvalidateSchema: false,\n\tignoreNoFilesFound: false,\n\tformat: 'parquet') ~> sourceExamGroup\nsource(output(\n\t\tELEMENT_ID as decimal(22,0),\n\t\tCAI_GUID as string,\n\t\tPARENT_ELEMENT_ID as decimal(22,0),\n\t\tELEMENT_NAME as string,\n\t\tSTART_OS_REF as string,\n\t\tEND_OS_REF as string,\n\t\tNR_LIABILITY_TEXT as string,\n\t\tSENSITIVE_FLG as string,\n\t\tSENSITIVE_REASON_TEXT as string,\n\t\tLISTED_FLG as string,\n\t\tCONSTR_DETAIL_TEXT as string,\n\t\tMATERIAL_ID as decimal(22,0),\n\t\tROUTE_TYPE_ID as decimal(22,0),\n\t\tAGG_TRACK_CAT_ID as decimal(22,0),\n\t\tROUTE_POLICY_REF_FLG as string,\n\t\tSTRUCT_POLICY_REF_FLG as string,\n\t\tRAILWAY_TYPE_ID as decimal(22,0),\n\t\tTRAIN_SERVICE_ID as decimal(22,0),\n\t\tROAD_NUM_TEXT as string,\n\t\tRIGHT_OF_WAY_ID as decimal(22,0),\n\t\tLISTING_TYPE_ID as decimal(22,0),\n\t\tLISTING_COUNTY_ID as decimal(22,0),\n\t\tLISTING_DISTRICT_ID as decimal(22,0),\n\t\tLISTING_DESIGNATED_DATE as date,\n\t\tLISTING_REMARKS_TEXT as string,\n\t\tCONSTR_YEAR_NUM as decimal(22,0),\n\t\tELEMENT_LENGTH_TEXT as string,\n\t\tELEMENT_DEPTH_TEXT as string,\n\t\tELEMENT_WIDTH_TEXT as string,\n\t\tIRRIG_CONTACT_NAME as string,\n\t\tRECONSTR_YEAR_NUM as decimal(22,0),\n\t\tLAT_POS_ID as decimal(22,0),\n\t\tELEMENT_TYPE_ID as decimal(22,0),\n\t\tOP_STATUS_ID as decimal(22,0),\n\t\tAREA_ID as decimal(22,0),\n\t\tMODIFIED_DATE as timestamp,\n\t\tMODIFIED_BY_USER_ID as string,\n\t\tROW_VER as decimal(22,0),\n\t\tLATEST_SCMI_SCORE_VAL as decimal(22,0),\n\t\tNOTE_TEXT as string,\n\t\tIDENT_TRACK_ID as string,\n\t\tDELETED_FLG as string,\n\t\tTERRITORY_ID as decimal(22,0),\n\t\tMAJ_STRUCT_FLG as string,\n\t\tLATEST_SCMI_SCORE_DATE as date,\n\t\tCALCULATED_PERIOD as decimal(22,0),\n\t\tCALCULATED_PERIOD_DAY as decimal(22,0),\n\t\tCALCULATED_PERIOD_MONTH as decimal(22,0),\n\t\tCALCULATED_PERIOD_YEAR as decimal(22,0),\n\t\tCALCULATED_RISK_LEVEL_ID as decimal(22,0),\n\t\tCAPABILITY_ID as decimal(22,0),\n\t\tPERIOD_DAY as decimal(22,0),\n\t\tPERIOD_MONTH as decimal(22,0),\n\t\tPERIOD_YEAR as decimal(22,0),\n\t\tRISK_CODE_ID as decimal(22,0),\n\t\tRISK_LEVEL_ID as decimal(22,0),\n\t\tSECONDARY_MATERIAL_ID as decimal(22,0),\n\t\tSTRUC_FORM_ID as decimal(22,0),\n\t\tOUTSIDE_PARTY_ID as decimal(22,0),\n\t\tCOST_RECOVERABLE as string,\n\t\tANNUAL_MAINT_RENEWAL_CHARGE as string\n\t),\n\tallowSchemaDrift: true,\n\tvalidateSchema: false,\n\tignoreNoFilesFound: false,\n\tformat: 'parquet') ~> sourceElement\nsource(output(\n\t\tASSET_GUID as string\n\t),\n\tallowSchemaDrift: true,\n\tvalidateSchema: false,\n\tisolationLevel: 'READ_UNCOMMITTED',\n\tquery: 'select ASSET_GUID from ces.asset',\n\tformat: 'query') ~> sourceCesAsset\nFilterStartDate, SelectElement join(LOC_AT_ELEMENT_ID == ELEMENT_ID,\n\tjoinType:'left',\n\tbroadcast: 'auto')~> JoinForElementID\nConditionalSplit1@AssetIDinCES select(mapColumn(\n\t\tCARRS_EXAM_GROUP_ID = EXAM_GROUP_ID,\n\t\tLOC_AT_ASSET_GUID = CAI_GUID,\n\t\tSTART_DATE,\n\t\tEND_DATE,\n\t\tDELETED_FLG,\n\t\tCREATED_USER,\n\t\tCREATED_DATE\n\t),\n\tskipDuplicateMapInputs: true,\n\tskipDuplicateMapOutputs: true) ~> SelectColumns\nJoinForElementID derive(CREATED_DATE = currentUTC(),\n\t\tCREATED_USER = 'CARRS') ~> DerivedColumn\nsourceExamGroup filter(!isNull(START_DATE)) ~> FilterStartDate\nDerivedColumn, sourceCesAsset join(CAI_GUID == ASSET_GUID,\n\tjoinType:'left',\n\tbroadcast: 'auto')~> JoinAssetGUID\nJoinAssetGUID split(!isNull(ASSET_GUID),\n\tdisjoint: false) ~> ConditionalSplit1@(AssetIDinCES, AssetIDnotinCES)\nConditionalSplit1@AssetIDnotinCES select(mapColumn(\n\t\tCARRS_EXAM_GROUP_ID = EXAM_GROUP_ID,\n\t\tSTART_DATE,\n\t\tEND_DATE,\n\t\tLOC_AT_ASSET_GUID = CAI_GUID,\n\t\tCREATED_DATE,\n\t\tCREATED_USER\n\t),\n\tskipDuplicateMapInputs: true,\n\tskipDuplicateMapOutputs: true) ~> SelectErrorColumns\nSelectErrorColumns derive(ErrorDesc = 'Asset_Guid is not present in CES.Asset') ~> DerivedErrorMsgColumn\nsourceElement select(mapColumn(\n\t\tELEMENT_ID,\n\t\tCAI_GUID\n\t),\n\tskipDuplicateMapInputs: true,\n\tskipDuplicateMapOutputs: true) ~> SelectElement\nSelectColumns sink(allowSchemaDrift: true,\n\tvalidateSchema: false,\n\tformat: 'parquet',\n\tpartitionFileNames:[(concat('CES_Exam_Group_',toString(currentUTC(),'yyyyMMdd'),'.parquet'))],\n\tpartitionBy('hash', 1),\n\tskipDuplicateMapInputs: true,\n\tskipDuplicateMapOutputs: true) ~> sinkcesExamGroup\nDerivedErrorMsgColumn sink(allowSchemaDrift: true,\n\tvalidateSchema: false,\n\tpartitionFileNames:[(concat('CES_Exam_Group_Error_',toString(currentUTC(),'yyyyMMdd'),'.csv'))],\n\tpartitionBy('hash', 1),\n\tskipDuplicateMapInputs: true,\n\tskipDuplicateMapOutputs: true) ~> sinkError"
		}
	}
}