{
	"name": "dataflow_ces_Compliance_Migration_Transform",
	"properties": {
		"folder": {
			"name": "CARRS/Compliance"
		},
		"type": "MappingDataFlow",
		"typeProperties": {
			"sources": [
				{
					"dataset": {
						"referenceName": "ds_adlsgen2_Common_parquet",
						"type": "DatasetReference"
					},
					"name": "CarrsElementExamTypeCompliance"
				},
				{
					"dataset": {
						"referenceName": "ds_adlsgen2_Common_parquet",
						"type": "DatasetReference"
					},
					"name": "CarrsElementExamType"
				},
				{
					"dataset": {
						"referenceName": "ds_adlsgen2_Common_parquet",
						"type": "DatasetReference"
					},
					"name": "CarrsElement"
				},
				{
					"dataset": {
						"referenceName": "ds_adlsgen2_Common_parquet",
						"type": "DatasetReference"
					},
					"name": "CarrsExamType"
				},
				{
					"dataset": {
						"referenceName": "ds_SQL_common_query",
						"type": "DatasetReference"
					},
					"name": "CESExamType"
				},
				{
					"dataset": {
						"referenceName": "ds_SQL_common_query",
						"type": "DatasetReference"
					},
					"name": "CESAsset"
				}
			],
			"sinks": [
				{
					"dataset": {
						"referenceName": "ds_adlsgen2_Insert_Parquet",
						"type": "DatasetReference"
					},
					"name": "SinkDQCurated"
				},
				{
					"dataset": {
						"referenceName": "ds_adlsgen2_common_sink_csv",
						"type": "DatasetReference"
					},
					"name": "SinkError"
				}
			],
			"transformations": [
				{
					"name": "JoinElementExamType"
				},
				{
					"name": "SelectFinalData"
				},
				{
					"name": "JoinCarrsElement"
				},
				{
					"name": "LookupExamType"
				},
				{
					"name": "Join3"
				},
				{
					"name": "ExamType"
				},
				{
					"name": "ConditionalSplit1"
				},
				{
					"name": "DerivedColumnErrorMessgae"
				},
				{
					"name": "DerivedColumn"
				},
				{
					"name": "LookupCesAsset"
				},
				{
					"name": "ExamDateNullFilter"
				},
				{
					"name": "DistinctRecords"
				}
			],
			"script": "parameters{\n\tCuratedFileName as string,\n\tCuratedErrorFileName as string\n}\nsource(output(\n\t\tELEMENT_EXAM_TYPE_ID as decimal(9,0),\n\t\tCOMPLIANCE_REQUIRE_DATE as date,\n\t\tEXAM_DATE as string,\n\t\tMODIFIED_DATE as date,\n\t\tMODIFIED_BY_USER_ID as string,\n\t\tROW_VER as decimal(18,0),\n\t\tDELETED_FLG as string,\n\t\tEETC_ID as string\n\t),\n\tallowSchemaDrift: true,\n\tvalidateSchema: false,\n\tignoreNoFilesFound: false,\n\tformat: 'parquet') ~> CarrsElementExamTypeCompliance\nsource(output(\n\t\tELEMENT_EXAM_TYPE_ID as decimal(9,0),\n\t\tCOMPLIANCE_EXAM_TYPE_ID as decimal(9,0),\n\t\tCOMPLIANCE_RULE_ID as decimal(9,0),\n\t\tLAST_EXAM_DATE as date,\n\t\tEFF_FROM_DATE as date,\n\t\tEFF_TO_DATE as date,\n\t\tSPEC_EXAM_REQUIRE_TEXT as string,\n\t\tMODIFIED_DATE as date,\n\t\tMODIFIED_BY_USER_ID as string,\n\t\tROW_VER as decimal(9,0),\n\t\tDELETED_FLG as string,\n\t\tINTERVAL_DAYS as decimal(3,0),\n\t\tINTERVAL_MONTHS as decimal(3,0),\n\t\tINTERVAL_YEARS as decimal(3,0),\n\t\tELEMENT_ID as decimal(9,0),\n\t\tEXAM_CONTRACTOR_ID as decimal(9,0)\n\t),\n\tallowSchemaDrift: true,\n\tvalidateSchema: false,\n\tignoreNoFilesFound: false,\n\tformat: 'parquet') ~> CarrsElementExamType\nsource(output(\n\t\tELEMENT_ID as decimal(22,0),\n\t\tCAI_GUID as string,\n\t\tPARENT_ELEMENT_ID as decimal(22,0),\n\t\tELEMENT_NAME as string,\n\t\tSTART_OS_REF as string,\n\t\tEND_OS_REF as string,\n\t\tNR_LIABILITY_TEXT as string,\n\t\tSENSITIVE_FLG as string,\n\t\tSENSITIVE_REASON_TEXT as string,\n\t\tLISTED_FLG as string,\n\t\tCONSTR_DETAIL_TEXT as string,\n\t\tMATERIAL_ID as decimal(22,0),\n\t\tROUTE_TYPE_ID as decimal(22,0),\n\t\tAGG_TRACK_CAT_ID as decimal(22,0),\n\t\tROUTE_POLICY_REF_FLG as string,\n\t\tSTRUCT_POLICY_REF_FLG as string,\n\t\tRAILWAY_TYPE_ID as decimal(22,0),\n\t\tTRAIN_SERVICE_ID as decimal(22,0),\n\t\tROAD_NUM_TEXT as string,\n\t\tRIGHT_OF_WAY_ID as decimal(22,0),\n\t\tLISTING_TYPE_ID as decimal(22,0),\n\t\tLISTING_COUNTY_ID as decimal(22,0),\n\t\tLISTING_DISTRICT_ID as decimal(22,0),\n\t\tLISTING_DESIGNATED_DATE as date,\n\t\tLISTING_REMARKS_TEXT as string,\n\t\tCONSTR_YEAR_NUM as decimal(22,0),\n\t\tELEMENT_LENGTH_TEXT as string,\n\t\tELEMENT_DEPTH_TEXT as string,\n\t\tELEMENT_WIDTH_TEXT as string,\n\t\tIRRIG_CONTACT_NAME as string,\n\t\tRECONSTR_YEAR_NUM as decimal(22,0),\n\t\tLAT_POS_ID as decimal(22,0),\n\t\tELEMENT_TYPE_ID as decimal(22,0),\n\t\tOP_STATUS_ID as decimal(22,0),\n\t\tAREA_ID as decimal(22,0),\n\t\tMODIFIED_DATE as date,\n\t\tMODIFIED_BY_USER_ID as string,\n\t\tROW_VER as decimal(22,0),\n\t\tLATEST_SCMI_SCORE_VAL as decimal(22,0),\n\t\tNOTE_TEXT as string,\n\t\tIDENT_TRACK_ID as string,\n\t\tDELETED_FLG as string,\n\t\tTERRITORY_ID as decimal(22,0),\n\t\tMAJ_STRUCT_FLG as string,\n\t\tLATEST_SCMI_SCORE_DATE as date,\n\t\tCALCULATED_PERIOD as decimal(22,0),\n\t\tCALCULATED_PERIOD_DAY as decimal(22,0),\n\t\tCALCULATED_PERIOD_MONTH as decimal(22,0),\n\t\tCALCULATED_PERIOD_YEAR as decimal(22,0),\n\t\tCALCULATED_RISK_LEVEL_ID as decimal(22,0),\n\t\tCAPABILITY_ID as decimal(22,0),\n\t\tPERIOD_DAY as decimal(22,0),\n\t\tPERIOD_MONTH as decimal(22,0),\n\t\tPERIOD_YEAR as decimal(22,0),\n\t\tRISK_CODE_ID as decimal(22,0),\n\t\tRISK_LEVEL_ID as decimal(22,0),\n\t\tSECONDARY_MATERIAL_ID as decimal(22,0),\n\t\tSTRUC_FORM_ID as decimal(22,0),\n\t\tOUTSIDE_PARTY_ID as decimal(22,0),\n\t\tCOST_RECOVERABLE as string,\n\t\tANNUAL_MAINT_RENEWAL_CHARGE as string\n\t),\n\tallowSchemaDrift: true,\n\tvalidateSchema: false,\n\tignoreNoFilesFound: false,\n\tformat: 'parquet') ~> CarrsElement\nsource(output(\n\t\tEXAM_TYPE_DESC as string,\n\t\tMODIFIED_BY_USER_ID as string,\n\t\tMODIFIED_DATE as date,\n\t\tEXAM_TYPE_ID as decimal(9,0),\n\t\tCOMPLIANCE_EXAM_TYPE_ID as decimal(9,0),\n\t\tREPORT_DELIVERY_DAY_QTY as decimal(3,0),\n\t\tROW_VER as decimal(9,0),\n\t\tDELETED_FLG as string,\n\t\tCYCLIC_EXAM_TYPE_FLG as string\n\t),\n\tallowSchemaDrift: true,\n\tvalidateSchema: false,\n\tignoreNoFilesFound: false,\n\tformat: 'parquet') ~> CarrsExamType\nsource(output(\n\t\tEXAM_TYPE_SR_KEY as decimal(18,0),\n\t\tEXAM_TYPE as string\n\t),\n\tallowSchemaDrift: true,\n\tvalidateSchema: false,\n\tisolationLevel: 'READ_UNCOMMITTED',\n\tquery: 'Select EXAM_TYPE_SR_KEY, EXAM_TYPE from CES.Exam_TYPE',\n\tformat: 'query') ~> CESExamType\nsource(output(\n\t\tCES_ASSET_GUID as string\n\t),\n\tallowSchemaDrift: true,\n\tvalidateSchema: false,\n\tisolationLevel: 'READ_UNCOMMITTED',\n\tquery: 'Select ASSET_GUID as CES_ASSET_GUID from CES.Asset',\n\tformat: 'query') ~> CESAsset\nExamDateNullFilter, CarrsElementExamType join(CarrsElementExamTypeCompliance@ELEMENT_EXAM_TYPE_ID == CarrsElementExamType@ELEMENT_EXAM_TYPE_ID,\n\tjoinType:'inner',\n\tbroadcast: 'auto')~> JoinElementExamType\nDerivedColumn select(mapColumn(\n\t\tCAI_GUID,\n\t\tEXAM_TYPE_SR_KEY,\n\t\tCOMPLIANCE_REQUIRE_DATE,\n\t\tEFF_FROM_DATE,\n\t\tEFF_TO_DATE,\n\t\tELEMENT_EXAM_TYPE_ID = CarrsElementExamTypeCompliance@ELEMENT_EXAM_TYPE_ID,\n\t\tCREATED_USER,\n\t\tCREATED_DATE,\n\t\tINTERVAL_DAYS,\n\t\tINTERVAL_MONTHS,\n\t\tINTERVAL_YEARS\n\t),\n\tskipDuplicateMapInputs: true,\n\tskipDuplicateMapOutputs: true) ~> SelectFinalData\nJoinElementExamType, CarrsElement join(CarrsElementExamType@ELEMENT_ID == CarrsElement@ELEMENT_ID,\n\tjoinType:'left',\n\tbroadcast: 'auto')~> JoinCarrsElement\nJoinCarrsElement, ExamType lookup(CarrsElementExamType@COMPLIANCE_EXAM_TYPE_ID == ExamType@COMPLIANCE_EXAM_TYPE_ID,\n\tmultiple: false,\n\tpickup: 'any',\n\tbroadcast: 'auto')~> LookupExamType\nCarrsExamType, CESExamType join(lower(EXAM_TYPE_DESC) == lower(EXAM_TYPE),\n\tjoinType:'inner',\n\tbroadcast: 'auto')~> Join3\nJoin3 select(mapColumn(\n\t\tCOMPLIANCE_EXAM_TYPE_ID,\n\t\tEXAM_TYPE_SR_KEY\n\t),\n\tskipDuplicateMapInputs: true,\n\tskipDuplicateMapOutputs: true) ~> ExamType\nLookupCesAsset split(!(isNull(CES_ASSET_GUID) || isNull(EXAM_TYPE_SR_KEY) || isNull(EFF_FROM_DATE)),\n\tdisjoint: false) ~> ConditionalSplit1@(ValidRows, InvalidRows)\nConditionalSplit1@InvalidRows derive(ErrorDesc = rtrim(\r\n        concat(\r\n            iif(isNull(CES_ASSET_GUID), 'ASSET_GUID is NULL/Not found in CES, ',''), \r\n            iif(isNull(EXAM_TYPE_SR_KEY), 'Compliance Exam Type is NULL/Not Found in CES, ',''),\r\n            iif(isNull(EFF_FROM_DATE), 'EFF_FROM_DATE is NULL, ','')                   \r\n), ', ')) ~> DerivedColumnErrorMessgae\nLookupExamType derive(CREATED_DATE = currentUTC(),\n\t\tCREATED_USER = 'CARRS') ~> DerivedColumn\nSelectFinalData, CESAsset lookup(CAI_GUID == CES_ASSET_GUID,\n\tmultiple: false,\n\tpickup: 'any',\n\tbroadcast: 'auto')~> LookupCesAsset\nCarrsElementExamTypeCompliance filter(isNull(EXAM_DATE)) ~> ExamDateNullFilter\nConditionalSplit1@ValidRows aggregate(groupBy(CAI_GUID,\n\t\tEXAM_TYPE_SR_KEY,\n\t\tCOMPLIANCE_REQUIRE_DATE,\n\t\tEFF_FROM_DATE),\n\teach(match(name!='CAI_GUID'&&name!='COMPLIANCE_REQUIRE_DATE'&&name!='EXAM_TYPE_SR_KEY'&&name!='EFF_FROM_DATE'), $$ = first($$))) ~> DistinctRecords\nDistinctRecords sink(allowSchemaDrift: true,\n\tvalidateSchema: false,\n\tformat: 'parquet',\n\tpartitionFileNames:[($CuratedFileName)],\n\tumask: 0022,\n\tskipDuplicateMapInputs: true,\n\tskipDuplicateMapOutputs: true,\n\tmapColumn(\n\t\tCAI_GUID,\n\t\tEXAM_TYPE_SR_KEY,\n\t\tCOMPLIANCE_REQUIRE_DATE,\n\t\tEFF_FROM_DATE,\n\t\tEFF_TO_DATE,\n\t\tELEMENT_EXAM_TYPE_ID,\n\t\tCREATED_USER,\n\t\tCREATED_DATE,\n\t\tINTERVAL_DAYS,\n\t\tINTERVAL_MONTHS,\n\t\tINTERVAL_YEARS,\n\t\tCES_ASSET_GUID\n\t),\n\tpartitionBy('hash', 1)) ~> SinkDQCurated\nDerivedColumnErrorMessgae sink(allowSchemaDrift: true,\n\tvalidateSchema: false,\n\tpartitionFileNames:[($CuratedErrorFileName)],\n\tumask: 0022,\n\tskipDuplicateMapInputs: true,\n\tskipDuplicateMapOutputs: true,\n\tmapColumn(\n\t\tCAI_GUID,\n\t\tEXAM_TYPE_SR_KEY,\n\t\tCOMPLIANCE_REQUIRE_DATE,\n\t\tEFF_FROM_DATE,\n\t\tEFF_TO_DATE,\n\t\tELEMENT_EXAM_TYPE_ID,\n\t\tINTERVAL_YEARS,\n\t\tINTERVAL_MONTHS,\n\t\tINTERVAL_DAYS,\n\t\tErrorDesc\n\t),\n\tpartitionBy('hash', 1)) ~> SinkError"
		}
	}
}