{
	"name": "dataflow_ces_Action_migration",
	"properties": {
		"folder": {
			"name": "CARRS/Action"
		},
		"type": "MappingDataFlow",
		"typeProperties": {
			"sources": [
				{
					"dataset": {
						"referenceName": "ds_adlsgen2_Common_parquet",
						"type": "DatasetReference"
					},
					"name": "CarrsReference"
				},
				{
					"dataset": {
						"referenceName": "ds_SQL_common_query",
						"type": "DatasetReference"
					},
					"name": "CESvwRef"
				},
				{
					"dataset": {
						"referenceName": "ds_adlsgen2_Common_parquet",
						"type": "DatasetReference"
					},
					"name": "CarrsAction"
				},
				{
					"dataset": {
						"referenceName": "ds_SQL_common_query",
						"type": "DatasetReference"
					},
					"name": "CesRecommendation"
				}
			],
			"sinks": [
				{
					"dataset": {
						"referenceName": "ds_adlsgen2_Insert_Parquet",
						"type": "DatasetReference"
					},
					"name": "SinkDQCurated"
				},
				{
					"dataset": {
						"referenceName": "ds_adlsgen2_common_sink_csv",
						"type": "DatasetReference"
					},
					"name": "SinkError"
				}
			],
			"transformations": [
				{
					"name": "JoinRefTypVal"
				},
				{
					"name": "SelectRefcolumns"
				},
				{
					"name": "FilterWKS"
				},
				{
					"name": "FilterFYR"
				},
				{
					"name": "LkpfilterWKS"
				},
				{
					"name": "LkpfilterFYR"
				},
				{
					"name": "WorkStatusDEr"
				},
				{
					"name": "PriorityYrDer"
				},
				{
					"name": "SelectPriorityYr"
				},
				{
					"name": "SelectWorkstatus"
				},
				{
					"name": "FilterWKC"
				},
				{
					"name": "LkpfilterWKC"
				},
				{
					"name": "WorkCatDer"
				},
				{
					"name": "LkpfilterRSS"
				},
				{
					"name": "SelectRiskscore"
				},
				{
					"name": "LkpfilterSEV"
				},
				{
					"name": "SelectSeverity"
				},
				{
					"name": "LkpfilterPRB"
				},
				{
					"name": "SelectProbability"
				},
				{
					"name": "LkpfilterEXT"
				},
				{
					"name": "SelectExtent"
				},
				{
					"name": "LkpfilterQUU"
				},
				{
					"name": "SelectQuantity"
				},
				{
					"name": "RcmndSRkeyCheck"
				},
				{
					"name": "RcmndSrkeyDer"
				},
				{
					"name": "DerivedRefType"
				},
				{
					"name": "LkpQty"
				},
				{
					"name": "SelectWKC"
				},
				{
					"name": "SelectFYR"
				},
				{
					"name": "SelectWKS"
				},
				{
					"name": "ConditionalSplit2"
				},
				{
					"name": "DescDer"
				},
				{
					"name": "Union"
				},
				{
					"name": "FilterWKT"
				},
				{
					"name": "SelectWKT"
				},
				{
					"name": "SelectWrkcat"
				},
				{
					"name": "LkpfilterWKT"
				},
				{
					"name": "WorkTypDer"
				},
				{
					"name": "JoinRcmnd"
				},
				{
					"name": "LkpExtent"
				},
				{
					"name": "LkpProbability"
				},
				{
					"name": "JoinRcmnd2"
				},
				{
					"name": "LkpSeverity"
				},
				{
					"name": "LkpRiskScore"
				},
				{
					"name": "Lookupfinal"
				},
				{
					"name": "SelectColumns"
				},
				{
					"name": "Selectcolumns1"
				},
				{
					"name": "ValidRecommenNums"
				},
				{
					"name": "SelectNullRecommendID"
				},
				{
					"name": "DerivedColumn1"
				},
				{
					"name": "DerivedColumn2"
				}
			],
			"script": "source(output(\n\t\tRV_ID as decimal(22,0),\n\t\tRV_GUID as string,\n\t\tRV_CODE as string,\n\t\tRV_DESC as string,\n\t\tRV_TYPE as string,\n\t\tEFF_END_DATE as date,\n\t\tMODIFIED_DATE as date,\n\t\tMODIFIED_BY_USER_ID as string,\n\t\tDELETED_FLG as string,\n\t\tROW_VER as decimal(22,0),\n\t\tRV_DISPLAY_SEQ as decimal(22,0)\n\t),\n\tallowSchemaDrift: true,\n\tvalidateSchema: false,\n\tignoreNoFilesFound: false,\n\tformat: 'parquet') ~> CarrsReference\nsource(output(\n\t\tREF_TYP_SR_KEY as decimal(18,0),\n\t\tREF_TYP_NAME as string,\n\t\tREF_TYP_CODE as string,\n\t\tREF_VAL_SR_KEY as decimal(18,0),\n\t\tREF_VALUE as string\n\t),\n\tallowSchemaDrift: true,\n\tvalidateSchema: false,\n\tisolationLevel: 'READ_UNCOMMITTED',\n\tquery: 'select * from ctl_ces_adl_control.vw_ADF_reference_type_value',\n\tformat: 'query') ~> CESvwRef\nsource(output(\n\t\tEXAM_SUMMARY_ID as decimal(9,0),\n\t\tACTION_NUM as decimal(9,0),\n\t\tRECOMMEND_NUM as decimal(9,0),\n\t\tACTION_DESC as string,\n\t\tLOC_DESC as string,\n\t\tACTION_QTY as decimal(9,2),\n\t\tACTION_QTY_UNIT_ID as decimal(9,0),\n\t\tESTIMATED_COST_AMT as decimal(9,1),\n\t\tSEVERITY_ID as decimal(9,0),\n\t\tPROBABILITY_ID as decimal(9,0),\n\t\tRISK_SCORE_ID as decimal(9,0),\n\t\tPRIORITY_YEAR_ID as decimal(9,0),\n\t\tWORK_TYPE_ID as decimal(9,0),\n\t\tWORK_CAT_ID as decimal(9,0),\n\t\tRISK_EXTENT_ID as decimal(9,0),\n\t\tAT_BETWEEN_STATION_TEXT as string,\n\t\tELEMENT_AFFECTED_ID as decimal(9,0),\n\t\tACTIVITY_DEFINITION_ID as decimal(9,0),\n\t\tWORK_STATUS_ID as decimal(9,0),\n\t\tRECOVER_COST_THIRD_PARTY_FLG as string,\n\t\tTHIRD_PARTY_RESPONSIBLE_NAME as string,\n\t\tPROP_LATEST_IMPL_DATE as date,\n\t\tSUPPORTING_INFO_TEXT as string,\n\t\tPROP_LATEST_IMPL_YEAR_ID as decimal(9,0),\n\t\tNOTE_TEXT as string,\n\t\tACTION_ID as decimal(9,0),\n\t\tRECOMMEND_ID as decimal(9,0),\n\t\tMODIFIED_DATE as timestamp,\n\t\tMODIFIED_BY_USER_ID as string,\n\t\tROW_VER as decimal(9,0),\n\t\tPARTY_RESPONSIBLE_ID as decimal(9,0),\n\t\tCORRES_TYPE_ID as decimal(9,0),\n\t\tREVIEW_ASSESS_ENG_ID as decimal(9,0),\n\t\tRESPONSE_TIME_QTY as decimal(9,0),\n\t\tRESPONSE_TIME_UNIT_ID as decimal(9,0),\n\t\tDELETED_FLG as string\n\t),\n\tallowSchemaDrift: true,\n\tvalidateSchema: false,\n\tignoreNoFilesFound: false,\n\tformat: 'parquet') ~> CarrsAction\nsource(output(\n\t\tRECOMMEND_SR_KEY as decimal(18,0),\n\t\tEXAM_SR_KEY as decimal(18,0),\n\t\tRCMN_NUM as decimal(18,0),\n\t\tRCMN_DATE as date,\n\t\tRCMN_SIGNED_DATE as date,\n\t\tRCMN_STATUS as decimal(18,0),\n\t\tDESCRIPTION as string,\n\t\tPRIORITY_YEAR as decimal(18,0),\n\t\tLOCATION as string,\n\t\tWORK_CATEGORY as decimal(18,0),\n\t\tRISK_SCORE as string,\n\t\tSEVERITY as string,\n\t\tPROBABILITY as string,\n\t\tEXTENT as string,\n\t\tQUANTITY as decimal(18,2),\n\t\tQUANTITY_UNIT as string,\n\t\tESTIMATED_COST as decimal(18,2),\n\t\tAES_RISK_SCORE as string,\n\t\tAES_SEVERITY as string,\n\t\tAES_PROBABILITY as string,\n\t\tAES_COMMENT as string,\n\t\tCARRS_RECOMMEND_ID as decimal(18,0),\n\t\tISACTIVE as boolean,\n\t\tCREATED_USER as string,\n\t\tCREATED_DATE as timestamp,\n\t\tUPDATED_USER as string,\n\t\tUPDATED_DATE as timestamp\n\t),\n\tallowSchemaDrift: true,\n\tvalidateSchema: false,\n\tisolationLevel: 'READ_UNCOMMITTED',\n\tquery: 'Select * from Ces.Recommendation \\nwhere Isactive=1',\n\tformat: 'query') ~> CesRecommendation\nCarrsReference, CESvwRef join(lower(RV_TYPE) == lower(REF_TYP_CODE)\n\t&& lower(RV_DESC) == lower(REF_VALUE),\n\tjoinType:'inner',\n\tbroadcast: 'auto')~> JoinRefTypVal\nJoinRefTypVal select(mapColumn(\n\t\tRV_ID,\n\t\tRV_GUID,\n\t\tRV_CODE,\n\t\tRV_DESC,\n\t\tRV_TYPE,\n\t\tREF_TYP_SR_KEY,\n\t\tREF_TYP_NAME,\n\t\tREF_TYP_CODE,\n\t\tREF_VAL_SR_KEY,\n\t\tREF_VALUE\n\t),\n\tskipDuplicateMapInputs: true,\n\tskipDuplicateMapOutputs: true) ~> SelectRefcolumns\nSelectRefcolumns filter(upper(RV_TYPE)=='WKS') ~> FilterWKS\nSelectRefcolumns filter(upper(RV_TYPE)=='FYR') ~> FilterFYR\nJoinRcmnd, SelectWKS lookup(WORK_STATUS_ID == RV_ID,\n\tmultiple: false,\n\tpickup: 'any',\n\tbroadcast: 'auto')~> LkpfilterWKS\nSelectWorkstatus, SelectFYR lookup(PRIORITY_YEAR_ID == SelectFYR@RV_ID,\n\tmultiple: false,\n\tpickup: 'any',\n\tbroadcast: 'auto')~> LkpfilterFYR\nLkpfilterWKS derive(WORK_STATUS = REF_VAL_SR_KEY) ~> WorkStatusDEr\nLkpfilterFYR derive(PRIORITY_YEAR = SelectFYR@REF_VAL_SR_KEY) ~> PriorityYrDer\nPriorityYrDer select(skipDuplicateMapInputs: true,\n\tskipDuplicateMapOutputs: true) ~> SelectPriorityYr\nWorkStatusDEr select(skipDuplicateMapInputs: true,\n\tskipDuplicateMapOutputs: true) ~> SelectWorkstatus\nSelectRefcolumns filter(upper(RV_TYPE)=='WKC') ~> FilterWKC\nSelectPriorityYr, SelectWKC lookup(WORK_CAT_ID == SelectWKC@RV_ID,\n\tmultiple: false,\n\tpickup: 'any',\n\tbroadcast: 'auto')~> LkpfilterWKC\nLkpfilterWKC derive(WORK_CATEGORY = SelectWKC@REF_VAL_SR_KEY) ~> WorkCatDer\nDerivedRefType, CarrsReference lookup(RISK_SCORE_ID == RV_ID\n\t&& lower(RVtypeRiskscore) == lower(RV_TYPE),\n\tmultiple: false,\n\tpickup: 'any',\n\tbroadcast: 'auto')~> LkpfilterRSS\nLkpfilterRSS select(mapColumn(\n\t\tRISK_SCORE = RV_DESC,\n\t\tRECOMMEND_ID,\n\t\tACTION_ID\n\t),\n\tskipDuplicateMapInputs: true,\n\tskipDuplicateMapOutputs: true) ~> SelectRiskscore\nDerivedRefType, CarrsReference lookup(SEVERITY_ID == RV_ID\n\t&& lower(RVTypeSeverity) == lower(RV_TYPE),\n\tmultiple: false,\n\tpickup: 'any',\n\tbroadcast: 'auto')~> LkpfilterSEV\nLkpfilterSEV select(mapColumn(\n\t\tSEVERITY = RV_DESC,\n\t\tRECOMMEND_ID,\n\t\tACTION_ID\n\t),\n\tskipDuplicateMapInputs: true,\n\tskipDuplicateMapOutputs: true) ~> SelectSeverity\nDerivedRefType, CarrsReference lookup(PROBABILITY_ID == RV_ID\n\t&& lower(RVTypeProbability) == lower(RV_TYPE),\n\tmultiple: false,\n\tpickup: 'any',\n\tbroadcast: 'auto')~> LkpfilterPRB\nLkpfilterPRB select(mapColumn(\n\t\tPROBABILITY = RV_DESC,\n\t\tRECOMMEND_ID,\n\t\tACTION_ID\n\t),\n\tskipDuplicateMapInputs: true,\n\tskipDuplicateMapOutputs: true) ~> SelectProbability\nDerivedRefType, CarrsReference lookup(RISK_EXTENT_ID == RV_ID\n\t&& lower(RVTypeExtent) == lower(RV_TYPE),\n\tmultiple: false,\n\tpickup: 'any',\n\tbroadcast: 'auto')~> LkpfilterEXT\nLkpfilterEXT select(mapColumn(\n\t\tEXTENT = RV_DESC,\n\t\tRECOMMEND_ID,\n\t\tACTION_ID\n\t),\n\tskipDuplicateMapInputs: true,\n\tskipDuplicateMapOutputs: true) ~> SelectExtent\nDerivedRefType, CarrsReference lookup(ACTION_QTY_UNIT_ID == RV_ID\n\t&& lower(RVTypeQuantity) == lower(RV_TYPE),\n\tmultiple: false,\n\tpickup: 'any',\n\tbroadcast: 'auto')~> LkpfilterQUU\nLkpfilterQUU select(mapColumn(\n\t\tRECOMMEND_ID,\n\t\tACTION_ID,\n\t\tQUANTITY_UNIT = RV_DESC\n\t),\n\tskipDuplicateMapInputs: true,\n\tskipDuplicateMapOutputs: true) ~> SelectQuantity\nSelectColumns split(!isNull(RECOMMEND_SR_KEY),\n\tdisjoint: false) ~> RcmndSRkeyCheck@(ValidRcmndSRkey, InvalidRcmndSRkey)\nRcmndSRkeyCheck@InvalidRcmndSRkey derive(ErrorDesc = 'Recommend SR Key is Null') ~> RcmndSrkeyDer\nValidRecommenNums@ValidRecmdIDs derive(RVtypeRiskscore = 'RSS',\n\t\tRVTypeSeverity = 'SEV',\n\t\tRVTypeProbability = 'PRB',\n\t\tRVTypeExtent = 'EXT',\n\t\tRVTypeQuantity = 'QUU') ~> DerivedRefType\nJoinRcmnd2, SelectQuantity lookup(ValidRecommenNums@ValidRecmdIDs@RECOMMEND_ID == SelectQuantity@RECOMMEND_ID\n\t&& ValidRecommenNums@ValidRecmdIDs@ACTION_ID == SelectQuantity@ACTION_ID,\n\tmultiple: false,\n\tpickup: 'any',\n\tbroadcast: 'auto')~> LkpQty\nFilterWKC select(mapColumn(\n\t\tRV_ID,\n\t\tREF_VAL_SR_KEY\n\t),\n\tskipDuplicateMapInputs: true,\n\tskipDuplicateMapOutputs: true) ~> SelectWKC\nFilterFYR select(mapColumn(\n\t\tRV_ID,\n\t\tREF_VAL_SR_KEY\n\t),\n\tskipDuplicateMapInputs: true,\n\tskipDuplicateMapOutputs: true) ~> SelectFYR\nFilterWKS select(mapColumn(\n\t\tRV_ID,\n\t\tREF_VAL_SR_KEY\n\t),\n\tskipDuplicateMapInputs: true,\n\tskipDuplicateMapOutputs: true) ~> SelectWKS\nRcmndSRkeyCheck@ValidRcmndSRkey split(!isNull(DESCRIPTION),\n\tdisjoint: false) ~> ConditionalSplit2@(ValidDesc, InvalidDesc)\nConditionalSplit2@InvalidDesc derive(ErrorDesc = 'Action Desc is Null') ~> DescDer\nDescDer, RcmndSrkeyDer, SelectNullRecommendID union(byName: true)~> Union\nSelectRefcolumns filter(upper(RV_TYPE)=='WKT') ~> FilterWKT\nFilterWKT select(mapColumn(\n\t\tRV_ID,\n\t\tREF_VAL_SR_KEY\n\t),\n\tskipDuplicateMapInputs: true,\n\tskipDuplicateMapOutputs: true) ~> SelectWKT\nWorkCatDer select(mapColumn(\n\t\teach(match(true()))\n\t),\n\tskipDuplicateMapInputs: true,\n\tskipDuplicateMapOutputs: true) ~> SelectWrkcat\nSelectWrkcat, SelectWKT lookup(WORK_TYPE_ID == SelectWKT@RV_ID,\n\tmultiple: false,\n\tpickup: 'any',\n\tbroadcast: 'auto')~> LkpfilterWKT\nLkpfilterWKT derive(WORK_TYPE = SelectWKT@REF_VAL_SR_KEY,\n\t\tCREATED_USER = 'CARRS',\n\t\tCREATED_DATE = currentUTC()) ~> WorkTypDer\nValidRecommenNums@ValidRecmdIDs, CesRecommendation join(RECOMMEND_ID == CARRS_RECOMMEND_ID,\n\tjoinType:'left',\n\tbroadcast: 'auto')~> JoinRcmnd\nLkpQty, SelectExtent lookup(ValidRecommenNums@ValidRecmdIDs@RECOMMEND_ID == SelectExtent@RECOMMEND_ID\n\t&& ValidRecommenNums@ValidRecmdIDs@ACTION_ID == SelectExtent@ACTION_ID,\n\tmultiple: false,\n\tpickup: 'any',\n\tbroadcast: 'auto')~> LkpExtent\nLkpExtent, SelectProbability lookup(ValidRecommenNums@ValidRecmdIDs@RECOMMEND_ID == SelectProbability@RECOMMEND_ID\n\t&& ValidRecommenNums@ValidRecmdIDs@ACTION_ID == SelectProbability@ACTION_ID,\n\tmultiple: false,\n\tpickup: 'any',\n\tbroadcast: 'auto')~> LkpProbability\nValidRecommenNums@ValidRecmdIDs, CesRecommendation join(RECOMMEND_ID == CARRS_RECOMMEND_ID,\n\tjoinType:'left',\n\tbroadcast: 'auto')~> JoinRcmnd2\nLkpProbability, SelectSeverity lookup(ValidRecommenNums@ValidRecmdIDs@RECOMMEND_ID == SelectSeverity@RECOMMEND_ID\n\t&& ValidRecommenNums@ValidRecmdIDs@ACTION_ID == SelectSeverity@ACTION_ID,\n\tmultiple: false,\n\tpickup: 'any',\n\tbroadcast: 'auto')~> LkpSeverity\nLkpSeverity, SelectRiskscore lookup(ValidRecommenNums@ValidRecmdIDs@RECOMMEND_ID == SelectRiskscore@RECOMMEND_ID\n\t&& ValidRecommenNums@ValidRecmdIDs@ACTION_ID == SelectRiskscore@ACTION_ID,\n\tmultiple: false,\n\tpickup: 'any',\n\tbroadcast: 'auto')~> LkpRiskScore\nWorkTypDer, Selectcolumns1 lookup(SelectWrkcat@RECOMMEND_ID == Selectcolumns1@RECOMMEND_ID\n\t&& SelectWrkcat@ACTION_ID == Selectcolumns1@ACTION_ID,\n\tmultiple: false,\n\tpickup: 'any',\n\tbroadcast: 'auto')~> Lookupfinal\nLookupfinal select(mapColumn(\n\t\tRECOMMEND_SR_KEY,\n\t\tACTION_ID = Selectcolumns1@ACTION_ID,\n\t\tRECOMMEND_ID = SelectWrkcat@RECOMMEND_ID,\n\t\tRECOMMEND_NUM,\n\t\tACTION_NUM,\n\t\tWORK_CATEGORY,\n\t\tPRIORITY_YEAR,\n\t\tRISK_SCORE = Selectcolumns1@RISK_SCORE,\n\t\tEXTENT = Selectcolumns1@EXTENT,\n\t\tQUANTITY_UNIT = Selectcolumns1@QUANTITY_UNIT,\n\t\tSEVERITY = Selectcolumns1@SEVERITY,\n\t\tPROBABILITY = Selectcolumns1@PROBABILITY,\n\t\tDESCRIPTION = ACTION_DESC,\n\t\tLOCATION = LOC_DESC,\n\t\tQUANTITY = ACTION_QTY,\n\t\tESTIMATED_COST = ESTIMATED_COST_AMT,\n\t\tNOTES = NOTE_TEXT,\n\t\tDELETED_FLG,\n\t\tMODIFIED_DATE,\n\t\tWORK_STATUS,\n\t\tWORK_TYPE\n\t),\n\tskipDuplicateMapInputs: true,\n\tskipDuplicateMapOutputs: true) ~> SelectColumns\nLkpRiskScore select(mapColumn(\n\t\tRECOMMEND_ID = ValidRecommenNums@ValidRecmdIDs@RECOMMEND_ID,\n\t\tACTION_ID = ValidRecommenNums@ValidRecmdIDs@ACTION_ID,\n\t\tQUANTITY_UNIT = SelectQuantity@QUANTITY_UNIT,\n\t\tEXTENT = SelectExtent@EXTENT,\n\t\tPROBABILITY = SelectProbability@PROBABILITY,\n\t\tSEVERITY = SelectSeverity@SEVERITY,\n\t\tRISK_SCORE = SelectRiskscore@RISK_SCORE\n\t),\n\tskipDuplicateMapInputs: true,\n\tskipDuplicateMapOutputs: true) ~> Selectcolumns1\nCarrsAction split(!isNull(RECOMMEND_ID),\n\tdisjoint: false) ~> ValidRecommenNums@(ValidRecmdIDs, InvalidRecmdIDs)\nDerivedColumn1 select(mapColumn(\n\t\tRECOMMEND_SR_KEY,\n\t\tACTION_ID,\n\t\tRECOMMEND_ID,\n\t\tRECOMMEND_NUM,\n\t\tACTION_NUM,\n\t\tWORK_CATEGORY,\n\t\tPRIORITY_YEAR,\n\t\tRISK_SCORE,\n\t\tEXTENT,\n\t\tQUANTITY_UNIT,\n\t\tSEVERITY,\n\t\tPROBABILITY,\n\t\tDESCRIPTION = ACTION_DESC,\n\t\tLOCATION = LOC_DESC,\n\t\tQUANTITY = ACTION_QTY,\n\t\tESTIMATED_COST = ESTIMATED_COST_AMT,\n\t\tNOTES = NOTE_TEXT,\n\t\tACTION_ID,\n\t\tDELETED_FLG,\n\t\tMODIFIED_DATE,\n\t\tWORK_STATUS = WORK_STATUS_ID,\n\t\tWORK_TYPE = WORK_TYPE_ID,\n\t\tErrorDesc\n\t),\n\tskipDuplicateMapInputs: true,\n\tskipDuplicateMapOutputs: true) ~> SelectNullRecommendID\nValidRecommenNums@InvalidRecmdIDs derive(RECOMMEND_SR_KEY = toDecimal(null()),\n\t\tPRIORITY_YEAR = toDecimal(null()),\n\t\tWORK_CATEGORY = toDecimal(null()),\n\t\tRISK_SCORE = toString(null()),\n\t\tEXTENT = toString(null()),\n\t\tQUANTITY_UNIT = toString(null()),\n\t\tSEVERITY = toString(null()),\n\t\tPROBABILITY = toString(null()),\n\t\tErrorDesc = 'Recommend_Id is Null in Carrs') ~> DerivedColumn1\nConditionalSplit2@ValidDesc derive(CREATED_USER = 'CARRS',\n\t\tCREATED_DATE = currentUTC()) ~> DerivedColumn2\nDerivedColumn2 sink(allowSchemaDrift: true,\n\tvalidateSchema: false,\n\tformat: 'parquet',\n\tpartitionFileNames:[(concat('CES_Action_',toString(currentUTC(),'yyyyMMdd'),'.parquet'))],\n\tumask: 0022,\n\tskipDuplicateMapInputs: true,\n\tskipDuplicateMapOutputs: true,\n\tmapColumn(\n\t\tRECOMMEND_SR_KEY,\n\t\tCARRS_ACTION_ID = ACTION_ID,\n\t\tRECOMMEND_ID,\n\t\tRECOMMEND_NUM,\n\t\tACTION_NUM,\n\t\tWORK_CATEGORY,\n\t\tPRIORITY_YEAR,\n\t\tRISK_SCORE,\n\t\tEXTENT,\n\t\tQUANTITY_UNIT,\n\t\tSEVERITY,\n\t\tPROBABILITY,\n\t\tDESCRIPTION,\n\t\tLOCATION,\n\t\tQUANTITY,\n\t\tESTIMATED_COST,\n\t\tNOTES,\n\t\tDELETED_FLG,\n\t\tCREATED_USER,\n\t\tCREATED_DATE,\n\t\tWORK_STATUS,\n\t\tWORK_TYPE\n\t),\n\tpartitionBy('hash', 1)) ~> SinkDQCurated\nUnion sink(allowSchemaDrift: true,\n\tvalidateSchema: false,\n\tpartitionFileNames:[(concat('CES_Action_Error_',toString(currentUTC(),'yyyyMMdd'),'.csv'))],\n\tumask: 0022,\n\tskipDuplicateMapInputs: true,\n\tskipDuplicateMapOutputs: true,\n\tpartitionBy('hash', 1)) ~> SinkError"
		}
	}
}