{
	"name": "dataflow_ces_Exam_Cycle_Sync_Transform",
	"properties": {
		"folder": {
			"name": "CARRS/Exam_Cycle"
		},
		"type": "MappingDataFlow",
		"typeProperties": {
			"sources": [
				{
					"dataset": {
						"referenceName": "ds_adlsgen2_Common_parquet",
						"type": "DatasetReference"
					},
					"name": "CarrsEGExamTypeCycle"
				},
				{
					"dataset": {
						"referenceName": "ds_sql_common_SQLQuery",
						"type": "DatasetReference"
					},
					"name": "CESAsset"
				},
				{
					"dataset": {
						"referenceName": "ds_sql_common_SQLQuery",
						"type": "DatasetReference"
					},
					"name": "CESExamType"
				}
			],
			"sinks": [
				{
					"dataset": {
						"referenceName": "ds_adlsgen2_common_sink_csv",
						"type": "DatasetReference"
					},
					"name": "SinkError"
				},
				{
					"dataset": {
						"referenceName": "ds_adlsgen2_Insert_Parquet",
						"type": "DatasetReference"
					},
					"name": "SinkCurated"
				}
			],
			"transformations": [
				{
					"name": "SelectColumns"
				},
				{
					"name": "ValidCAIUID"
				},
				{
					"name": "ValidExamTypeSRKey"
				},
				{
					"name": "ExamTypeKeyDer"
				},
				{
					"name": "CAIUIDDer"
				},
				{
					"name": "Union"
				},
				{
					"name": "DerivedColumn"
				},
				{
					"name": "LookupAsset"
				},
				{
					"name": "ConditionalSplit1"
				},
				{
					"name": "AssetGuidDer"
				},
				{
					"name": "LookupExamtypeID"
				}
			],
			"script": "source(output(\n\t\tEXAM_GROUP_EXAM_TYPE_CYCLE_ID as decimal(22,0),\n\t\tCAI_GUID as string,\n\t\tDELETED_FLG as string,\n\t\tEXAM_TYPE_DESC as string,\n\t\tINTERVAL_YEARS as decimal(22,0),\n\t\tINTERVAL_MONTHS as decimal(22,0),\n\t\tINTERVAL_DAYS as decimal(22,0),\n\t\tBIRTHDAY_MONTH as decimal(22,0),\n\t\tBIRTHDAY_DAY as decimal(22,0),\n\t\tEXAM_TYPE_ID as decimal(22,0),\n\t\tEXAM_GROUP_ID as decimal(22,0),\n\t\tSPECIFIC_EXAM_REQUIREMENTS as string,\n\t\tEFF_TO_DATE as date,\n\t\tEFF_FROM_DATE as date\n\t),\n\tallowSchemaDrift: true,\n\tvalidateSchema: false,\n\tignoreNoFilesFound: false,\n\tformat: 'parquet') ~> CarrsEGExamTypeCycle\nsource(output(\n\t\tASSET_GUID as string,\n\t\tPARENT_ASSET_GUID as string,\n\t\tASSET_NAME as string,\n\t\tASSET_TYPE_SR_KEY as decimal(18,0),\n\t\tASSET_GROUP_SR_KEY as decimal(18,0),\n\t\tORG_SR_KEY as decimal(18,0),\n\t\tAREA_SR_KEY as decimal(18,0),\n\t\tENG_LINE_REF as decimal(18,0),\n\t\tRAILWAY_ID as string,\n\t\tSTART_MILES as decimal(5,0),\n\t\tSTART_YARDS as decimal(5,0),\n\t\tEND_MILES as decimal(5,0),\n\t\tEND_YARDS as decimal(5,0),\n\t\tPRIMARY_MATERIAL as decimal(18,0),\n\t\tSECONDARY_MATERIAL as decimal(18,0),\n\t\tOPERATIONAL_STATUS as decimal(18,0),\n\t\tSTRUCTURAL_FORM as decimal(18,0),\n\t\tOWNING_PARTY as string,\n\t\tPOSSESSION_CRITICAL as string,\n\t\tGPS_START_MILEAGE as string,\n\t\tGPS_END_MILEAGE as string,\n\t\tSTART_OS_GRID_REF as string,\n\t\tEND_OS_GRID_REF as string,\n\t\tHCE_FLAG as string,\n\t\tANY_HIDDEN_PARTS as string,\n\t\tSTRUCTURE_CARRIES as string,\n\t\tSTRUCTURE_OVER as string,\n\t\tCMI_SCORE as decimal(3,0),\n\t\tCMI_DATE as date,\n\t\tISACTIVE as boolean,\n\t\tCREATED_USER as string,\n\t\tCREATED_DATE as timestamp,\n\t\tUPDATED_USER as string,\n\t\tUPDATED_DATE as timestamp\n\t),\n\tallowSchemaDrift: true,\n\tvalidateSchema: false,\n\tignoreNoFilesFound: false,\n\tisolationLevel: 'READ_UNCOMMITTED',\n\tquery: 'SELECT * FROM CES.ASSET',\n\tformat: 'query') ~> CESAsset\nsource(output(\n\t\tEXAM_TYPE_SR_KEY as decimal(18,0),\n\t\tEXAM_TYPE as string,\n\t\tCREATED_USER as string,\n\t\tCREATED_DATE as date,\n\t\tUPDATED_USER as string,\n\t\tUPDATED_DATE as date,\n\t\tISACTIVE as boolean\n\t),\n\tallowSchemaDrift: true,\n\tvalidateSchema: false,\n\tignoreNoFilesFound: false,\n\tisolationLevel: 'READ_UNCOMMITTED',\n\tquery: 'SELECT * FROM CES.EXAM_TYPE',\n\tformat: 'query') ~> CESExamType\nLookupAsset select(mapColumn(\n\t\tCAI_GUID,\n\t\tEXAM_TYPE_SR_KEY,\n\t\tEXAM_GROUP_EXAM_TYPE_CYCLE_ID,\n\t\tINTERVAL_YEARS,\n\t\tINTERVAL_MONTHS,\n\t\tINTERVAL_DAYS,\n\t\tEXAM_REQUIREMENT = SPECIFIC_EXAM_REQUIREMENTS,\n\t\tBIRTHDAY_MONTH,\n\t\tBIRTHDAY_DAY,\n\t\tCREATED_USER = DerivedColumn@CREATED_USER,\n\t\tCREATED_DATE = DerivedColumn@CREATED_DATE,\n\t\tASSET_GUID,\n\t\tEFF_TO_DATE,\n\t\tEFF_FROM_DATE,\n\t\tDELETED_FLG\n\t),\n\tskipDuplicateMapInputs: true,\n\tskipDuplicateMapOutputs: true) ~> SelectColumns\nConditionalSplit1@ValidAssetGuid split(!isNull(CAI_GUID),\n\tdisjoint: false) ~> ValidCAIUID@(ValidCAIUID, CAIUIDErr)\nValidCAIUID@ValidCAIUID split(!isNull(EXAM_TYPE_SR_KEY),\n\tdisjoint: false) ~> ValidExamTypeSRKey@(ValidExamtypeSRkey, ExamTypeKeyErr)\nValidExamTypeSRKey@ExamTypeKeyErr derive(ErrorDesc = 'Exam_Type_SR_Key is Null') ~> ExamTypeKeyDer\nValidCAIUID@CAIUIDErr derive(ErrorDesc = 'AssetGuid is Null') ~> CAIUIDDer\nExamTypeKeyDer, CAIUIDDer, AssetGuidDer union(byName: true)~> Union\nLookupExamtypeID derive(CREATED_USER = 'CARRS',\n\t\tCREATED_DATE = currentUTC()) ~> DerivedColumn\nDerivedColumn, CESAsset lookup(CAI_GUID == ASSET_GUID,\n\tmultiple: false,\n\tpickup: 'any',\n\tbroadcast: 'auto')~> LookupAsset\nSelectColumns split(!isNull(ASSET_GUID),\n\tdisjoint: false) ~> ConditionalSplit1@(ValidAssetGuid, AssetGuidErr)\nConditionalSplit1@AssetGuidErr derive(ErrorDesc = 'AssetGuid - FK Error') ~> AssetGuidDer\nCarrsEGExamTypeCycle, CESExamType lookup(EXAM_TYPE_DESC == EXAM_TYPE,\n\tmultiple: false,\n\tpickup: 'any',\n\tbroadcast: 'auto')~> LookupExamtypeID\nUnion sink(allowSchemaDrift: true,\n\tvalidateSchema: false,\n\tpartitionFileNames:[(concat('CES_Exam_Cycle_Error_',toString(currentUTC(),'yyyyMMdd'),'.csv'))],\n\tpartitionBy('hash', 1),\n\tskipDuplicateMapInputs: true,\n\tskipDuplicateMapOutputs: true) ~> SinkError\nValidExamTypeSRKey@ValidExamtypeSRkey sink(allowSchemaDrift: true,\n\tvalidateSchema: false,\n\tformat: 'parquet',\n\tpartitionFileNames:[(concat('CES_Exam_Cycle_',toString(currentUTC(),'yyyyMMdd'),'.parquet') )],\n\tmapColumn(\n\t\tEXAM_TYPE_SR_KEY,\n\t\tEXAM_GROUP_EXAM_TYPE_CYCLE_ID,\n\t\tINTERVAL_YEARS,\n\t\tINTERVAL_MONTHS,\n\t\tINTERVAL_DAYS,\n\t\tEXAM_REQUIREMENT,\n\t\tBIRTHDAY_MONTH,\n\t\tBIRTHDAY_DAY,\n\t\tCREATED_USER,\n\t\tCREATED_DATE,\n\t\tASSET_GUID,\n\t\tEFF_TO_DATE,\n\t\tEFF_FROM_DATE,\n\t\tDELETED_FLG\n\t),\n\tpartitionBy('hash', 1),\n\tskipDuplicateMapInputs: true,\n\tskipDuplicateMapOutputs: true) ~> SinkCurated"
		}
	}
}