{
	"name": "dataflow_ces_Asset_migration_Transform",
	"properties": {
		"folder": {
			"name": "CARRS/Asset"
		},
		"type": "MappingDataFlow",
		"typeProperties": {
			"sources": [
				{
					"dataset": {
						"referenceName": "ds_adlsgen2_Common_parquet",
						"type": "DatasetReference"
					},
					"name": "CarrsElement"
				},
				{
					"dataset": {
						"referenceName": "ds_sql_common_SQLQuery",
						"type": "DatasetReference"
					},
					"name": "AssetType"
				},
				{
					"dataset": {
						"referenceName": "ds_adlsgen2_Common_parquet",
						"type": "DatasetReference"
					},
					"name": "CarrsReference"
				},
				{
					"dataset": {
						"referenceName": "ds_sql_common_SQLQuery",
						"type": "DatasetReference"
					},
					"name": "AssetGroup"
				},
				{
					"dataset": {
						"referenceName": "ds_adlsgen2_Common_parquet",
						"type": "DatasetReference"
					},
					"name": "CarrsElementType"
				},
				{
					"dataset": {
						"referenceName": "ds_adlsgen2_Common_parquet",
						"type": "DatasetReference"
					},
					"name": "CarrsElementELR"
				},
				{
					"dataset": {
						"referenceName": "ds_adlsgen2_Common_parquet",
						"type": "DatasetReference"
					},
					"name": "CarrsElementRole"
				},
				{
					"dataset": {
						"referenceName": "ds_adlsgen2_Common_parquet",
						"type": "DatasetReference"
					},
					"name": "CarrsGeogUnit"
				},
				{
					"dataset": {
						"referenceName": "ds_adlsgen2_Common_parquet",
						"type": "DatasetReference"
					},
					"name": "CarrsOrgUnit"
				},
				{
					"dataset": {
						"referenceName": "ds_sql_common_SQLQuery",
						"type": "DatasetReference"
					},
					"name": "ORG"
				},
				{
					"dataset": {
						"referenceName": "ds_adlsgen2_common_HCE",
						"type": "DatasetReference"
					},
					"name": "ManualHCEFlag"
				},
				{
					"dataset": {
						"referenceName": "ds_sql_common_SQLQuery",
						"type": "DatasetReference"
					},
					"name": "Area"
				},
				{
					"dataset": {
						"referenceName": "ds_sql_common_SQLQuery",
						"type": "DatasetReference"
					},
					"name": "ViewReferenceTypeValue"
				},
				{
					"dataset": {
						"referenceName": "ds_sql_common_SQLQuery",
						"type": "DatasetReference"
					},
					"name": "ELR"
				},
				{
					"dataset": {
						"referenceName": "ds_adlsgen2_Common_parquet",
						"type": "DatasetReference"
					},
					"name": "TenantedFlag"
				}
			],
			"sinks": [
				{
					"dataset": {
						"referenceName": "ds_adlsgen2_Insert_Parquet",
						"type": "DatasetReference"
					},
					"name": "SinkDQCurated"
				},
				{
					"dataset": {
						"referenceName": "ds_adlsgen2_common_sink_csv",
						"type": "DatasetReference"
					},
					"name": "sinkError"
				}
			],
			"transformations": [
				{
					"name": "ElementTypeJoinAsset"
				},
				{
					"name": "ElementtypejoinReference"
				},
				{
					"name": "ElementTypeJoinAssetGroup"
				},
				{
					"name": "SelectElementType"
				},
				{
					"name": "lookupElementType"
				},
				{
					"name": "Select1"
				},
				{
					"name": "GeogUnitJoinORG"
				},
				{
					"name": "SelectRoute"
				},
				{
					"name": "LookupGEOORG"
				},
				{
					"name": "LookupReferencePMAT"
				},
				{
					"name": "DerivedColumnRefType"
				},
				{
					"name": "LookupReferenceSMAT"
				},
				{
					"name": "lookupRefOPS"
				},
				{
					"name": "SelectOperationlStatus"
				},
				{
					"name": "SelectSecondayMat"
				},
				{
					"name": "SelectPrimaryMat"
				},
				{
					"name": "LookupRefStructural"
				},
				{
					"name": "SelectStructuralForm"
				},
				{
					"name": "Join1"
				},
				{
					"name": "Join2"
				},
				{
					"name": "ElementReference"
				},
				{
					"name": "SelectElementReference"
				},
				{
					"name": "ElementJoinReference"
				},
				{
					"name": "JoinCarrsorgUnit"
				},
				{
					"name": "SelectElementRoleORG"
				},
				{
					"name": "LookupElementRole"
				},
				{
					"name": "SelectParentAssetID"
				},
				{
					"name": "LookUpParentAsset"
				},
				{
					"name": "SelectFinal"
				},
				{
					"name": "lookupHCEFlag"
				},
				{
					"name": "DerivedColumn1"
				},
				{
					"name": "SelectHCEFlagMapping"
				},
				{
					"name": "HCEFlag"
				},
				{
					"name": "GeoJoinArea"
				},
				{
					"name": "SelectAreaSRKey"
				},
				{
					"name": "AreaLookup"
				},
				{
					"name": "ConditionalSplit1"
				},
				{
					"name": "AssetGuidErrorDesc"
				},
				{
					"name": "ConditionalSplit2"
				},
				{
					"name": "ElementTypeDescErrorDesc"
				},
				{
					"name": "ConditionalSplit3"
				},
				{
					"name": "AssertGroupIdError"
				},
				{
					"name": "ConditionalSplit4"
				},
				{
					"name": "TerritoryError"
				},
				{
					"name": "ConditionalSplit5"
				},
				{
					"name": "AreaIdError"
				},
				{
					"name": "ConditionalSplit6"
				},
				{
					"name": "EngLineRefError"
				},
				{
					"name": "ConditionalSplit7"
				},
				{
					"name": "StartMilesError"
				},
				{
					"name": "ConditionalSplit8"
				},
				{
					"name": "StartYardsError"
				},
				{
					"name": "ConditionalSplit9"
				},
				{
					"name": "HceFlagError"
				},
				{
					"name": "ErrorRecords"
				},
				{
					"name": "JoinCESReferenceView"
				},
				{
					"name": "SelectReferenceValue"
				},
				{
					"name": "CarrsElementJoinELR"
				},
				{
					"name": "DerivedColumn2"
				},
				{
					"name": "LookUpOutsideparty"
				},
				{
					"name": "JoinTenantedFlag"
				},
				{
					"name": "LookupELR"
				}
			],
			"script": "source(output(\n\t\tELEMENT_ID as decimal(22,0),\n\t\tCAI_GUID as string,\n\t\tPARENT_ELEMENT_ID as decimal(22,0),\n\t\tELEMENT_NAME as string,\n\t\tSTART_OS_REF as string,\n\t\tEND_OS_REF as string,\n\t\tNR_LIABILITY_TEXT as string,\n\t\tSENSITIVE_FLG as string,\n\t\tSENSITIVE_REASON_TEXT as string,\n\t\tLISTED_FLG as string,\n\t\tCONSTR_DETAIL_TEXT as string,\n\t\tMATERIAL_ID as decimal(22,0),\n\t\tROUTE_TYPE_ID as decimal(22,0),\n\t\tAGG_TRACK_CAT_ID as decimal(22,0),\n\t\tROUTE_POLICY_REF_FLG as string,\n\t\tSTRUCT_POLICY_REF_FLG as string,\n\t\tRAILWAY_TYPE_ID as decimal(22,0),\n\t\tTRAIN_SERVICE_ID as decimal(22,0),\n\t\tROAD_NUM_TEXT as string,\n\t\tRIGHT_OF_WAY_ID as decimal(22,0),\n\t\tLISTING_TYPE_ID as decimal(22,0),\n\t\tLISTING_COUNTY_ID as decimal(22,0),\n\t\tLISTING_DISTRICT_ID as decimal(22,0),\n\t\tLISTING_DESIGNATED_DATE as date,\n\t\tLISTING_REMARKS_TEXT as string,\n\t\tCONSTR_YEAR_NUM as decimal(22,0),\n\t\tELEMENT_LENGTH_TEXT as string,\n\t\tELEMENT_DEPTH_TEXT as string,\n\t\tELEMENT_WIDTH_TEXT as string,\n\t\tIRRIG_CONTACT_NAME as string,\n\t\tRECONSTR_YEAR_NUM as decimal(22,0),\n\t\tLAT_POS_ID as decimal(22,0),\n\t\tELEMENT_TYPE_ID as decimal(22,0),\n\t\tOP_STATUS_ID as decimal(22,0),\n\t\tAREA_ID as decimal(22,0),\n\t\tMODIFIED_DATE as date,\n\t\tMODIFIED_BY_USER_ID as string,\n\t\tROW_VER as decimal(22,0),\n\t\tLATEST_SCMI_SCORE_VAL as decimal(22,0),\n\t\tNOTE_TEXT as string,\n\t\tIDENT_TRACK_ID as string,\n\t\tDELETED_FLG as string,\n\t\tTERRITORY_ID as decimal(22,0),\n\t\tMAJ_STRUCT_FLG as string,\n\t\tLATEST_SCMI_SCORE_DATE as date,\n\t\tCALCULATED_PERIOD as decimal(22,0),\n\t\tCALCULATED_PERIOD_DAY as decimal(22,0),\n\t\tCALCULATED_PERIOD_MONTH as decimal(22,0),\n\t\tCALCULATED_PERIOD_YEAR as decimal(22,0),\n\t\tCALCULATED_RISK_LEVEL_ID as decimal(22,0),\n\t\tCAPABILITY_ID as decimal(22,0),\n\t\tPERIOD_DAY as decimal(22,0),\n\t\tPERIOD_MONTH as decimal(22,0),\n\t\tPERIOD_YEAR as decimal(22,0),\n\t\tRISK_CODE_ID as decimal(22,0),\n\t\tRISK_LEVEL_ID as decimal(22,0),\n\t\tSECONDARY_MATERIAL_ID as decimal(22,0),\n\t\tSTRUC_FORM_ID as decimal(22,0),\n\t\tOUTSIDE_PARTY_ID as decimal(22,0),\n\t\tCOST_RECOVERABLE as string,\n\t\tANNUAL_MAINT_RENEWAL_CHARGE as string\n\t),\n\tallowSchemaDrift: true,\n\tvalidateSchema: false,\n\tignoreNoFilesFound: false,\n\tformat: 'parquet') ~> CarrsElement\nsource(output(\n\t\tASSET_TYPE_SR_KEY as decimal(18,0),\n\t\tASSET_TYPE as string,\n\t\tASSET_TYPE_DESC as string,\n\t\tCREATED_USER as string,\n\t\tCREATED_DATE as date,\n\t\tUPDATED_USER as string,\n\t\tUPDATED_DATE as date,\n\t\tASSET_GROUP_SR_KEY as decimal(18,0),\n\t\tISACTIVE as boolean\n\t),\n\tallowSchemaDrift: true,\n\tvalidateSchema: false,\n\tisolationLevel: 'READ_UNCOMMITTED',\n\tquery: 'Select * from CES.ASSET_TYPE',\n\tformat: 'query') ~> AssetType\nsource(output(\n\t\tRV_ID as decimal(22,0),\n\t\tRV_GUID as string,\n\t\tRV_CODE as string,\n\t\tRV_DESC as string,\n\t\tRV_TYPE as string,\n\t\tEFF_END_DATE as date,\n\t\tMODIFIED_DATE as date,\n\t\tMODIFIED_BY_USER_ID as string,\n\t\tDELETED_FLG as string,\n\t\tROW_VER as decimal(22,0),\n\t\tRV_DISPLAY_SEQ as decimal(22,0)\n\t),\n\tallowSchemaDrift: true,\n\tvalidateSchema: false,\n\tignoreNoFilesFound: false,\n\tformat: 'parquet') ~> CarrsReference\nsource(output(\n\t\tASSET_GROUP_SR_KEY as decimal(18,0),\n\t\tASSET_GROUP as string,\n\t\tASSET_GROUP_DESC as string\n\t),\n\tallowSchemaDrift: true,\n\tvalidateSchema: false,\n\tisolationLevel: 'READ_UNCOMMITTED',\n\tquery: 'Select ASSET_GROUP_SR_KEY, ASSET_GROUP, ASSET_GROUP_DESC from CES.ASSET_GROUP ',\n\tformat: 'query') ~> AssetGroup\nsource(output(\n\t\tELEMENT_TYPE_ID as decimal(22,0),\n\t\tELEMENT_TYPE_DESC as string,\n\t\tELEMENT_TYPE_ABBR as string,\n\t\tELEMENT_TYPE_GUID as string,\n\t\tASSET_GROUP_ID as decimal(22,0),\n\t\tMODIFIED_DATE as date,\n\t\tMODIFIED_BY_USER_ID as string,\n\t\tROW_VER as decimal(22,0),\n\t\tDELETED_FLG as string\n\t),\n\tallowSchemaDrift: true,\n\tvalidateSchema: false,\n\tignoreNoFilesFound: false,\n\tformat: 'parquet') ~> CarrsElementType\nsource(output(\n\t\tELEMENT_ID as decimal(22,0),\n\t\tELR_CODE as string,\n\t\tPRIM_ELR_IND as string,\n\t\tSTART_MILES as decimal(22,0),\n\t\tSTART_YARDS as decimal(22,0),\n\t\tEND_MILES as decimal(22,0),\n\t\tEND_YARDS as decimal(22,0),\n\t\tBUSINESS_REF as string,\n\t\tMODIFIED_DATE as timestamp,\n\t\tMODIFIED_BY_USER_ID as string,\n\t\tROW_VER as decimal(22,0),\n\t\tDELETED_FLG as string,\n\t\tSTART_MILEAGE_SIGN_NUM as decimal(22,0),\n\t\tEND_MILEAGE_SIGN_NUM as decimal(22,0)\n\t),\n\tallowSchemaDrift: true,\n\tvalidateSchema: false,\n\tignoreNoFilesFound: false,\n\tformat: 'parquet') ~> CarrsElementELR\nsource(output(\n\t\tELEMENT_ID as decimal(22,0),\n\t\tORG_ID as decimal(22,0),\n\t\tROLE_TYPE_ID as decimal(22,0),\n\t\tMODIFIED_DATE as date,\n\t\tMODIFIED_BY_USER_ID as string,\n\t\tROW_VER as decimal(22,0),\n\t\tDELETED_FLG as string,\n\t\tEFF_FROM_DATE as date,\n\t\tEFF_TO_DATE as date\n\t),\n\tallowSchemaDrift: true,\n\tvalidateSchema: false,\n\tignoreNoFilesFound: false,\n\tformat: 'parquet') ~> CarrsElementRole\nsource(output(\n\t\tGEOG_UNIT_ID as decimal(22,0),\n\t\tGEOG_UNIT_TYPE_ID as decimal(22,0),\n\t\tGEOG_UNIT_ABBR as string,\n\t\tGEOG_UNIT_NAME as string,\n\t\tPARENT_GEOG_UNIT_ID as decimal(22,0),\n\t\tDELETED_FLG as string,\n\t\tMODIFIED_DATE as date,\n\t\tMODIFIED_BY_USER_ID as string,\n\t\tROW_VER as decimal(22,0)\n\t),\n\tallowSchemaDrift: true,\n\tvalidateSchema: false,\n\tignoreNoFilesFound: false,\n\tformat: 'parquet') ~> CarrsGeogUnit\nsource(output(\n\t\tORG_ID as decimal(22,0),\n\t\tORG_NAME as string,\n\t\tORG_ADDR as string,\n\t\tORG_TEL_NUM_TEXT as string,\n\t\tNR_FLG as string,\n\t\tMODIFIED_DATE as date,\n\t\tMODIFIED_BY_USER_ID as string,\n\t\tROW_VER as decimal(22,0),\n\t\tDELETED_FLG as string\n\t),\n\tallowSchemaDrift: true,\n\tvalidateSchema: false,\n\tignoreNoFilesFound: false,\n\tformat: 'parquet') ~> CarrsOrgUnit\nsource(output(\n\t\tORG_SR_KEY as decimal(18,0),\n\t\tREGION as string,\n\t\tROUTE as string\n\t),\n\tallowSchemaDrift: true,\n\tvalidateSchema: false,\n\tisolationLevel: 'READ_UNCOMMITTED',\n\tquery: 'Select ORG_SR_KEY, REGION,ROUTE from CES.ORG',\n\tformat: 'query') ~> ORG\nsource(output(\n\t\tGUID as string,\n\t\tTerritory as string,\n\t\tArea as string,\n\t\t{Railway ID} as string,\n\t\tELR as string,\n\t\tStartMileage as string,\n\t\t{HCE#} as string,\n\t\t{Asset Type} as string,\n\t\tDescription as string,\n\t\tMaterial as string,\n\t\t{Owning Party} as string\n\t),\n\tallowSchemaDrift: true,\n\tvalidateSchema: false,\n\tignoreNoFilesFound: false) ~> ManualHCEFlag\nsource(output(\n\t\tAREA_SR_KEY as decimal(18,0),\n\t\tORG_SR_KEY as decimal(18,0),\n\t\tAREA_NAME as string,\n\t\tCREATED_USER as string,\n\t\tCREATED_DATE as timestamp,\n\t\tUPDATED_USER as string,\n\t\tUPDATED_DATE as timestamp\n\t),\n\tallowSchemaDrift: true,\n\tvalidateSchema: false,\n\tisolationLevel: 'READ_UNCOMMITTED',\n\tquery: 'Select * from CES.Area',\n\tformat: 'query') ~> Area\nsource(output(\n\t\tREF_TYP_SR_KEY as decimal(18,0),\n\t\tREF_TYP_NAME as string,\n\t\tREF_TYP_CODE as string,\n\t\tREF_VAL_SR_KEY as decimal(18,0),\n\t\tREF_VALUE as string\n\t),\n\tallowSchemaDrift: true,\n\tvalidateSchema: false,\n\tisolationLevel: 'READ_UNCOMMITTED',\n\tquery: 'Select * from CTL_CES_ADL_CONTROL.vw_ADF_Reference_Type_Value',\n\tformat: 'query') ~> ViewReferenceTypeValue\nsource(output(\n\t\tELR_SR_KEY as decimal(18,0),\n\t\tELR_CODE as string,\n\t\tELR_AREA_SR_KEY as decimal(18,0),\n\t\tELR_ORG_SR_KEY as decimal(18,0)\n\t),\n\tallowSchemaDrift: true,\n\tvalidateSchema: false,\n\tisolationLevel: 'READ_UNCOMMITTED',\n\tquery: 'Select ELR_SR_KEY, ELR_CODE, AREA_SR_KEY as ELR_AREA_SR_KEY, ORG_SR_KEY as ELR_ORG_SR_KEY from CES.ENGINE_LINE_REF',\n\tformat: 'query') ~> ELR\nsource(output(\n\t\tELEMENT_ID as decimal(22,0),\n\t\tTENANTED_FLG as string\n\t),\n\tallowSchemaDrift: true,\n\tvalidateSchema: false,\n\tignoreNoFilesFound: false,\n\tformat: 'parquet') ~> TenantedFlag\nCarrsElementType, AssetType join(lower(ELEMENT_TYPE_DESC) == lower(ASSET_TYPE_DESC),\n\tjoinType:'inner',\n\tbroadcast: 'auto')~> ElementTypeJoinAsset\nElementTypeJoinAsset, CarrsReference join(ASSET_GROUP_ID == RV_ID\n\t&& 'ASG' == upper(RV_TYPE),\n\tjoinType:'inner',\n\tbroadcast: 'left')~> ElementtypejoinReference\nElementtypejoinReference, AssetGroup join(RV_CODE == ASSET_GROUP,\n\tjoinType:'inner',\n\tbroadcast: 'auto')~> ElementTypeJoinAssetGroup\nElementTypeJoinAssetGroup select(mapColumn(\n\t\tELEMENT_TYPE_ID,\n\t\tASSET_TYPE_SR_KEY,\n\t\tASSET_TYPE_DESC,\n\t\tASSET_GROUP_SR_KEY = AssetGroup@ASSET_GROUP_SR_KEY,\n\t\tELEMENT_TYPE_ID\n\t),\n\tskipDuplicateMapInputs: true,\n\tskipDuplicateMapOutputs: true) ~> SelectElementType\nCarrsElement, SelectElementType lookup(CarrsElement@ELEMENT_TYPE_ID == SelectElementType@ELEMENT_TYPE_ID,\n\tmultiple: false,\n\tpickup: 'any',\n\tbroadcast: 'auto')~> lookupElementType\nlookupElementType select(mapColumn(\n\t\tELEMENT_ID,\n\t\tCAI_GUID,\n\t\tPARENT_ELEMENT_ID,\n\t\tELEMENT_NAME,\n\t\tSTART_OS_REF,\n\t\tEND_OS_REF,\n\t\tNR_LIABILITY_TEXT,\n\t\tSENSITIVE_FLG,\n\t\tSENSITIVE_REASON_TEXT,\n\t\tLISTED_FLG,\n\t\tCONSTR_DETAIL_TEXT,\n\t\tMATERIAL_ID,\n\t\tROUTE_TYPE_ID,\n\t\tAGG_TRACK_CAT_ID,\n\t\tROUTE_POLICY_REF_FLG,\n\t\tSTRUCT_POLICY_REF_FLG,\n\t\tRAILWAY_TYPE_ID,\n\t\tTRAIN_SERVICE_ID,\n\t\tROAD_NUM_TEXT,\n\t\tRIGHT_OF_WAY_ID,\n\t\tLISTING_TYPE_ID,\n\t\tLISTING_COUNTY_ID,\n\t\tLISTING_DISTRICT_ID,\n\t\tLISTING_DESIGNATED_DATE,\n\t\tLISTING_REMARKS_TEXT,\n\t\tCONSTR_YEAR_NUM,\n\t\tELEMENT_LENGTH_TEXT,\n\t\tELEMENT_DEPTH_TEXT,\n\t\tELEMENT_WIDTH_TEXT,\n\t\tIRRIG_CONTACT_NAME,\n\t\tRECONSTR_YEAR_NUM,\n\t\tLAT_POS_ID,\n\t\tELEMENT_TYPE_ID = CarrsElement@ELEMENT_TYPE_ID,\n\t\tOP_STATUS_ID,\n\t\tAREA_ID,\n\t\tMODIFIED_DATE,\n\t\tMODIFIED_BY_USER_ID,\n\t\tROW_VER,\n\t\tLATEST_SCMI_SCORE_VAL,\n\t\tNOTE_TEXT,\n\t\tIDENT_TRACK_ID,\n\t\tDELETED_FLG,\n\t\tTERRITORY_ID,\n\t\tMAJ_STRUCT_FLG,\n\t\tLATEST_SCMI_SCORE_DATE,\n\t\tCALCULATED_PERIOD,\n\t\tCALCULATED_PERIOD_DAY,\n\t\tCALCULATED_PERIOD_MONTH,\n\t\tCALCULATED_PERIOD_YEAR,\n\t\tCALCULATED_RISK_LEVEL_ID,\n\t\tCAPABILITY_ID,\n\t\tPERIOD_DAY,\n\t\tPERIOD_MONTH,\n\t\tPERIOD_YEAR,\n\t\tRISK_CODE_ID,\n\t\tRISK_LEVEL_ID,\n\t\tSECONDARY_MATERIAL_ID,\n\t\tSTRUC_FORM_ID,\n\t\tOUTSIDE_PARTY_ID,\n\t\tCOST_RECOVERABLE,\n\t\tANNUAL_MAINT_RENEWAL_CHARGE,\n\t\tASSET_TYPE_SR_KEY,\n\t\tASSET_GROUP_SR_KEY\n\t),\n\tskipDuplicateMapInputs: true,\n\tskipDuplicateMapOutputs: true) ~> Select1\nCarrsGeogUnit, ORG join(lower(GEOG_UNIT_NAME) == lower(ROUTE),\n\tjoinType:'inner',\n\tbroadcast: 'auto')~> GeogUnitJoinORG\nGeogUnitJoinORG select(mapColumn(\n\t\tORG_SR_KEY,\n\t\tROUTE,\n\t\tGEOG_UNIT_ID\n\t),\n\tskipDuplicateMapInputs: true,\n\tskipDuplicateMapOutputs: true) ~> SelectRoute\nSelect1, SelectRoute lookup(TERRITORY_ID == GEOG_UNIT_ID,\n\tmultiple: false,\n\tpickup: 'any',\n\tbroadcast: 'auto')~> LookupGEOORG\nDerivedColumnRefType, SelectReferenceValue lookup(MATERIAL_ID == RV_ID\n\t&& RVTypeMaterial == REF_TYP_CODE,\n\tmultiple: false,\n\tpickup: 'any',\n\tbroadcast: 'auto')~> LookupReferencePMAT\nCarrsElement derive(RVTypeMaterial = 'MAT',\n\t\tRVTypeOperational = 'OPS',\n\t\tRVTypeStructural = 'STF') ~> DerivedColumnRefType\nDerivedColumnRefType, SelectReferenceValue lookup(SECONDARY_MATERIAL_ID == RV_ID\n\t&& RVTypeMaterial == REF_TYP_CODE,\n\tmultiple: false,\n\tpickup: 'any',\n\tbroadcast: 'auto')~> LookupReferenceSMAT\nDerivedColumnRefType, SelectReferenceValue lookup(OP_STATUS_ID == RV_ID\n\t&& RVTypeOperational == REF_TYP_CODE,\n\tmultiple: false,\n\tpickup: 'any',\n\tbroadcast: 'auto')~> lookupRefOPS\nlookupRefOPS select(mapColumn(\n\t\tELEMENT_ID,\n\t\tOPERATIONAL_STATUS = REF_VAL_SR_KEY\n\t),\n\tskipDuplicateMapInputs: true,\n\tskipDuplicateMapOutputs: true) ~> SelectOperationlStatus\nLookupReferenceSMAT select(mapColumn(\n\t\tELEMENT_ID,\n\t\tSECONDARY_MATERIAL = REF_VAL_SR_KEY\n\t),\n\tskipDuplicateMapInputs: true,\n\tskipDuplicateMapOutputs: true) ~> SelectSecondayMat\nLookupReferencePMAT select(mapColumn(\n\t\tELEMENT_ID,\n\t\tPRIMARY_MATERIAL = REF_VAL_SR_KEY\n\t),\n\tskipDuplicateMapInputs: true,\n\tskipDuplicateMapOutputs: true) ~> SelectPrimaryMat\nDerivedColumnRefType, SelectReferenceValue lookup(STRUC_FORM_ID == RV_ID\n\t&& RVTypeStructural == REF_TYP_CODE,\n\tmultiple: false,\n\tpickup: 'any',\n\tbroadcast: 'auto')~> LookupRefStructural\nLookupRefStructural select(mapColumn(\n\t\tELEMENT_ID,\n\t\tSTRUCTURAL_FORM = REF_VAL_SR_KEY\n\t),\n\tskipDuplicateMapInputs: true,\n\tskipDuplicateMapOutputs: true) ~> SelectStructuralForm\nSelectOperationlStatus, SelectStructuralForm join(SelectOperationlStatus@ELEMENT_ID == SelectStructuralForm@ELEMENT_ID,\n\tjoinType:'inner',\n\tbroadcast: 'auto')~> Join1\nSelectSecondayMat, SelectPrimaryMat join(SelectSecondayMat@ELEMENT_ID == SelectPrimaryMat@ELEMENT_ID,\n\tjoinType:'inner',\n\tbroadcast: 'auto')~> Join2\nJoin1, Join2 join(SelectOperationlStatus@ELEMENT_ID == SelectSecondayMat@ELEMENT_ID,\n\tjoinType:'inner',\n\tbroadcast: 'auto')~> ElementReference\nElementReference select(mapColumn(\n\t\tELEMENT_ID = SelectOperationlStatus@ELEMENT_ID,\n\t\tOPERATIONAL_STATUS,\n\t\tSTRUCTURAL_FORM,\n\t\tSECONDARY_MATERIAL,\n\t\tPRIMARY_MATERIAL\n\t),\n\tskipDuplicateMapInputs: true,\n\tskipDuplicateMapOutputs: true) ~> SelectElementReference\nLookupGEOORG, SelectElementReference join(Select1@ELEMENT_ID == SelectElementReference@ELEMENT_ID,\n\tjoinType:'inner',\n\tbroadcast: 'auto')~> ElementJoinReference\nCarrsElementRole, CarrsOrgUnit join(CarrsElementRole@ORG_ID == CarrsOrgUnit@ORG_ID\n\t&& ROLE_TYPE_ID == 1,\n\tjoinType:'inner',\n\tbroadcast: 'right')~> JoinCarrsorgUnit\nJoinCarrsorgUnit select(mapColumn(\n\t\tELEMENT_ID,\n\t\tOWNING_PARTY = ORG_NAME\n\t),\n\tskipDuplicateMapInputs: true,\n\tskipDuplicateMapOutputs: true) ~> SelectElementRoleORG\nElementJoinReference, SelectElementRoleORG lookup(Select1@ELEMENT_ID == SelectElementRoleORG@ELEMENT_ID,\n\tmultiple: false,\n\tpickup: 'any',\n\tbroadcast: 'auto')~> LookupElementRole\nCarrsElement select(mapColumn(\n\t\tELEMENT_ID,\n\t\tPARENT_ASSET_GUID = CAI_GUID\n\t),\n\tskipDuplicateMapInputs: true,\n\tskipDuplicateMapOutputs: true) ~> SelectParentAssetID\nLookupElementRole, SelectParentAssetID lookup(PARENT_ELEMENT_ID == SelectParentAssetID@ELEMENT_ID,\n\tmultiple: false,\n\tpickup: 'any',\n\tbroadcast: 'auto')~> LookUpParentAsset\nJoinTenantedFlag select(mapColumn(\n\t\tASSET_GUID = CAI_GUID,\n\t\tTENANTED_FLG,\n\t\tOUTSIDE_PARTY = RV_DESC,\n\t\tASSET_NAME = ELEMENT_NAME,\n\t\tSTART_OS_GRID_REF = START_OS_REF,\n\t\tEND_OS_GRID_REF = END_OS_REF,\n\t\tUPDATED_DATE = Select1@MODIFIED_DATE,\n\t\tUPDATED_USER = Select1@MODIFIED_BY_USER_ID,\n\t\tASSET_TYPE_SR_KEY,\n\t\tASSET_GROUP_SR_KEY,\n\t\tORG_SR_KEY,\n\t\tENG_LINE_REF = ELR_SR_KEY,\n\t\tSTART_MILES,\n\t\tSTART_YARDS,\n\t\tEND_MILES,\n\t\tEND_YARDS,\n\t\tRAILWAY_ID = BUSINESS_REF,\n\t\tOPERATIONAL_STATUS,\n\t\tSTRUCTURAL_FORM,\n\t\tSECONDARY_MATERIAL,\n\t\tPRIMARY_MATERIAL,\n\t\tOWNING_PARTY,\n\t\tPARENT_ASSET_GUID,\n\t\tHCE_FLAG = HCEFlag,\n\t\tAREA_SR_KEY,\n\t\tCMI_SCORE = LATEST_SCMI_SCORE_VAL,\n\t\tCMI_DATE = LATEST_SCMI_SCORE_DATE,\n\t\tDELETED_FLG = Select1@DELETED_FLG\n\t),\n\tskipDuplicateMapInputs: false,\n\tskipDuplicateMapOutputs: false) ~> SelectFinal\nCarrsElement, ManualHCEFlag lookup(CAI_GUID == GUID,\n\tmultiple: false,\n\tpickup: 'any',\n\tbroadcast: 'auto')~> lookupHCEFlag\nlookupHCEFlag derive(HCEFlag = iif(isNull(GUID),'N','Y')) ~> DerivedColumn1\nDerivedColumn1 select(mapColumn(\n\t\tELEMENT_ID,\n\t\tHCEFlag\n\t),\n\tskipDuplicateMapInputs: true,\n\tskipDuplicateMapOutputs: true) ~> SelectHCEFlagMapping\nLookUpParentAsset, SelectHCEFlagMapping lookup(Select1@ELEMENT_ID == SelectHCEFlagMapping@ELEMENT_ID,\n\tmultiple: false,\n\tpickup: 'any',\n\tbroadcast: 'auto')~> HCEFlag\nCarrsGeogUnit, Area join(lower(GEOG_UNIT_NAME) == lower(AREA_NAME),\n\tjoinType:'inner',\n\tbroadcast: 'auto')~> GeoJoinArea\nGeoJoinArea select(mapColumn(\n\t\tGEOG_UNIT_ID,\n\t\tAREA_SR_KEY,\n\t\tAREA_NAME\n\t),\n\tskipDuplicateMapInputs: true,\n\tskipDuplicateMapOutputs: true) ~> SelectAreaSRKey\nLookUpOutsideparty, SelectAreaSRKey lookup(AREA_ID == SelectAreaSRKey@GEOG_UNIT_ID,\n\tmultiple: false,\n\tpickup: 'any',\n\tbroadcast: 'auto')~> AreaLookup\nSelectFinal split(!isNull(ASSET_GUID),\n\tdisjoint: false) ~> ConditionalSplit1@(AssetGuidValid, AssetGuidError)\nConditionalSplit1@AssetGuidError derive(ErrorDesc = 'CAI_GUID is Null') ~> AssetGuidErrorDesc\nConditionalSplit1@AssetGuidValid split(!isNull(ASSET_TYPE_SR_KEY),\n\tdisjoint: false) ~> ConditionalSplit2@(ElementTypeDescValid, ElementTypeDescError)\nConditionalSplit2@ElementTypeDescError derive(ErrorDesc = 'Element Type description is Null') ~> ElementTypeDescErrorDesc\nConditionalSplit2@ElementTypeDescValid split(!isNull(ASSET_GROUP_SR_KEY),\n\tdisjoint: false) ~> ConditionalSplit3@(AssetGroupIdValid, AssetGroupIdError)\nConditionalSplit3@AssetGroupIdError derive(ErrorDesc = 'Element Type description is Null') ~> AssertGroupIdError\nConditionalSplit3@AssetGroupIdValid split(!isNull(ORG_SR_KEY),\n\tdisjoint: false) ~> ConditionalSplit4@(TERRITORYValid, TERRITORYError)\nConditionalSplit4@TERRITORYError derive(ErrorDesc = 'Route is Null') ~> TerritoryError\nConditionalSplit4@TERRITORYValid split(!isNull(AREA_SR_KEY),\n\tdisjoint: false) ~> ConditionalSplit5@(AREAValid, AREAError)\nConditionalSplit5@AREAError derive(ErrorDesc = 'Area is Null') ~> AreaIdError\nConditionalSplit5@AREAValid split(!isNull(ENG_LINE_REF),\n\tdisjoint: false) ~> ConditionalSplit6@(EngLinrRefValid, EngLinrRefError)\nConditionalSplit6@EngLinrRefError derive(ErrorDesc = 'EngLineRef is Null') ~> EngLineRefError\nConditionalSplit6@EngLinrRefValid split(!isNull(START_MILES),\n\tdisjoint: false) ~> ConditionalSplit7@(StartMilesValid, StartMilesError)\nConditionalSplit7@StartMilesError derive(ErrorDesc = 'Start miles is Null') ~> StartMilesError\nConditionalSplit7@StartMilesValid split(!isNull(START_YARDS),\n\tdisjoint: false) ~> ConditionalSplit8@(StartYardsValid, StartYardsError)\nConditionalSplit8@StartYardsError derive(ErrorDesc = 'Start Yards is Null') ~> StartYardsError\nConditionalSplit8@StartYardsValid split(!isNull(HCE_FLAG),\n\tdisjoint: false) ~> ConditionalSplit9@(HceFlagValid, HceFlagError)\nConditionalSplit9@HceFlagError derive(ErrorDesc = 'HCE Flag is Null') ~> HceFlagError\nAssetGuidErrorDesc, ElementTypeDescErrorDesc, AssertGroupIdError, TerritoryError, AreaIdError, EngLineRefError, StartMilesError, StartYardsError, HceFlagError union(byName: true)~> ErrorRecords\nCarrsReference, ViewReferenceTypeValue join(lower(RV_DESC) == lower(REF_VALUE),\n\tjoinType:'inner',\n\tbroadcast: 'auto')~> JoinCESReferenceView\nJoinCESReferenceView select(mapColumn(\n\t\tRV_ID,\n\t\tRV_CODE,\n\t\tREF_TYP_CODE,\n\t\tREF_VAL_SR_KEY,\n\t\tREF_VALUE\n\t),\n\tskipDuplicateMapInputs: true,\n\tskipDuplicateMapOutputs: true) ~> SelectReferenceValue\nCarrsElementELR, ELR join(CarrsElementELR@ELR_CODE == ELR@ELR_CODE,\n\tjoinType:'left',\n\tbroadcast: 'auto')~> CarrsElementJoinELR\nConditionalSplit9@HceFlagValid derive(Migration_CREATED_DATE = currentUTC()) ~> DerivedColumn2\nHCEFlag, CarrsReference lookup(OUTSIDE_PARTY_ID == RV_ID,\n\tmultiple: false,\n\tpickup: 'any',\n\tbroadcast: 'auto')~> LookUpOutsideparty\nLookupELR, TenantedFlag join(Select1@ELEMENT_ID == TenantedFlag@ELEMENT_ID,\n\tjoinType:'left',\n\tbroadcast: 'auto')~> JoinTenantedFlag\nAreaLookup, CarrsElementJoinELR lookup(Select1@ELEMENT_ID == CarrsElementELR@ELEMENT_ID\n\t&& AREA_SR_KEY == ELR_AREA_SR_KEY\n\t&& ORG_SR_KEY == ELR_ORG_SR_KEY,\n\tmultiple: false,\n\tpickup: 'any',\n\tbroadcast: 'auto')~> LookupELR\nDerivedColumn2 sink(allowSchemaDrift: true,\n\tvalidateSchema: false,\n\tformat: 'parquet',\n\tpartitionFileNames:[(concat('CES_Asset_',toString(currentUTC(),'yyyyMMdd'),'.parquet'))],\n\tumask: 0022,\n\tskipDuplicateMapInputs: true,\n\tskipDuplicateMapOutputs: true,\n\tpartitionBy('hash', 1)) ~> SinkDQCurated\nErrorRecords sink(allowSchemaDrift: true,\n\tvalidateSchema: false,\n\tpartitionFileNames:[(concat('CES_Asset_Error_',toString(currentUTC(),'yyyyMMdd'),'.csv'))],\n\tumask: 0022,\n\tskipDuplicateMapInputs: true,\n\tskipDuplicateMapOutputs: true,\n\tpartitionBy('hash', 1)) ~> sinkError"
		}
	}
}