{
	"name": "dataflow_ces_Photo_Migration_Raw_Curated",
	"properties": {
		"folder": {
			"name": "ALARM/PhotoMetadata"
		},
		"type": "MappingDataFlow",
		"typeProperties": {
			"sources": [
				{
					"dataset": {
						"referenceName": "ds_adlsgen2_Common_parquet",
						"type": "DatasetReference"
					},
					"name": "ImageParquet"
				},
				{
					"dataset": {
						"referenceName": "ds_SQL_common_query",
						"type": "DatasetReference"
					},
					"name": "CesExam"
				},
				{
					"dataset": {
						"referenceName": "ds_SQL_common_query",
						"type": "DatasetReference"
					},
					"name": "CesExamType"
				},
				{
					"dataset": {
						"referenceName": "ds_SQL_common_query",
						"type": "DatasetReference"
					},
					"name": "CesAsset"
				}
			],
			"sinks": [
				{
					"dataset": {
						"referenceName": "ds_adlsgen2_Insert_Parquet",
						"type": "DatasetReference"
					},
					"name": "sinkImage"
				},
				{
					"dataset": {
						"referenceName": "ds_adlsgen2_common_sink_csv",
						"type": "DatasetReference"
					},
					"name": "sinkError"
				}
			],
			"transformations": [
				{
					"name": "JoinExType"
				},
				{
					"name": "Join1"
				},
				{
					"name": "Lookup1"
				},
				{
					"name": "DerivedColumn1"
				},
				{
					"name": "SelectImageCols"
				},
				{
					"name": "ConditionalSplit1"
				},
				{
					"name": "ConditionalSplit2"
				},
				{
					"name": "DerivedColumn2"
				},
				{
					"name": "DerivedColumn3"
				},
				{
					"name": "Union1"
				},
				{
					"name": "SelectErrCols"
				}
			],
			"script": "parameters{\n\tFileURL as string,\n\tRawDirectory as string\n}\nsource(output(\n\t\tASSET_GUID as string,\n\t\tEXAM_DATE as date,\n\t\tEXAM_TYPE as string,\n\t\tDESCRIPTION as string,\n\t\tIMAGE_INDEX as decimal(10,0),\n\t\tIMAGE_TYPE as string,\n\t\tIMAGE_NAME as string,\n\t\tIMAGE_LINK as string\n\t),\n\tallowSchemaDrift: true,\n\tvalidateSchema: false,\n\tignoreNoFilesFound: false,\n\tformat: 'parquet') ~> ImageParquet\nsource(output(\n\t\tASSET_GUID as string,\n\t\tEXAM_SR_KEY as decimal(18,0),\n\t\tEXAM_ACTUAL_DATE as date,\n\t\tEXAM_TYPE_SR_KEY as decimal(18,0)\n\t),\n\tallowSchemaDrift: true,\n\tvalidateSchema: false,\n\tignoreNoFilesFound: false,\n\tisolationLevel: 'READ_UNCOMMITTED',\n\tquery: 'SELECT ASSET_GUID,EXAM_SR_KEY,EXAM_ACTUAL_DATE,EXAM_TYPE_SR_KEY FROM CES.EXAM\\nWHERE IsActive =1 ',\n\tformat: 'query') ~> CesExam\nsource(output(\n\t\tEXAM_TYPE_SR_KEY as decimal(18,0),\n\t\tEXAM_TYPE as string\n\t),\n\tallowSchemaDrift: true,\n\tvalidateSchema: false,\n\tignoreNoFilesFound: false,\n\tisolationLevel: 'READ_UNCOMMITTED',\n\tquery: 'SELECT EXAM_TYPE_SR_KEY,EXAM_TYPE FROM CES.EXAM_TYPE\\nWHERE IsActive =1 ',\n\tformat: 'query') ~> CesExamType\nsource(output(\n\t\tASSET_GUID as string,\n\t\tPARENT_ASSET_GUID as string,\n\t\tASSET_NAME as string,\n\t\tASSET_TYPE_SR_KEY as decimal(18,0),\n\t\tASSET_GROUP_SR_KEY as decimal(18,0),\n\t\tORG_SR_KEY as decimal(18,0),\n\t\tAREA_SR_KEY as decimal(18,0),\n\t\tENG_LINE_REF as decimal(18,0),\n\t\tRAILWAY_ID as string,\n\t\tSTART_MILES as decimal(5,0),\n\t\tSTART_YARDS as decimal(5,0),\n\t\tEND_MILES as decimal(5,0),\n\t\tEND_YARDS as decimal(5,0),\n\t\tPRIMARY_MATERIAL as decimal(18,0),\n\t\tSECONDARY_MATERIAL as decimal(18,0),\n\t\tOPERATIONAL_STATUS as decimal(18,0),\n\t\tSTRUCTURAL_FORM as decimal(18,0),\n\t\tOWNING_PARTY as string,\n\t\tPOSSESSION_CRITICAL as string,\n\t\tGPS_START_MILEAGE as string,\n\t\tGPS_END_MILEAGE as string,\n\t\tSTART_OS_GRID_REF as string,\n\t\tEND_OS_GRID_REF as string,\n\t\tHCE_FLAG as string,\n\t\tANY_HIDDEN_PARTS as string,\n\t\tSTRUCTURE_CARRIES as string,\n\t\tSTRUCTURE_OVER as string,\n\t\tCMI_SCORE as decimal(3,0),\n\t\tCMI_DATE as date,\n\t\tISACTIVE as boolean,\n\t\tCREATED_USER as string,\n\t\tCREATED_DATE as timestamp,\n\t\tUPDATED_USER as string,\n\t\tUPDATED_DATE as timestamp,\n\t\tOUTSIDE_PARTY as string,\n\t\tTENANTED_FLG as string\n\t),\n\tallowSchemaDrift: true,\n\tvalidateSchema: false,\n\tignoreNoFilesFound: false,\n\tisolationLevel: 'READ_UNCOMMITTED',\n\tquery: 'SELECT * FROM CES.ASSET\\nWHERE IsActive =1 ',\n\tformat: 'query') ~> CesAsset\nCesExam, CesExamType join(CesExam@EXAM_TYPE_SR_KEY == CesExamType@EXAM_TYPE_SR_KEY,\n\tjoinType:'inner',\n\tbroadcast: 'auto')~> JoinExType\nImageParquet, JoinExType join(EXAM_DATE == EXAM_ACTUAL_DATE\n\t&& ImageParquet@ASSET_GUID == CesExam@ASSET_GUID\n\t&& ImageParquet@EXAM_TYPE == CesExamType@EXAM_TYPE,\n\tjoinType:'left',\n\tbroadcast: 'auto')~> Join1\nJoin1, CesAsset lookup(ImageParquet@ASSET_GUID == CesAsset@ASSET_GUID,\n\tmultiple: false,\n\tpickup: 'any',\n\tbroadcast: 'auto')~> Lookup1\nLookup1 derive(IMAGE_NAME_der = split(IMAGE_NAME,'\\\\')[3],\n\t\tIMAGE_LINK_der = concat($FileURL,'ces-adls/',$RawDirectory),\n\t\tCREATED_DATE = currentUTC(),\n\t\tCREATED_USER = 'CARRS') ~> DerivedColumn1\nDerivedColumn1 select(mapColumn(\n\t\tASSET_GUID = ImageParquet@ASSET_GUID,\n\t\tCES_ASSET_GUID = CesAsset@ASSET_GUID,\n\t\tEXAM_SR_KEY,\n\t\tDESCRIPTION,\n\t\tIMAGE_INDEX,\n\t\tIMAGE_NAME = IMAGE_NAME_der,\n\t\tIMAGE_LINK = IMAGE_LINK_der,\n\t\tIMAGE_TYPE,\n\t\tCREATED_USER,\n\t\tCREATED_DATE\n\t),\n\tskipDuplicateMapInputs: true,\n\tskipDuplicateMapOutputs: true) ~> SelectImageCols\nSelectImageCols split(!isNull(CES_ASSET_GUID),\n\tdisjoint: false) ~> ConditionalSplit1@(ValidAssetGuid, InvalidAssetGuid)\nConditionalSplit1@ValidAssetGuid split(!isNull(EXAM_SR_KEY),\n\tdisjoint: false) ~> ConditionalSplit2@(ValidExamSrkey, InvalidExamSrkey)\nConditionalSplit2@InvalidExamSrkey derive(ErrorDesc = 'Exam Sr_Key is Null') ~> DerivedColumn2\nConditionalSplit1@InvalidAssetGuid derive(ErrorDesc = 'Ces_Asset_Guid is Null') ~> DerivedColumn3\nDerivedColumn2, DerivedColumn3 union(byName: true)~> Union1\nUnion1 select(mapColumn(\n\t\tASSET_GUID,\n\t\tCES_ASSET_GUID,\n\t\tEXAM_SR_KEY,\n\t\tDESCRIPTION,\n\t\tIMAGE_INDEX,\n\t\tIMAGE_NAME,\n\t\tIMAGE_LINK,\n\t\tIMAGE_TYPE,\n\t\tErrorDesc\n\t),\n\tskipDuplicateMapInputs: true,\n\tskipDuplicateMapOutputs: true) ~> SelectErrCols\nConditionalSplit2@ValidExamSrkey sink(allowSchemaDrift: true,\n\tvalidateSchema: false,\n\tformat: 'parquet',\n\tpartitionFileNames:[(concat('CES_Image_',toString(currentUTC(),'yyyyMMdd'),'.parquet'))],\n\tpartitionBy('hash', 1),\n\tskipDuplicateMapInputs: true,\n\tskipDuplicateMapOutputs: true) ~> sinkImage\nSelectErrCols sink(allowSchemaDrift: true,\n\tvalidateSchema: false,\n\tpartitionFileNames:[(concat('CES_Image_Error_',toString(currentUTC(),'yyyyMMdd'),'.csv'))],\n\tpartitionBy('hash', 1),\n\tskipDuplicateMapInputs: true,\n\tskipDuplicateMapOutputs: true) ~> sinkError"
		}
	}
}