{
	"name": "dataflow_ces_Bridge_Asset_Migration_Transform",
	"properties": {
		"folder": {
			"name": "CARRS/Ext_Asset"
		},
		"type": "MappingDataFlow",
		"typeProperties": {
			"sources": [
				{
					"dataset": {
						"referenceName": "ds_adlsgen2_common_xlsx",
						"type": "DatasetReference"
					},
					"name": "sourceExtAsset"
				},
				{
					"dataset": {
						"referenceName": "ds_SQL_common_query",
						"type": "DatasetReference"
					},
					"name": "cesasset"
				}
			],
			"sinks": [
				{
					"dataset": {
						"referenceName": "ds_adlsgen2_Common_TableInsertUpdate",
						"type": "DatasetReference"
					},
					"name": "sink1"
				},
				{
					"dataset": {
						"referenceName": "ds_adlsgen2_Insert_Parquet",
						"type": "DatasetReference"
					},
					"name": "sinkcurated"
				}
			],
			"transformations": [
				{
					"name": "Selectcolumns"
				},
				{
					"name": "Join"
				},
				{
					"name": "AlterRow"
				},
				{
					"name": "DerivedColumn1"
				},
				{
					"name": "Filter1"
				}
			],
			"script": "source(output(\n\t\tGUID as string,\n\t\tTERRITORY as string,\n\t\tAREA as string,\n\t\tROUTE as string,\n\t\tELR as string,\n\t\tSTART_MILEAGE as double,\n\t\tEND_MILEAGE as double,\n\t\tRAILWAY_ID as string,\n\t\tTYPE_GROUP_CODE as string,\n\t\tTYPE_GROUP_DESC as string,\n\t\tASSET_TYPE as string,\n\t\tDESCRIPTION as string,\n\t\tPRIMARY_MATERIAL as string,\n\t\tOS_GRID_REF as string,\n\t\tHCE_FLAG as boolean,\n\t\tSTRUCTURE_CARRIES as string,\n\t\tSTRUCTURE_OVER as string,\n\t\tLATEST_SCMI_SCORE as short,\n\t\tLATEST_SCMI_DATE as date,\n\t\tINSERT_DATE as string,\n\t\tUPDATE_DATE as string\n\t),\n\tallowSchemaDrift: true,\n\tvalidateSchema: false,\n\tignoreNoFilesFound: false) ~> sourceExtAsset\nsource(output(\n\t\tces_asset_guid as string,\n\t\tstructure_carries as string,\n\t\tstructure_over as string\n\t),\n\tallowSchemaDrift: true,\n\tvalidateSchema: false,\n\tisolationLevel: 'READ_UNCOMMITTED',\n\tquery: 'select asset_guid as ces_asset_guid,structure_carries,structure_over from ces.asset',\n\tformat: 'query') ~> cesasset\nDerivedColumn1 select(mapColumn(\n\t\tGUID = DC_Asset_Guid,\n\t\tSTRUCTURE_CARRIES,\n\t\tSTRUCTURE_OVER,\n\t\tUPDATED_DATE,\n\t\tUPDATED_USER\n\t),\n\tskipDuplicateMapInputs: true,\n\tskipDuplicateMapOutputs: true) ~> Selectcolumns\nSelectcolumns, cesasset join(GUID == ces_asset_guid,\n\tjoinType:'inner',\n\tbroadcast: 'auto')~> Join\nJoin alterRow(updateIf(true())) ~> AlterRow\nFilter1 derive(DC_Asset_Guid = trim(GUID),\n\t\tUPDATED_USER = 'BRIDGE',\n\t\tUPDATED_DATE = currentUTC()) ~> DerivedColumn1\nsourceExtAsset filter(!isNull(STRUCTURE_CARRIES) || !isNull(STRUCTURE_OVER)) ~> Filter1\nAlterRow sink(allowSchemaDrift: true,\n\tvalidateSchema: false,\n\tdeletable:false,\n\tinsertable:false,\n\tupdateable:true,\n\tupsertable:false,\n\tkeys:['ASSET_GUID'],\n\tskipKeyWrites:true,\n\tformat: 'table',\n\tmapColumn(\n\t\tASSET_GUID = ces_asset_guid,\n\t\tSTRUCTURE_CARRIES = Selectcolumns@STRUCTURE_CARRIES,\n\t\tSTRUCTURE_OVER = Selectcolumns@STRUCTURE_OVER,\n\t\tUPDATED_DATE,\n\t\tUPDATED_USER\n\t),\n\tskipDuplicateMapInputs: true,\n\tskipDuplicateMapOutputs: true,\n\terrorHandlingOption: 'stopOnFirstError') ~> sink1\nSelectcolumns sink(allowSchemaDrift: true,\n\tvalidateSchema: false,\n\tformat: 'parquet',\n\tpartitionFileNames:[(concat('CES_Bridge_Asset_',toString(currentUTC(),'yyyyMMdd'),'.parquet'))],\n\tpartitionBy('hash', 1),\n\tskipDuplicateMapInputs: true,\n\tskipDuplicateMapOutputs: true) ~> sinkcurated"
		}
	}
}