{
	"name": "dataflow_ces_Asset_HCE_Migration_Transformation",
	"properties": {
		"folder": {
			"name": "CARRS/Asset_HCE"
		},
		"type": "MappingDataFlow",
		"typeProperties": {
			"sources": [
				{
					"dataset": {
						"referenceName": "ds_adlsgen2_common_xlsx",
						"type": "DatasetReference"
					},
					"name": "AssetHCE"
				},
				{
					"dataset": {
						"referenceName": "ds_SQL_common_query",
						"type": "DatasetReference"
					},
					"name": "CesAsset"
				}
			],
			"sinks": [
				{
					"dataset": {
						"referenceName": "ds_adlsgen2_Common_TableInsertUpdate",
						"type": "DatasetReference"
					},
					"name": "sinkHCE"
				},
				{
					"dataset": {
						"referenceName": "ds_adlsgen2_Insert_Parquet",
						"type": "DatasetReference"
					},
					"name": "sinkCurated"
				}
			],
			"transformations": [
				{
					"name": "DerivedColumnHCEFlag"
				},
				{
					"name": "AlterRow"
				},
				{
					"name": "Lookup1"
				}
			],
			"script": "source(output(\n\t\tGUID as string,\n\t\tTerritory as string,\n\t\tArea as string,\n\t\t{Railway ID} as string,\n\t\tELR as string,\n\t\tStartMileage as double,\n\t\t{HCE#} as short,\n\t\t{Asset Type} as string,\n\t\tDescription as string,\n\t\tMaterial as string,\n\t\t{Owning Party} as string\n\t),\n\tallowSchemaDrift: true,\n\tvalidateSchema: false,\n\tignoreNoFilesFound: false) ~> AssetHCE\nsource(output(\n\t\tASSET_GUID as string\n\t),\n\tallowSchemaDrift: true,\n\tvalidateSchema: false,\n\tignoreNoFilesFound: false,\n\tisolationLevel: 'READ_UNCOMMITTED',\n\tquery: 'select ASSET_GUID from ces.asset',\n\tformat: 'query') ~> CesAsset\nLookup1 derive(DC_HCEFlag = iif(isNull(GUID),'N','Y'),\n\t\tDC_UPDATED_USER = 'CARRS',\n\t\tDC_UPDATED_DATE = currentUTC()) ~> DerivedColumnHCEFlag\nDerivedColumnHCEFlag alterRow(updateIf(true())) ~> AlterRow\nCesAsset, AssetHCE lookup(trim(lower(ASSET_GUID)) == trim(lower(GUID)),\n\tmultiple: false,\n\tpickup: 'any',\n\tbroadcast: 'auto')~> Lookup1\nAlterRow sink(allowSchemaDrift: true,\n\tvalidateSchema: false,\n\tdeletable:false,\n\tinsertable:false,\n\tupdateable:true,\n\tupsertable:false,\n\tkeys:['ASSET_GUID'],\n\tskipKeyWrites:true,\n\tformat: 'table',\n\tmapColumn(\n\t\tASSET_GUID,\n\t\tHCE_FLAG = DC_HCEFlag,\n\t\tUPDATED_DATE = DC_UPDATED_DATE,\n\t\tUPDATED_USER = DC_UPDATED_USER\n\t),\n\tskipDuplicateMapInputs: true,\n\tskipDuplicateMapOutputs: true,\n\terrorHandlingOption: 'stopOnFirstError') ~> sinkHCE\nAlterRow sink(allowSchemaDrift: true,\n\tvalidateSchema: false,\n\tformat: 'parquet',\n\tpartitionFileNames:[(concat('CES_Asset_HCE_',toString(currentUTC(),'yyyyMMdd'),'.parquet'))],\n\tmapColumn(\n\t\tASSET_GUID,\n\t\tUPDATED_USER = DC_UPDATED_USER,\n\t\tUPDATED_DATE = DC_UPDATED_DATE,\n\t\tHCE_FLAG = DC_HCEFlag\n\t),\n\tpartitionBy('hash', 1),\n\tskipDuplicateMapInputs: true,\n\tskipDuplicateMapOutputs: true) ~> sinkCurated"
		}
	}
}