{
	"name": "dataflow_ces_Exam_Group_Sync_Transformation",
	"properties": {
		"folder": {
			"name": "CARRS/Exam_Group"
		},
		"type": "MappingDataFlow",
		"typeProperties": {
			"sources": [
				{
					"dataset": {
						"referenceName": "ds_adlsgen2_Common_parquet",
						"type": "DatasetReference"
					},
					"name": "sourceExamGroup"
				},
				{
					"dataset": {
						"referenceName": "ds_SQL_common_query",
						"type": "DatasetReference"
					},
					"name": "sourceCesAsset"
				}
			],
			"sinks": [
				{
					"dataset": {
						"referenceName": "ds_adlsgen2_Insert_Parquet",
						"type": "DatasetReference"
					},
					"name": "sinkcesExamGroup"
				},
				{
					"dataset": {
						"referenceName": "ds_adlsgen2_common_sink_csv",
						"type": "DatasetReference"
					},
					"name": "sinkError"
				}
			],
			"transformations": [
				{
					"name": "SelectColumns"
				},
				{
					"name": "JoinAssetGUID"
				},
				{
					"name": "ConditionalSplit1"
				},
				{
					"name": "DerivedErrorMsgColumn"
				},
				{
					"name": "StartDateNULL"
				},
				{
					"name": "DCStartDateError"
				},
				{
					"name": "Union1"
				}
			],
			"script": "source(output(\n\t\tCARRS_EXAM_GROUP_ID as decimal(9,0),\n\t\tSTART_DATE as date,\n\t\tEND_DATE as date,\n\t\tDELETED_FLG as string,\n\t\tLOC_AT_ASSET_GUID as string\n\t),\n\tallowSchemaDrift: true,\n\tvalidateSchema: false,\n\tignoreNoFilesFound: false,\n\tformat: 'parquet') ~> sourceExamGroup\nsource(output(\n\t\tASSET_GUID as string\n\t),\n\tallowSchemaDrift: true,\n\tvalidateSchema: false,\n\tisolationLevel: 'READ_UNCOMMITTED',\n\tquery: 'select ASSET_GUID from ces.asset',\n\tformat: 'query') ~> sourceCesAsset\nConditionalSplit1@AssetIDinCES select(mapColumn(\n\t\tCARRS_EXAM_GROUP_ID,\n\t\tSTART_DATE,\n\t\tEND_DATE,\n\t\tDELETED_FLG,\n\t\tLOC_AT_ASSET_GUID\n\t),\n\tskipDuplicateMapInputs: true,\n\tskipDuplicateMapOutputs: true) ~> SelectColumns\nsourceExamGroup, sourceCesAsset join(LOC_AT_ASSET_GUID == ASSET_GUID,\n\tjoinType:'left',\n\tbroadcast: 'auto')~> JoinAssetGUID\nStartDateNULL@StartDateNotNULL split(!isNull(ASSET_GUID),\n\tdisjoint: false) ~> ConditionalSplit1@(AssetIDinCES, AssetIDnotinCES)\nConditionalSplit1@AssetIDnotinCES derive(ErrorDesc = 'Asset_Guid is not present in CES.Asset') ~> DerivedErrorMsgColumn\nJoinAssetGUID split(!isNull(START_DATE),\n\tdisjoint: false) ~> StartDateNULL@(StartDateNotNULL, StartDateNULL)\nStartDateNULL@StartDateNULL derive(ErrorDesc = 'Start Date is NULL') ~> DCStartDateError\nDerivedErrorMsgColumn, DCStartDateError union(byName: true)~> Union1\nSelectColumns sink(allowSchemaDrift: true,\n\tvalidateSchema: false,\n\tformat: 'parquet',\n\tpartitionFileNames:[(concat('CES_Exam_Group_Sync_',toString(currentUTC(),'yyyyMMdd'),'.parquet'))],\n\tumask: 0022,\n\tskipDuplicateMapInputs: true,\n\tskipDuplicateMapOutputs: true,\n\tpartitionBy('hash', 1)) ~> sinkcesExamGroup\nUnion1 sink(allowSchemaDrift: true,\n\tvalidateSchema: false,\n\tpartitionFileNames:[(concat('CES_Exam_Group_Sync_Error_',toString(currentUTC(),'yyyyMMdd'),'.csv'))],\n\tumask: 0022,\n\tskipDuplicateMapInputs: true,\n\tskipDuplicateMapOutputs: true,\n\tpartitionBy('hash', 1)) ~> sinkError"
		}
	}
}