{
	"name": "dataflow_ces_Compliance_Sync_Transform",
	"properties": {
		"folder": {
			"name": "CARRS/Compliance"
		},
		"type": "MappingDataFlow",
		"typeProperties": {
			"sources": [
				{
					"dataset": {
						"referenceName": "ds_adlsgen2_Common_parquet",
						"type": "DatasetReference"
					},
					"name": "CarrsElementExamTypeCompliance"
				},
				{
					"dataset": {
						"referenceName": "ds_SQL_common_query",
						"type": "DatasetReference"
					},
					"name": "CESExamType"
				},
				{
					"dataset": {
						"referenceName": "ds_SQL_common_query",
						"type": "DatasetReference"
					},
					"name": "CESAsset"
				}
			],
			"sinks": [
				{
					"dataset": {
						"referenceName": "ds_sql_Compliance_STG",
						"type": "DatasetReference"
					},
					"name": "SinkDQCurated"
				},
				{
					"dataset": {
						"referenceName": "ds_adlsgen2_Insert_Parquet",
						"type": "DatasetReference"
					},
					"name": "SinkError"
				}
			],
			"transformations": [
				{
					"name": "SelectFinalData"
				},
				{
					"name": "LookupExamType"
				},
				{
					"name": "ConditionalSplit1"
				},
				{
					"name": "DerivedColumnErrorMessgae"
				},
				{
					"name": "DerivedColumn"
				},
				{
					"name": "LookupCesAsset"
				}
			],
			"script": "parameters{\n\tCuratedFileName as string,\n\tCuratedErrorFileName as string\n}\nsource(output(\n\t\tELEMENT_ID as decimal(9,0),\n\t\tCAI_GUID as string,\n\t\tEXAM_TYPE_DESC as string,\n\t\tEXAM_TYPE_ID as decimal(9,0),\n\t\tCOMPLIANCE_REQUIRE_DATE as date,\n\t\tEFF_FROM_DATE as date,\n\t\tEFF_TO_DATE as date,\n\t\tDELETED_FLG as string,\n\t\tELEMENT_EXAM_TYPE_ID as decimal(9,0),\n\t\tINTERVAL_DAYS as decimal(3,0),\n\t\tINTERVAL_MONTHS as decimal(3,0),\n\t\tINTERVAL_YEARS as decimal(3,0)\n\t),\n\tallowSchemaDrift: true,\n\tvalidateSchema: false,\n\tignoreNoFilesFound: false,\n\tformat: 'parquet') ~> CarrsElementExamTypeCompliance\nsource(output(\n\t\tEXAM_TYPE_SR_KEY as decimal(18,0),\n\t\tEXAM_TYPE as string\n\t),\n\tallowSchemaDrift: true,\n\tvalidateSchema: false,\n\tisolationLevel: 'READ_UNCOMMITTED',\n\tquery: 'Select EXAM_TYPE_SR_KEY, EXAM_TYPE from CES.Exam_TYPE',\n\tformat: 'query') ~> CESExamType\nsource(output(\n\t\tCES_ASSET_GUID as string\n\t),\n\tallowSchemaDrift: true,\n\tvalidateSchema: false,\n\tisolationLevel: 'READ_UNCOMMITTED',\n\tquery: 'Select ASSET_GUID as CES_ASSET_GUID from CES.Asset',\n\tformat: 'query') ~> CESAsset\nDerivedColumn select(mapColumn(\n\t\tCAI_GUID,\n\t\tEXAM_TYPE_SR_KEY,\n\t\tCOMPLIANCE_REQUIRE_DATE,\n\t\tEFF_FROM_DATE,\n\t\tEFF_TO_DATE,\n\t\tISACTIVE,\n\t\tCREATED_USER,\n\t\tCREATED_DATE,\n\t\tELEMENT_EXAM_TYPE_ID,\n\t\tINTERVAL_DAYS,\n\t\tINTERVAL_MONTHS,\n\t\tINTERVAL_YEARS\n\t),\n\tskipDuplicateMapInputs: true,\n\tskipDuplicateMapOutputs: true) ~> SelectFinalData\nCarrsElementExamTypeCompliance, CESExamType lookup(lower(EXAM_TYPE_DESC) == lower(EXAM_TYPE),\n\tmultiple: false,\n\tpickup: 'any',\n\tbroadcast: 'auto')~> LookupExamType\nLookupCesAsset split(!(isNull(CES_ASSET_GUID) || isNull(EXAM_TYPE_SR_KEY) || isNull(EFF_FROM_DATE)),\n\tdisjoint: false) ~> ConditionalSplit1@(ValidRows, InvalidRows)\nConditionalSplit1@InvalidRows derive(ErrorDesc = rtrim(\r\n        concat(\r\n            iif(isNull(CES_ASSET_GUID), 'ASSET_GUID is NULL/Not found in CES, ',''), \r\n            iif(isNull(EXAM_TYPE_SR_KEY), 'Compliance Exam Type is NULL/Not Found in CES, ',''),\r\n            iif(isNull(EFF_FROM_DATE), 'EFF_FROM_DATE is NULL, ','')                   \r\n), ', ')) ~> DerivedColumnErrorMessgae\nLookupExamType derive(CREATED_DATE = currentUTC(),\n\t\tCREATED_USER = 'CARRS',\n\t\tISACTIVE = iif(DELETED_FLG == 'N', 1, 0)) ~> DerivedColumn\nSelectFinalData, CESAsset lookup(CAI_GUID == CES_ASSET_GUID,\n\tmultiple: false,\n\tpickup: 'any',\n\tbroadcast: 'auto')~> LookupCesAsset\nConditionalSplit1@ValidRows sink(allowSchemaDrift: true,\n\tvalidateSchema: false,\n\tinput(\n\t\tASSET_GUID as string,\n\t\tEXAM_TYPE_SR_KEY as decimal(18,0),\n\t\tCOMP_DATE as date,\n\t\tINTERVAL_DAYS as decimal(3,0),\n\t\tINTERVAL_MONTHS as decimal(3,0),\n\t\tINTERVAL_YEARS as decimal(3,0),\n\t\tEFFECTIVE_FROM_DT as date,\n\t\tEFFECTIVE_TO_DT as date,\n\t\tISACTIVE as boolean,\n\t\tCREATED_USER as string,\n\t\tCREATED_DATE as timestamp,\n\t\tUPDATED_USER as string,\n\t\tUPDATED_DATE as timestamp\n\t),\n\tdeletable:false,\n\tinsertable:true,\n\tupdateable:false,\n\tupsertable:false,\n\ttruncate:true,\n\tformat: 'table',\n\tskipDuplicateMapInputs: true,\n\tskipDuplicateMapOutputs: true,\n\terrorHandlingOption: 'stopOnFirstError',\n\tmapColumn(\n\t\tASSET_GUID = CAI_GUID,\n\t\tEXAM_TYPE_SR_KEY,\n\t\tCOMP_DATE = COMPLIANCE_REQUIRE_DATE,\n\t\tINTERVAL_DAYS,\n\t\tINTERVAL_MONTHS,\n\t\tINTERVAL_YEARS,\n\t\tEFFECTIVE_FROM_DT = EFF_FROM_DATE,\n\t\tEFFECTIVE_TO_DT = EFF_TO_DATE,\n\t\tISACTIVE,\n\t\tCREATED_USER,\n\t\tCREATED_DATE\n\t),\n\tpartitionBy('hash', 1)) ~> SinkDQCurated\nDerivedColumnErrorMessgae sink(allowSchemaDrift: true,\n\tvalidateSchema: false,\n\tformat: 'parquet',\n\tpartitionFileNames:[($CuratedErrorFileName)],\n\tumask: 0022,\n\tskipDuplicateMapInputs: true,\n\tskipDuplicateMapOutputs: true,\n\tmapColumn(\n\t\tCAI_GUID,\n\t\tEXAM_TYPE_SR_KEY,\n\t\tCOMPLIANCE_REQUIRE_DATE,\n\t\tEFF_FROM_DATE,\n\t\tEFF_TO_DATE,\n\t\tELEMENT_EXAM_TYPE_ID,\n\t\tINTERVAL_MONTHS,\n\t\tINTERVAL_DAYS,\n\t\tINTERVAL_YEARS,\n\t\tErrorDesc\n\t),\n\tpartitionBy('hash', 1)) ~> SinkError"
		}
	}
}