{
	"name": "dataflow_ces_Access_Migration_Stg_Raw",
	"properties": {
		"folder": {
			"name": "ALARM/Access"
		},
		"type": "MappingDataFlow",
		"typeProperties": {
			"sources": [
				{
					"dataset": {
						"referenceName": "ds_adlsgen2_Access_stagefile",
						"type": "DatasetReference"
					},
					"name": "stagefile"
				}
			],
			"sinks": [
				{
					"dataset": {
						"referenceName": "ds_adlsgen2_Insert_Parquet",
						"type": "DatasetReference"
					},
					"name": "sinkAccess"
				}
			],
			"transformations": [
				{
					"name": "AppliedTrimnull"
				},
				{
					"name": "Selectcolumns"
				}
			],
			"script": "source(output(\n\t\tGUID as string,\n\t\tRoute as string,\n\t\tELR as string,\n\t\t{Struc. Ref} as string,\n\t\t{Super Report Type} as string,\n\t\t{Struc Type} as string,\n\t\tPossession as string,\n\t\t{Line Block} as string,\n\t\t{Traffic Management} as string,\n\t\tRRV as string,\n\t\tMEWP as string,\n\t\t{Rope Access} as string,\n\t\tLadder as string,\n\t\tScaffold as string,\n\t\tCCTV as string,\n\t\t{Confined Space} as string,\n\t\t{Water Permit} as string,\n\t\t{Safety Boat} as string,\n\t\t{3rd Party} as string\n\t),\n\tallowSchemaDrift: true,\n\tvalidateSchema: false,\n\tignoreNoFilesFound: false) ~> stagefile\nstagefile derive(GUID = trim(GUID),\n\t\tRoute = trim(Route),\n\t\tELR = trim(ELR),\n\t\t{Struc. Ref} = trim({Struc. Ref}),\n\t\t{Super Report Type} = trim({Super Report Type}),\n\t\t{Struc Type} = trim({Struc Type}),\n\t\tPossession = case(isNull(Possession),'No',\r\n     Possession=='-','No',Possession),\n\t\t{Line Block} = case(isNull({Line Block}),'No',\r\n     {Line Block}=='-','No',{Line Block}),\n\t\t{Traffic Management} = case(isNull({Traffic Management}),'No',\r\n     {Traffic Management}=='-','No',{Traffic Management}),\n\t\tRRV = case(isNull(RRV),'No',\r\n     RRV=='-','No',RRV),\n\t\tMEWP = case(isNull(MEWP),'No',\r\n     MEWP=='-','No',MEWP),\n\t\t{Rope Access} = case(isNull({Rope Access}),'No',\r\n     {Rope Access}=='-','No',{Rope Access}),\n\t\tLadder = case(isNull(Ladder),'No',\r\n     Ladder=='-','No',Ladder),\n\t\tScaffold = case(isNull(Scaffold),'No',\r\n     Scaffold=='-','No',Scaffold),\n\t\tCCTV = case(isNull(CCTV),'No',\r\n     CCTV=='-','No',CCTV),\n\t\t{Confined Space} = case(isNull({Confined Space}),'No',\r\n     {Confined Space}=='-','No',{Confined Space}),\n\t\t{Water Permit} = case(isNull({Water Permit}),'No',\r\n     {Water Permit}=='-','No',{Water Permit}),\n\t\t{Safety Boat} = case(isNull({Safety Boat}),'No',\r\n     {Safety Boat}=='-','No',{Safety Boat}),\n\t\t{3rd Party} = case(isNull({3rd Party}),'No',\r\n     {3rd Party}=='-','No',{3rd Party})) ~> AppliedTrimnull\nAppliedTrimnull select(mapColumn(\n\t\tAsset_GUID = GUID,\n\t\tRoute,\n\t\tELR,\n\t\tStructure_Reference = {Struc. Ref},\n\t\tExam_Type = {Super Report Type},\n\t\tStructure_Type = {Struc Type},\n\t\tPossession,\n\t\tLine_Block = {Line Block},\n\t\tTraffic_Management = {Traffic Management},\n\t\tRRV,\n\t\tMEWP,\n\t\tRope_Access = {Rope Access},\n\t\tLadder,\n\t\tScaffold,\n\t\tCCTV,\n\t\tConfined_Space = {Confined Space},\n\t\tWater_Permit = {Water Permit},\n\t\tSafety_Boat = {Safety Boat},\n\t\t{3RD_Party} = {3rd Party}\n\t),\n\tskipDuplicateMapInputs: true,\n\tskipDuplicateMapOutputs: true) ~> Selectcolumns\nSelectcolumns sink(allowSchemaDrift: true,\n\tvalidateSchema: false,\n\tformat: 'parquet',\n\tpartitionFileNames:[(concat('ALARM_Access_',toString(currentUTC(),'yyyyMMdd'),'.parquet'))],\n\tpartitionBy('hash', 1),\n\tskipDuplicateMapInputs: true,\n\tskipDuplicateMapOutputs: true) ~> sinkAccess"
		}
	}
}