{
	"name": "dataflow_ces_Exam_migration_Transform",
	"properties": {
		"folder": {
			"name": "CARRS/Exam"
		},
		"type": "MappingDataFlow",
		"typeProperties": {
			"sources": [
				{
					"dataset": {
						"referenceName": "ds_adlsgen2_Common_parquet",
						"type": "DatasetReference"
					},
					"name": "CarrsExamimation"
				},
				{
					"dataset": {
						"referenceName": "ds_adlsgen2_Common_parquet",
						"type": "DatasetReference"
					},
					"name": "CarrsExamGroup"
				},
				{
					"dataset": {
						"referenceName": "ds_adlsgen2_Common_parquet",
						"type": "DatasetReference"
					},
					"name": "CarrsElement"
				},
				{
					"dataset": {
						"referenceName": "ds_adlsgen2_Common_parquet",
						"type": "DatasetReference"
					},
					"name": "CarrsExamSummary"
				},
				{
					"dataset": {
						"referenceName": "ds_adlsgen2_Common_parquet",
						"type": "DatasetReference"
					},
					"name": "CarrsExamSummaryDocLink"
				},
				{
					"dataset": {
						"referenceName": "ds_adlsgen2_Common_parquet",
						"type": "DatasetReference"
					},
					"name": "CarrsReferenceValue"
				},
				{
					"dataset": {
						"referenceName": "ds_sql_common_SQLQuery",
						"type": "DatasetReference"
					},
					"name": "ViewReferenceTypeValue"
				},
				{
					"dataset": {
						"referenceName": "ds_adlsgen2_Common_parquet",
						"type": "DatasetReference"
					},
					"name": "CarrsExamType"
				},
				{
					"dataset": {
						"referenceName": "ds_sql_common_SQLQuery",
						"type": "DatasetReference"
					},
					"name": "CESExamType"
				},
				{
					"dataset": {
						"referenceName": "ds_adlsgen2_Common_parquet",
						"type": "DatasetReference"
					},
					"name": "CarrsOrgUnit"
				},
				{
					"dataset": {
						"referenceName": "ds_sql_common_SQLQuery",
						"type": "DatasetReference"
					},
					"name": "Supplier"
				},
				{
					"dataset": {
						"referenceName": "ds_sql_common_SQLQuery",
						"type": "DatasetReference"
					},
					"name": "Asset"
				},
				{
					"dataset": {
						"referenceName": "ds_adlsgen2_Common_parquet",
						"type": "DatasetReference"
					},
					"name": "CarrsStatusHistory"
				},
				{
					"dataset": {
						"referenceName": "ds_SQL_common_query",
						"type": "DatasetReference"
					},
					"name": "CESExamGroup"
				}
			],
			"sinks": [
				{
					"dataset": {
						"referenceName": "ds_adlsgen2_Insert_Parquet",
						"type": "DatasetReference"
					},
					"name": "SinkDQCurated"
				},
				{
					"dataset": {
						"referenceName": "ds_adlsgen2_common_sink_csv",
						"type": "DatasetReference"
					},
					"name": "sinkError"
				}
			],
			"transformations": [
				{
					"name": "ExamGroupJoinElement"
				},
				{
					"name": "SelectElementGUID"
				},
				{
					"name": "LookupElement"
				},
				{
					"name": "JoinExamType"
				},
				{
					"name": "SelectExamType"
				},
				{
					"name": "LookupExamType"
				},
				{
					"name": "JoinExamSummary"
				},
				{
					"name": "SelectExamSummary"
				},
				{
					"name": "LookupExamSummary"
				},
				{
					"name": "LookupSummaryDocLink"
				},
				{
					"name": "SelectExamSummaryDocLink"
				},
				{
					"name": "DerivedColumn"
				},
				{
					"name": "SelectFinalData"
				},
				{
					"name": "LookupViewReferenceValue"
				},
				{
					"name": "SelectCESREQReferenceValue"
				},
				{
					"name": "SelectSupplier"
				},
				{
					"name": "JoinSupplier"
				},
				{
					"name": "ConditionalSplit1"
				},
				{
					"name": "DerivedColumnGuidError"
				},
				{
					"name": "ConditionalSplit2"
				},
				{
					"name": "DerivedColumnExamRequestStatusError"
				},
				{
					"name": "ErrorRecords"
				},
				{
					"name": "ElementJoinAsset"
				},
				{
					"name": "LookupExamHistStatus"
				},
				{
					"name": "LookupExamReportStatus"
				},
				{
					"name": "SelectCESREPReferenceValue"
				},
				{
					"name": "Lookup"
				},
				{
					"name": "LookupExamGroup"
				},
				{
					"name": "FilterCancelledExam"
				},
				{
					"name": "LookupSupplier1"
				}
			],
			"script": "source(output(\n\t\tPREV_EXAM_ID as decimal(22,0),\n\t\tADDITIONAL_EXAM_CONTRACTOR_ID as decimal(22,0),\n\t\tSPECIFIC_EXAM_REQUIREMENTS as string,\n\t\tCOMMENTS_TO_SEC_TEXT as string,\n\t\tNR_INTERNAL_NOTE_TEXT as string,\n\t\tDELETED_FLG as string,\n\t\tEXAM_GROUP_EXAM_TYPE_CYCLE_ID as decimal(22,0),\n\t\tEXAM_REQ_BATCH_ID as decimal(22,0),\n\t\tROW_VER as decimal(22,0),\n\t\tEXAM_CLASSIF_ID as decimal(22,0),\n\t\tEXAM_TYPE_ID as decimal(22,0),\n\t\tEXAM_CONTRACTOR_ID as decimal(22,0),\n\t\tMODIFIED_DATE as date,\n\t\tMODIFIED_BY_USER_ID as string,\n\t\tOVERALL_COND_ID as decimal(22,0),\n\t\tSTATUS_REASON_TEXT as string,\n\t\tEXAM_COMPLETE_DATE as date,\n\t\tEXAM_DUE_DATE as date,\n\t\tEXAM_GROUP_ID as decimal(22,0),\n\t\tEXAM_ID as decimal(22,0)\n\t),\n\tallowSchemaDrift: true,\n\tvalidateSchema: false,\n\tignoreNoFilesFound: false,\n\tformat: 'parquet') ~> CarrsExamimation\nsource(output(\n\t\tEXAM_GROUP_ID as decimal(9,0),\n\t\tLOC_AT_ELEMENT_ID as decimal(9,0),\n\t\tEXAM_GROUP_SUFFIX_TEXT as string,\n\t\tSTART_DATE as date,\n\t\tEND_DATE as date,\n\t\tMODIFIED_DATE as timestamp,\n\t\tMODIFIED_BY_USER_ID as string,\n\t\tROW_VER as decimal(9,0),\n\t\tDELETED_FLG as string,\n\t\tTERRITORY_ID as decimal(9,0),\n\t\tRBE_COMMENTS as string,\n\t\tADJ_RISK_LEVEL_ID as decimal(9,0),\n\t\tADJ_COMPLIANCE_PERIOD_DAY as decimal(3,0),\n\t\tADJ_COMPLIANCE_PERIOD_MONTH as decimal(3,0),\n\t\tADJ_COMPLIANCE_PERIOD_YEAR as decimal(3,0)\n\t),\n\tallowSchemaDrift: true,\n\tvalidateSchema: false,\n\tignoreNoFilesFound: false,\n\tformat: 'parquet') ~> CarrsExamGroup\nsource(output(\n\t\tELEMENT_ID as decimal(22,0),\n\t\tCAI_GUID as string,\n\t\tPARENT_ELEMENT_ID as decimal(22,0),\n\t\tELEMENT_NAME as string,\n\t\tSTART_OS_REF as string,\n\t\tEND_OS_REF as string,\n\t\tNR_LIABILITY_TEXT as string,\n\t\tSENSITIVE_FLG as string,\n\t\tSENSITIVE_REASON_TEXT as string,\n\t\tLISTED_FLG as string,\n\t\tCONSTR_DETAIL_TEXT as string,\n\t\tMATERIAL_ID as decimal(22,0),\n\t\tROUTE_TYPE_ID as decimal(22,0),\n\t\tAGG_TRACK_CAT_ID as decimal(22,0),\n\t\tROUTE_POLICY_REF_FLG as string,\n\t\tSTRUCT_POLICY_REF_FLG as string,\n\t\tRAILWAY_TYPE_ID as decimal(22,0),\n\t\tTRAIN_SERVICE_ID as decimal(22,0),\n\t\tROAD_NUM_TEXT as string,\n\t\tRIGHT_OF_WAY_ID as decimal(22,0),\n\t\tLISTING_TYPE_ID as decimal(22,0),\n\t\tLISTING_COUNTY_ID as decimal(22,0),\n\t\tLISTING_DISTRICT_ID as decimal(22,0),\n\t\tLISTING_DESIGNATED_DATE as date,\n\t\tLISTING_REMARKS_TEXT as string,\n\t\tCONSTR_YEAR_NUM as decimal(22,0),\n\t\tELEMENT_LENGTH_TEXT as string,\n\t\tELEMENT_DEPTH_TEXT as string,\n\t\tELEMENT_WIDTH_TEXT as string,\n\t\tIRRIG_CONTACT_NAME as string,\n\t\tRECONSTR_YEAR_NUM as decimal(22,0),\n\t\tLAT_POS_ID as decimal(22,0),\n\t\tELEMENT_TYPE_ID as decimal(22,0),\n\t\tOP_STATUS_ID as decimal(22,0),\n\t\tAREA_ID as decimal(22,0),\n\t\tMODIFIED_DATE as date,\n\t\tMODIFIED_BY_USER_ID as string,\n\t\tROW_VER as decimal(22,0),\n\t\tLATEST_SCMI_SCORE_VAL as decimal(22,0),\n\t\tNOTE_TEXT as string,\n\t\tIDENT_TRACK_ID as string,\n\t\tDELETED_FLG as string,\n\t\tTERRITORY_ID as decimal(22,0),\n\t\tMAJ_STRUCT_FLG as string,\n\t\tLATEST_SCMI_SCORE_DATE as date,\n\t\tCALCULATED_PERIOD as decimal(22,0),\n\t\tCALCULATED_PERIOD_DAY as decimal(22,0),\n\t\tCALCULATED_PERIOD_MONTH as decimal(22,0),\n\t\tCALCULATED_PERIOD_YEAR as decimal(22,0),\n\t\tCALCULATED_RISK_LEVEL_ID as decimal(22,0),\n\t\tCAPABILITY_ID as decimal(22,0),\n\t\tPERIOD_DAY as decimal(22,0),\n\t\tPERIOD_MONTH as decimal(22,0),\n\t\tPERIOD_YEAR as decimal(22,0),\n\t\tRISK_CODE_ID as decimal(22,0),\n\t\tRISK_LEVEL_ID as decimal(22,0),\n\t\tSECONDARY_MATERIAL_ID as decimal(22,0),\n\t\tSTRUC_FORM_ID as decimal(22,0),\n\t\tOUTSIDE_PARTY_ID as decimal(22,0),\n\t\tCOST_RECOVERABLE as string,\n\t\tANNUAL_MAINT_RENEWAL_CHARGE as string\n\t),\n\tallowSchemaDrift: true,\n\tvalidateSchema: false,\n\tignoreNoFilesFound: false,\n\tformat: 'parquet') ~> CarrsElement\nsource(output(\n\t\tCAI_GUID as string,\n\t\tSME_COMMENT_TEXT as string,\n\t\tEXAM_ENG_COMMENT_TEXT as string,\n\t\tDELETED_FLG as string,\n\t\tREPORT_FILE_NAME as string,\n\t\tROW_VER as decimal(22,0),\n\t\tEXAM_TYPE_ID as decimal(22,0),\n\t\tREPORT_CONTRACT_YEAR_ID as decimal(22,0),\n\t\tREPORT_ELEMENT_TYPE_ID as decimal(22,0),\n\t\tREPORT_ASSET_TYPE_GROUP_ID as decimal(22,0),\n\t\tREPORT_STRUCT_DESC as string,\n\t\tREPORT_OS_REF as string,\n\t\tREPORT_SPAN_TEXT as string,\n\t\tREPORT_AREA_ID as decimal(22,0),\n\t\tREPORT_TO_YARDS as decimal(22,0),\n\t\tREPORT_TO_MILES as decimal(22,0),\n\t\tREPORT_FROM_YARDS as decimal(22,0),\n\t\tREPORT_FROM_MILES as decimal(22,0),\n\t\tREPORT_STRUCT_REF as string,\n\t\tREPORT_ELR_CODE as string,\n\t\tALLOCATED_TO_USER_ID as string,\n\t\tALLOCATED_TO_USER_DATE as date,\n\t\tAT_BETWEEN_STATION_TEXT as string,\n\t\tMODIFIED_BY_USER_ID as string,\n\t\tMODIFIED_DATE as date,\n\t\tEXAM_SUMMARY_REF as string,\n\t\tSIGNED_OFF_DATE as date,\n\t\tSIGNED_OFF_BY_NAME as string,\n\t\tENTERED_DATE as date,\n\t\tCOND_ID as decimal(22,0),\n\t\tEXAMINER_GEN_COMMENT_TEXT as string,\n\t\tEXAMINER_REPORT_SIGNED_DATE as date,\n\t\tEXAMINER_NAME as string,\n\t\tEXAM_ORG_ID as decimal(22,0),\n\t\tEXAM_ENG_REPORT_SIGNED_DATE as date,\n\t\tEXAM_ENG_NAME as string,\n\t\tEXAM_STATUS_ID as decimal(22,0),\n\t\tEXAM_COMPLETE_IND as string,\n\t\tEXAM_DATE as date,\n\t\tEXAM_ID as decimal(22,0),\n\t\tEXAM_SUMMARY_ID as decimal(22,0)\n\t),\n\tallowSchemaDrift: true,\n\tvalidateSchema: false,\n\tignoreNoFilesFound: false,\n\tformat: 'parquet') ~> CarrsExamSummary\nsource(output(\n\t\tDELETED_FLG as string,\n\t\tROW_VER as decimal(22,0),\n\t\tMODIFIED_BY_USER_ID as string,\n\t\tMODIFIED_DATE as date,\n\t\tUPLOAD_DATE as date,\n\t\tEXAM_SUMMARY_DOC_LINK_URL as string,\n\t\tEXAM_SUMMARY_DOC_LINK_SEQ as decimal(22,0),\n\t\tEXAM_SUMMARY_ID as decimal(22,0)\n\t),\n\tallowSchemaDrift: true,\n\tvalidateSchema: false,\n\tignoreNoFilesFound: false,\n\tformat: 'parquet') ~> CarrsExamSummaryDocLink\nsource(output(\n\t\tRV_ID as decimal(22,0),\n\t\tRV_GUID as string,\n\t\tRV_CODE as string,\n\t\tRV_DESC as string,\n\t\tRV_TYPE as string,\n\t\tEFF_END_DATE as date,\n\t\tMODIFIED_DATE as date,\n\t\tMODIFIED_BY_USER_ID as string,\n\t\tDELETED_FLG as string,\n\t\tROW_VER as decimal(22,0),\n\t\tRV_DISPLAY_SEQ as decimal(22,0)\n\t),\n\tallowSchemaDrift: true,\n\tvalidateSchema: false,\n\tignoreNoFilesFound: false,\n\tformat: 'parquet') ~> CarrsReferenceValue\nsource(output(\n\t\tREF_TYP_SR_KEY as decimal(18,0),\n\t\tREF_TYP_NAME as string,\n\t\tREF_TYP_CODE as string,\n\t\tREF_VAL_SR_KEY as decimal(18,0),\n\t\tREF_VALUE as string,\n\t\tSOURCE as string\n\t),\n\tallowSchemaDrift: true,\n\tvalidateSchema: false,\n\tisolationLevel: 'READ_UNCOMMITTED',\n\tquery: 'Select * from [CTL_CES_ADL_CONTROL].vw_ADF_Reference_Type_Value',\n\tformat: 'query') ~> ViewReferenceTypeValue\nsource(output(\n\t\tEXAM_TYPE_DESC as string,\n\t\tMODIFIED_BY_USER_ID as string,\n\t\tMODIFIED_DATE as date,\n\t\tEXAM_TYPE_ID as decimal(9,0),\n\t\tCOMPLIANCE_EXAM_TYPE_ID as decimal(9,0),\n\t\tREPORT_DELIVERY_DAY_QTY as decimal(3,0),\n\t\tROW_VER as decimal(9,0),\n\t\tDELETED_FLG as string,\n\t\tCYCLIC_EXAM_TYPE_FLG as string\n\t),\n\tallowSchemaDrift: true,\n\tvalidateSchema: false,\n\tignoreNoFilesFound: false,\n\tformat: 'parquet') ~> CarrsExamType\nsource(output(\n\t\tEXAM_TYPE_SR_KEY as decimal(18,0),\n\t\tEXAM_TYPE as string,\n\t\tCREATED_USER as string,\n\t\tCREATED_DATE as date,\n\t\tUPDATED_USER as string,\n\t\tUPDATED_DATE as date,\n\t\tISACTIVE as boolean\n\t),\n\tallowSchemaDrift: true,\n\tvalidateSchema: false,\n\tisolationLevel: 'READ_UNCOMMITTED',\n\tquery: 'Select * from [CES].Exam_Type',\n\tformat: 'query') ~> CESExamType\nsource(output(\n\t\tORG_ID as decimal(22,0),\n\t\tORG_NAME as string,\n\t\tORG_ADDR as string,\n\t\tORG_TEL_NUM_TEXT as string,\n\t\tNR_FLG as string,\n\t\tMODIFIED_DATE as date,\n\t\tMODIFIED_BY_USER_ID as string,\n\t\tROW_VER as decimal(22,0),\n\t\tDELETED_FLG as string\n\t),\n\tallowSchemaDrift: true,\n\tvalidateSchema: false,\n\tignoreNoFilesFound: false,\n\tformat: 'parquet') ~> CarrsOrgUnit\nsource(output(\n\t\tSUPPLIER_SR_KEY as decimal(18,0),\n\t\tSUPPLIER_NAME as string\n\t),\n\tallowSchemaDrift: true,\n\tvalidateSchema: false,\n\tisolationLevel: 'READ_UNCOMMITTED',\n\tquery: 'Select SUPPLIER_SR_KEY, SUPPLIER_NAME from [CES].SUPPLIER',\n\tformat: 'query') ~> Supplier\nsource(output(\n\t\tCES_ASSET_GUID as string\n\t),\n\tallowSchemaDrift: true,\n\tvalidateSchema: false,\n\tisolationLevel: 'READ_UNCOMMITTED',\n\tquery: 'Select ASSET_GUID as CES_ASSET_GUID FROM CES.ASSET',\n\tformat: 'query') ~> Asset\nsource(output(\n\t\tEXAM_ID as decimal(9,0),\n\t\tEXAM_STATUS_HISTORY as string\n\t),\n\tallowSchemaDrift: true,\n\tvalidateSchema: false,\n\tignoreNoFilesFound: false,\n\tformat: 'parquet') ~> CarrsStatusHistory\nsource(output(\n\t\tEXAM_GROUP_SR_KEY as decimal(18,0),\n\t\tCARRS_EXAM_GROUP_ID as decimal(18,0)\n\t),\n\tallowSchemaDrift: true,\n\tvalidateSchema: false,\n\tisolationLevel: 'READ_UNCOMMITTED',\n\tquery: 'Select EXAM_GROUP_SR_KEY, CARRS_EXAM_GROUP_ID from [CES].[EXAM_GROUP]',\n\tformat: 'query') ~> CESExamGroup\nCarrsExamGroup, ElementJoinAsset join(LOC_AT_ELEMENT_ID == ELEMENT_ID,\n\tjoinType:'inner',\n\tbroadcast: 'auto')~> ExamGroupJoinElement\nExamGroupJoinElement select(mapColumn(\n\t\tEXAM_GROUP_ID,\n\t\tCAI_GUID,\n\t\tCMI_SCORE = LATEST_SCMI_SCORE_VAL,\n\t\tCMI_DATE = LATEST_SCMI_SCORE_DATE\n\t),\n\tskipDuplicateMapInputs: true,\n\tskipDuplicateMapOutputs: true) ~> SelectElementGUID\nCarrsExamimation, SelectElementGUID lookup(CarrsExamimation@EXAM_GROUP_ID == SelectElementGUID@EXAM_GROUP_ID,\n\tmultiple: false,\n\tpickup: 'any',\n\tbroadcast: 'auto')~> LookupElement\nCarrsExamType, CESExamType join(lower(trim(EXAM_TYPE_DESC)) == lower(trim(EXAM_TYPE)),\n\tjoinType:'inner',\n\tbroadcast: 'auto')~> JoinExamType\nJoinExamType select(mapColumn(\n\t\tEXAM_TYPE_ID,\n\t\tEXAM_TYPE_SR_KEY,\n\t\tEXAM_TYPE_DESC\n\t),\n\tskipDuplicateMapInputs: true,\n\tskipDuplicateMapOutputs: true) ~> SelectExamType\nLookupElement, SelectExamType lookup(CarrsExamimation@EXAM_TYPE_ID == SelectExamType@EXAM_TYPE_ID,\n\tmultiple: false,\n\tpickup: 'any',\n\tbroadcast: 'auto')~> LookupExamType\nCarrsExamimation, CarrsExamSummary join(CarrsExamimation@EXAM_ID == CarrsExamSummary@EXAM_ID,\n\tjoinType:'inner',\n\tbroadcast: 'auto')~> JoinExamSummary\nLookupExamReportStatus select(mapColumn(\n\t\tEXAM_GROUP_ID,\n\t\tCAI_GUID,\n\t\tEXAM_ENG_COMMENT_TEXT,\n\t\tREPORT_STRUCT_DESC,\n\t\tREPORT_SPAN_TEXT,\n\t\tEXAM_DATE,\n\t\tAT_BETWEEN_STATION_TEXT,\n\t\tSIGNED_OFF_DATE,\n\t\tENTERED_DATE,\n\t\tEXAMINER_GEN_COMMENT_TEXT,\n\t\tEXAMINER_REPORT_SIGNED_DATE,\n\t\tEXAMINER_NAME,\n\t\tEXAM_ENG_NAME,\n\t\tEXAM_STATUS_ID,\n\t\tEXAM_COMPLETE_IND,\n\t\tEXAM_ID = CarrsExamSummary@EXAM_ID,\n\t\tEXAM_SUMMARY_ID,\n\t\tEXAM_ENG_REPORT_SIGNED_DATE,\n\t\tEXAM_ORG_ID,\n\t\tExamReportStatus = RV_DESC\n\t),\n\tskipDuplicateMapInputs: true,\n\tskipDuplicateMapOutputs: true) ~> SelectExamSummary\nLookupExamType, SelectExamSummary lookup(CarrsExamimation@EXAM_ID == SelectExamSummary@EXAM_ID,\n\tmultiple: false,\n\tpickup: 'any',\n\tbroadcast: 'auto')~> LookupExamSummary\nLookupExamSummary, SelectExamSummaryDocLink lookup(SelectExamSummary@EXAM_SUMMARY_ID == SelectExamSummaryDocLink@EXAM_SUMMARY_ID,\n\tmultiple: false,\n\tpickup: 'any',\n\tbroadcast: 'auto')~> LookupSummaryDocLink\nCarrsExamSummaryDocLink select(mapColumn(\n\t\tEXAM_SUMMARY_DOC_LINK_URL,\n\t\tEXAM_SUMMARY_ID\n\t),\n\tskipDuplicateMapInputs: true,\n\tskipDuplicateMapOutputs: true) ~> SelectExamSummaryDocLink\nFilterCancelledExam derive(CREATED_USER_CUSTOM = 'CARRS',\n\t\tCREATED_DATE_CUSTOM = currentUTC(),\n\t\tEXAM_REQ_STATUS_VALUE = iif ((lower(EXAM_STATUS_HISTORY) == 'planned')\r\n        ,iif((lower(EXAM_TYPE_DESC) == 'visual' || lower(EXAM_TYPE_DESC) == 'detailed' || lower(EXAM_TYPE_DESC) == 'underwater' \r\n                || lower(EXAM_TYPE_DESC) == 'line of route')\r\n                ,'Planned'\r\n                ,'Scheduled')\r\n        ,EXAM_STATUS_HISTORY),\n\t\tEXAM_REPORT_STATUS_VALUE = iif ((lower(EXAM_STATUS_HISTORY) == 'planned' || lower(EXAM_STATUS_HISTORY) == 'scheduled')\r\n        ,''\r\n        ,ExamReportStatus),\n\t\tExamReqStatusType = 'ERS',\n\t\tExamReportStatusType = 'ERP',\n\t\tIS_LAST_EXAM = 'N',\n\t\tCARRS_SUPPLIER_ID = iifNull(EXAM_ORG_ID, EXAM_CONTRACTOR_ID, EXAM_ORG_ID)) ~> DerivedColumn\nLookupExamGroup select(mapColumn(\n\t\tEXAM_ID = CarrsExamimation@EXAM_ID,\n\t\tASSET_GUID = SelectElementGUID@CAI_GUID,\n\t\tEXAM_GROUP_SR_KEY,\n\t\tEXAM_BASELINE_DATE = EXAM_DUE_DATE,\n\t\tEXAM_PLANNED_DATE = EXAM_DUE_DATE,\n\t\tEXAM_ACTUAL_DATE = EXAM_DATE,\n\t\tENTERED_DATE,\n\t\tEXAM_SUBMISSION_DATE = ENTERED_DATE,\n\t\tEXAM_REVIEW_DATE = EXAM_ENG_REPORT_SIGNED_DATE,\n\t\tEXAM_SIGNOFF_DATE = SIGNED_OFF_DATE,\n\t\tINTERNAL_NOTES = NR_INTERNAL_NOTE_TEXT,\n\t\tCOMMENT_TO_SEC = COMMENTS_TO_SEC_TEXT,\n\t\tEXAM_TYPE_SR_KEY,\n\t\tEXAM_REQ_STATUS = CES_REQ_STATUS_REF_VAL_SR_KEY,\n\t\tEXAM_REPORT_STATUS = CES_REP_STATUS_REF_VAL_SR_KEY,\n\t\tEXAM_COMPLETED_IND = EXAM_COMPLETE_IND,\n\t\tEXAMINER_NAME,\n\t\tEXAMINER_COMMENT = EXAMINER_GEN_COMMENT_TEXT,\n\t\tREVIEWER_NAME = EXAM_ENG_NAME,\n\t\tREVIEWER_COMMENT = EXAM_ENG_COMMENT_TEXT,\n\t\tSUPPLIER_SR_KEY,\n\t\tSUPPLIER_REPORT_FILENAME = EXAM_SUMMARY_DOC_LINK_URL,\n\t\tCMI_SCORE,\n\t\tCMI_DATE,\n\t\tSTRUC_DESCRIPTION = REPORT_STRUCT_DESC,\n\t\tAT_OR_BETWEEN_STATIONS = AT_BETWEEN_STATION_TEXT,\n\t\tSPAN_TEXT = REPORT_SPAN_TEXT,\n\t\tMigration_CREATED_USER = CREATED_USER_CUSTOM,\n\t\tMigration_CREATED_DATE = CREATED_DATE_CUSTOM,\n\t\tUPDATED_USER = MODIFIED_BY_USER_ID,\n\t\tUPDATED_DATE = MODIFIED_DATE,\n\t\tDELETED_FLG,\n\t\tIS_LAST_EXAM,\n\t\tEXAM_REQUIREMENT = SPECIFIC_EXAM_REQUIREMENTS\n\t),\n\tskipDuplicateMapInputs: false,\n\tskipDuplicateMapOutputs: false) ~> SelectFinalData\nLookupSupplier1, SelectCESREQReferenceValue lookup(lower(EXAM_REQ_STATUS_VALUE) == lower(CES_REQ_STATUS_REF_VALUE)\n\t&& ExamReqStatusType == CES_REQ_STATUS_REF_TYP_CODE,\n\tmultiple: false,\n\tpickup: 'any',\n\tbroadcast: 'auto')~> LookupViewReferenceValue\nViewReferenceTypeValue select(mapColumn(\n\t\tCES_REQ_STATUS_REF_TYP_CODE = REF_TYP_CODE,\n\t\tCES_REQ_STATUS_REF_VAL_SR_KEY = REF_VAL_SR_KEY,\n\t\tCES_REQ_STATUS_REF_VALUE = REF_VALUE\n\t),\n\tskipDuplicateMapInputs: true,\n\tskipDuplicateMapOutputs: true) ~> SelectCESREQReferenceValue\nJoinSupplier select(mapColumn(\n\t\tORG_ID,\n\t\tSUPPLIER_SR_KEY\n\t),\n\tskipDuplicateMapInputs: true,\n\tskipDuplicateMapOutputs: true) ~> SelectSupplier\nCarrsOrgUnit, Supplier join(lower(ORG_NAME) == lower(SUPPLIER_NAME),\n\tjoinType:'inner',\n\tbroadcast: 'auto')~> JoinSupplier\nSelectFinalData split(!(isNull(ASSET_GUID)),\n\tdisjoint: false) ~> ConditionalSplit1@(ValidElementGuid, GUIDError)\nConditionalSplit1@GUIDError derive(ErrorDesc = 'CAI_GUID is Null') ~> DerivedColumnGuidError\nConditionalSplit1@ValidElementGuid split(!(isNull(EXAM_REQ_STATUS)),\n\tdisjoint: false) ~> ConditionalSplit2@(ValidExamRequestStatus, ExamRequestStatusError)\nConditionalSplit2@ExamRequestStatusError derive(ErrorDesc = 'Exam Request Status is Null') ~> DerivedColumnExamRequestStatusError\nDerivedColumnGuidError, DerivedColumnExamRequestStatusError union(byName: true)~> ErrorRecords\nCarrsElement, Asset join(CAI_GUID == CES_ASSET_GUID,\n\tjoinType:'inner',\n\tbroadcast: 'auto')~> ElementJoinAsset\nLookupSummaryDocLink, CarrsStatusHistory lookup(CarrsExamimation@EXAM_ID == CarrsStatusHistory@EXAM_ID,\n\tmultiple: false,\n\tpickup: 'any',\n\tbroadcast: 'auto')~> LookupExamHistStatus\nJoinExamSummary, CarrsReferenceValue lookup(EXAM_STATUS_ID == RV_ID\n\t&& 'ESS' == upper(RV_TYPE),\n\tmultiple: false,\n\tpickup: 'any',\n\tbroadcast: 'right')~> LookupExamReportStatus\nViewReferenceTypeValue select(mapColumn(\n\t\tCES_REP_STATUS_REF_TYP_CODE = REF_TYP_CODE,\n\t\tCES_REP_STATUS_REF_VAL_SR_KEY = REF_VAL_SR_KEY,\n\t\tCES_REP_STATUS_REF_VALUE = REF_VALUE\n\t),\n\tskipDuplicateMapInputs: true,\n\tskipDuplicateMapOutputs: true) ~> SelectCESREPReferenceValue\nLookupViewReferenceValue, SelectCESREPReferenceValue lookup(lower(EXAM_REPORT_STATUS_VALUE) == lower(CES_REP_STATUS_REF_VALUE)\n\t&& ExamReportStatusType == CES_REP_STATUS_REF_TYP_CODE,\n\tmultiple: false,\n\tpickup: 'any',\n\tbroadcast: 'auto')~> Lookup\nLookup, CESExamGroup lookup(CarrsExamimation@EXAM_GROUP_ID == CARRS_EXAM_GROUP_ID,\n\tmultiple: false,\n\tpickup: 'any',\n\tbroadcast: 'auto')~> LookupExamGroup\nLookupExamHistStatus filter(lower(EXAM_STATUS_HISTORY) != 'cancelled') ~> FilterCancelledExam\nDerivedColumn, SelectSupplier lookup(CARRS_SUPPLIER_ID == ORG_ID,\n\tmultiple: false,\n\tpickup: 'any',\n\tbroadcast: 'auto')~> LookupSupplier1\nConditionalSplit2@ValidExamRequestStatus sink(allowSchemaDrift: true,\n\tvalidateSchema: false,\n\tformat: 'parquet',\n\tpartitionFileNames:[(concat('CES_Exam_',toString(currentUTC(),'yyyyMMdd'),'.parquet'))],\n\tumask: 0022,\n\tskipDuplicateMapInputs: true,\n\tskipDuplicateMapOutputs: true,\n\tpartitionBy('hash', 1)) ~> SinkDQCurated\nErrorRecords sink(allowSchemaDrift: true,\n\tvalidateSchema: false,\n\tpartitionFileNames:[(concat('CES_Exam_Error_',toString(currentUTC(),'yyyyMMdd'),'.csv'))],\n\tumask: 0022,\n\tskipDuplicateMapInputs: true,\n\tskipDuplicateMapOutputs: true,\n\tpartitionBy('hash', 1)) ~> sinkError"
		}
	}
}