{
	"name": "dataflow_ces_ALARM_Migration_Raw_curated",
	"properties": {
		"folder": {
			"name": "ALARM/Defect/Migration"
		},
		"type": "MappingDataFlow",
		"typeProperties": {
			"sources": [
				{
					"dataset": {
						"referenceName": "ds_adlsgen2_rawtocurated",
						"type": "DatasetReference"
					},
					"name": "Rawfiles"
				},
				{
					"dataset": {
						"referenceName": "ds_SQL_common_query",
						"type": "DatasetReference"
					},
					"name": "CesExamType"
				},
				{
					"dataset": {
						"referenceName": "ds_SQL_common_query",
						"type": "DatasetReference"
					},
					"name": "CesExam"
				},
				{
					"dataset": {
						"referenceName": "ds_SQL_common_query",
						"type": "DatasetReference"
					},
					"name": "Asset"
				},
				{
					"dataset": {
						"referenceName": "ds_SQL_common_query",
						"type": "DatasetReference"
					},
					"name": "CesDefect"
				}
			],
			"sinks": [
				{
					"dataset": {
						"referenceName": "ds_adlsgen2_Insert_Parquet",
						"type": "DatasetReference"
					},
					"name": "SinkCurated"
				},
				{
					"dataset": {
						"referenceName": "ds_adlsgen2_common_sink_csv",
						"type": "DatasetReference"
					},
					"name": "SinkError"
				},
				{
					"name": "CachedDefectSink"
				}
			],
			"transformations": [
				{
					"name": "DerivedColumns"
				},
				{
					"name": "JoinExamandType"
				},
				{
					"name": "Joinfileexam"
				},
				{
					"name": "AssetuidDer"
				},
				{
					"name": "Union1"
				},
				{
					"name": "LookupAsset"
				},
				{
					"name": "Selectassetguid"
				},
				{
					"name": "AssetGuidExixts"
				},
				{
					"name": "ValidrfAssetUID"
				},
				{
					"name": "Selectfinal"
				},
				{
					"name": "AssetGUIDder"
				},
				{
					"name": "ConditionalSplit5"
				},
				{
					"name": "ExamSrKeyder"
				},
				{
					"name": "ConditionalSplit6"
				},
				{
					"name": "ConditionalSplit7"
				},
				{
					"name": "ConditionalSplit8"
				},
				{
					"name": "ConditionalSplit9"
				},
				{
					"name": "ConditionalSplit10"
				},
				{
					"name": "ConditionalSplit11"
				},
				{
					"name": "ConditionalSplit12"
				},
				{
					"name": "ConditionalSplit13"
				},
				{
					"name": "IsclosedDer"
				},
				{
					"name": "RepairedDer"
				},
				{
					"name": "RiskScoreDer"
				},
				{
					"name": "DescriptionDer"
				},
				{
					"name": "LocatioDer"
				},
				{
					"name": "DeteriorationDer"
				},
				{
					"name": "AccGainedDer"
				},
				{
					"name": "AccReqdDer"
				},
				{
					"name": "Rank"
				},
				{
					"name": "DerivedColumn1"
				},
				{
					"name": "ConditionalSplit14"
				},
				{
					"name": "Selectfinal2"
				},
				{
					"name": "Union2"
				}
			],
			"script": "parameters{\n\tparameter as string (concat('ces-adls-data/Full/Raw/Alarm/','YEAR-',toString(currentUTC(),'yyyy'),'/MONTH-',toString(currentUTC(),'MM'),'/DAY-',toString(currentUTC(),'dd')))\n}\nsource(output(\n\t\tCarrsAssetUID as string,\n\t\tNR_Route as string,\n\t\tELR as string,\n\t\tStructure_No as string,\n\t\tMiles as short,\n\t\tChains as double,\n\t\tYards as short,\n\t\tStruc_type as string,\n\t\tDefect_Index as short,\n\t\tExam_Date as date,\n\t\tRisk_Score as string,\n\t\tDescription as string,\n\t\tLocation as string,\n\t\tExam_Type as string,\n\t\tDeterioration as string,\n\t\tAccess_Gained as string,\n\t\tAccess_reqd as string,\n\t\tRepaired as string,\n\t\tIs_closed as string\n\t),\n\tallowSchemaDrift: true,\n\tvalidateSchema: false,\n\tignoreNoFilesFound: false,\n\tformat: 'parquet',\n\twildcardPaths:[($parameter)]) ~> Rawfiles\nsource(output(\n\t\tEXAM_TYPE_SR_KEY as decimal(18,0),\n\t\tEXAM_TYPE as string\n\t),\n\tallowSchemaDrift: true,\n\tvalidateSchema: false,\n\tisolationLevel: 'READ_UNCOMMITTED',\n\tquery: 'SELECT EXAM_TYPE_SR_KEY,EXAM_TYPE FROM CES.EXAM_TYPE\\nWHERE IsActive =1 ',\n\tformat: 'query') ~> CesExamType\nsource(output(\n\t\tASSET_GUID as string,\n\t\tEXAM_SR_KEY as decimal(18,0),\n\t\tEXAM_ACTUAL_DATE as date,\n\t\tEXAM_TYPE_SR_KEY as decimal(18,0)\n\t),\n\tallowSchemaDrift: true,\n\tvalidateSchema: false,\n\tisolationLevel: 'READ_UNCOMMITTED',\n\tquery: 'SELECT ASSET_GUID,EXAM_SR_KEY,EXAM_ACTUAL_DATE,EXAM_TYPE_SR_KEY FROM CES.EXAM\\nWHERE IsActive =1 ',\n\tformat: 'query') ~> CesExam\nsource(output(\n\t\tASSET_GUID as string,\n\t\tPARENT_ASSET_GUID as string,\n\t\tASSET_NAME as string,\n\t\tASSET_TYPE_SR_KEY as decimal(18,0),\n\t\tASSET_GROUP_SR_KEY as decimal(18,0),\n\t\tORG_SR_KEY as decimal(18,0),\n\t\tAREA_SR_KEY as decimal(18,0),\n\t\tENG_LINE_REF as decimal(18,0),\n\t\tRAILWAY_ID as string,\n\t\tSTART_MILES as decimal(5,0),\n\t\tSTART_YARDS as decimal(5,0),\n\t\tEND_MILES as decimal(5,0),\n\t\tEND_YARDS as decimal(5,0),\n\t\tPRIMARY_MATERIAL as decimal(18,0),\n\t\tSECONDARY_MATERIAL as decimal(18,0),\n\t\tOPERATIONAL_STATUS as decimal(18,0),\n\t\tSTRUCTURAL_FORM as decimal(18,0),\n\t\tOWNING_PARTY as string,\n\t\tPOSSESSION_CRITICAL as string,\n\t\tGPS_START_MILEAGE as string,\n\t\tGPS_END_MILEAGE as string,\n\t\tSTART_OS_GRID_REF as string,\n\t\tEND_OS_GRID_REF as string,\n\t\tHCE_FLAG as string,\n\t\tANY_HIDDEN_PARTS as string,\n\t\tSTRUCTURE_CARRIES as string,\n\t\tSTRUCTURE_OVER as string,\n\t\tCMI_SCORE as decimal(3,0),\n\t\tCMI_DATE as date,\n\t\tISACTIVE as boolean,\n\t\tCREATED_USER as string,\n\t\tCREATED_DATE as timestamp,\n\t\tUPDATED_USER as string,\n\t\tUPDATED_DATE as timestamp\n\t),\n\tallowSchemaDrift: true,\n\tvalidateSchema: false,\n\tisolationLevel: 'READ_UNCOMMITTED',\n\tquery: 'SELECT * FROM CES.ASSET\\nWHERE IsActive =1 ',\n\tformat: 'query') ~> Asset\nsource(output(\n\t\tmx_def_id as decimal(18,0)\n\t),\n\tallowSchemaDrift: true,\n\tvalidateSchema: false,\n\tisolationLevel: 'READ_UNCOMMITTED',\n\tquery: 'select max(defect_id) mx_def_id from ces.defect',\n\tformat: 'query') ~> CesDefect\nJoinfileexam derive(Is_closed = iif(Is_closed=='1','Y','N'),\n\t\tCREATED_USER = 'Alarm',\n\t\tCREATED_DATE = currentTimestamp()) ~> DerivedColumns\nCesExamType, CesExam join(CesExamType@EXAM_TYPE_SR_KEY == CesExam@EXAM_TYPE_SR_KEY,\n\tjoinType:'inner',\n\tbroadcast: 'auto')~> JoinExamandType\nRawfiles, JoinExamandType join(Exam_Date == EXAM_ACTUAL_DATE\n\t&& upper(CarrsAssetUID) == upper(ASSET_GUID)\n\t&& lower(Rawfiles@Exam_Type) == lower(CesExamType@EXAM_TYPE),\n\tjoinType:'left',\n\tbroadcast: 'right')~> Joinfileexam\nValidrfAssetUID@AssetUIDError derive(ErrorDesc = 'AssetUID is Null') ~> AssetuidDer\nAssetuidDer, AssetGUIDder, ExamSrKeyder, IsclosedDer, RepairedDer, AccReqdDer, AccGainedDer, DeteriorationDer, DescriptionDer, RiskScoreDer, LocatioDer union(byName: true)~> Union1\nDerivedColumns, Asset lookup(CarrsAssetUID == Asset@ASSET_GUID,\n\tmultiple: false,\n\tpickup: 'any',\n\tbroadcast: 'both')~> LookupAsset\nLookupAsset select(mapColumn(\n\t\tCarrsAssetUID,\n\t\tNR_Route,\n\t\tELR,\n\t\tStructure_No,\n\t\tMiles,\n\t\tChains,\n\t\tYards,\n\t\tStruc_type,\n\t\tDefect_Index,\n\t\tExam_Date,\n\t\tRisk_Score,\n\t\tDescription,\n\t\tLocation,\n\t\tExam_Type = Rawfiles@Exam_Type,\n\t\tDeterioration,\n\t\tAccess_Gained,\n\t\tAccess_reqd,\n\t\tRepaired,\n\t\tIs_closed,\n\t\tEXAM_SR_KEY,\n\t\tCREATED_USER = DerivedColumns@CREATED_USER,\n\t\tCREATED_DATE = DerivedColumns@CREATED_DATE,\n\t\tASSET_GUID = Asset@ASSET_GUID\n\t),\n\tskipDuplicateMapInputs: true,\n\tskipDuplicateMapOutputs: true) ~> Selectassetguid\nSelectassetguid split(!isNull(ASSET_GUID),\n\tdisjoint: false) ~> AssetGuidExixts@(AssetGuidExists, AssetGuidNotexists)\nConditionalSplit5@ValidExamSRKey split(!isNull(CarrsAssetUID),\n\tdisjoint: false) ~> ValidrfAssetUID@(ValidrfAssetUID, AssetUIDError)\nConditionalSplit14@FirstRun select(mapColumn(\n\t\tCarrsAssetUID,\n\t\tNR_Route,\n\t\tELR,\n\t\tStructure_No,\n\t\tMiles,\n\t\tChains,\n\t\tYards,\n\t\tStruc_type,\n\t\tDefect_Index,\n\t\tExam_Date,\n\t\tRisk_Score,\n\t\tDescription,\n\t\tLocation,\n\t\tExam_Type,\n\t\tDeterioration,\n\t\tAccess_Gained,\n\t\tAccess_reqd,\n\t\tRepaired,\n\t\tIs_closed,\n\t\tEXAM_SR_KEY,\n\t\tCREATED_USER,\n\t\tCREATED_DATE,\n\t\tASSET_GUID,\n\t\tDefect_ID\n\t),\n\tskipDuplicateMapInputs: true,\n\tskipDuplicateMapOutputs: true) ~> Selectfinal\nAssetGuidExixts@AssetGuidNotexists derive(ErrorDesc = 'AssetGUID is Null- FK Error') ~> AssetGUIDder\nAssetGuidExixts@AssetGuidExists split(!isNull(EXAM_SR_KEY),\n\tdisjoint: false) ~> ConditionalSplit5@(ValidExamSRKey, ExamSrKeyErr)\nConditionalSplit5@ExamSrKeyErr derive(ErrorDesc = 'EXAM_SR_KEY is Null') ~> ExamSrKeyder\nValidrfAssetUID@ValidrfAssetUID split(!isNull(Risk_Score),\n\tdisjoint: false) ~> ConditionalSplit6@(ValidRiskscore, RiskscoreErr)\nConditionalSplit6@ValidRiskscore split(!isNull(Description),\n\tdisjoint: false,\n\tpartitionBy('roundRobin', 4)) ~> ConditionalSplit7@(ValidDescription, DescErr)\nConditionalSplit7@ValidDescription split(!isNull(Location),\n\tdisjoint: false) ~> ConditionalSplit8@(ValidLocation, LocationErr)\nConditionalSplit8@ValidLocation split(!isNull(Deterioration),\n\tdisjoint: false) ~> ConditionalSplit9@(ValidDeterioration, DeteriorationErr)\nConditionalSplit9@ValidDeterioration split(!isNull(Access_Gained),\n\tdisjoint: false) ~> ConditionalSplit10@(ValidAccGained, AccGainedErr)\nConditionalSplit10@ValidAccGained split(!isNull(Access_reqd),\n\tdisjoint: false) ~> ConditionalSplit11@(ValidAccReqd, AccReqdErr)\nConditionalSplit11@ValidAccReqd split(!isNull(Repaired),\n\tdisjoint: false) ~> ConditionalSplit12@(ValidRepaired, RepairedErr)\nConditionalSplit12@ValidRepaired split(!isNull(Is_closed),\n\tdisjoint: false) ~> ConditionalSplit13@(ValidIsclosed, IsclosedErr)\nConditionalSplit13@IsclosedErr derive(ErrorDesc = 'Isclosed is Null') ~> IsclosedDer\nConditionalSplit12@RepairedErr derive(ErrorDesc = 'Repaired is Null') ~> RepairedDer\nConditionalSplit6@RiskscoreErr derive(ErrorDesc = 'RiskScore is Null') ~> RiskScoreDer\nConditionalSplit7@DescErr derive(ErrorDesc = 'Description is Null') ~> DescriptionDer\nConditionalSplit8@LocationErr derive(ErrorDesc = 'Location is null') ~> LocatioDer\nConditionalSplit9@DeteriorationErr derive(ErrorDesc = 'Deterioration is Null') ~> DeteriorationDer\nConditionalSplit10@AccGainedErr derive(ErrorDesc = 'AccessGained is Null') ~> AccGainedDer\nConditionalSplit11@AccReqdErr derive(ErrorDesc = 'AccReqd is Null') ~> AccReqdDer\nConditionalSplit13@ValidIsclosed rank(asc(CarrsAssetUID, true),\n\tasc(Defect_Index, true),\n\tasc(Description, true),\n\tasc(Location, true),\n\toutput(Defect_ID as long),\n\tdense: true) ~> Rank\nConditionalSplit14@SecondRun derive(Defect_ID = Defect_ID + CachedDefectSink#outputs()[1].mx_def_id) ~> DerivedColumn1\nRank split(isNull(CachedDefectSink#outputs()[1].mx_def_id),\n\tdisjoint: false) ~> ConditionalSplit14@(FirstRun, SecondRun)\nDerivedColumn1 select(mapColumn(\n\t\tCarrsAssetUID,\n\t\tNR_Route,\n\t\tELR,\n\t\tStructure_No,\n\t\tMiles,\n\t\tChains,\n\t\tYards,\n\t\tStruc_type,\n\t\tDefect_Index,\n\t\tExam_Date,\n\t\tRisk_Score,\n\t\tDescription,\n\t\tLocation,\n\t\tExam_Type,\n\t\tDeterioration,\n\t\tAccess_Gained,\n\t\tAccess_reqd,\n\t\tRepaired,\n\t\tIs_closed,\n\t\tEXAM_SR_KEY,\n\t\tCREATED_USER,\n\t\tCREATED_DATE,\n\t\tASSET_GUID,\n\t\tDefect_ID\n\t),\n\tskipDuplicateMapInputs: true,\n\tskipDuplicateMapOutputs: true) ~> Selectfinal2\nSelectfinal2, Selectfinal union(byName: true)~> Union2\nUnion2 sink(allowSchemaDrift: true,\n\tvalidateSchema: false,\n\tformat: 'parquet',\n\tpartitionFileNames:[(concat('CES_Defect_',toString(currentUTC(),'yyyyMMdd'),'.parquet'))],\n\tumask: 0022,\n\tskipDuplicateMapInputs: true,\n\tskipDuplicateMapOutputs: true,\n\tmapColumn(\n\t\tCarrsAssetUID,\n\t\tEXAM_SR_KEY,\n\t\tNR_Route,\n\t\tELR,\n\t\tStructure_No,\n\t\tMiles,\n\t\tChains,\n\t\tYards,\n\t\tStruc_type,\n\t\tDefect_Index,\n\t\tDefect_ID,\n\t\tExam_Date,\n\t\tRisk_Score,\n\t\tDescription,\n\t\tLocation,\n\t\tExam_Type,\n\t\tDeterioration,\n\t\tAccess_Gained,\n\t\tAccess_reqd,\n\t\tRepaired,\n\t\tIs_closed,\n\t\tCREATED_USER,\n\t\tCREATED_DATE\n\t),\n\tpartitionBy('hash', 1)) ~> SinkCurated\nUnion1 sink(allowSchemaDrift: true,\n\tvalidateSchema: false,\n\tpartitionFileNames:[(concat('CES_Defect_Error_',toString(currentUTC(),'yyyyMMdd'),'.csv'))],\n\tumask: 0022,\n\tskipDuplicateMapInputs: true,\n\tskipDuplicateMapOutputs: true,\n\tpartitionBy('hash', 1)) ~> SinkError\nCesDefect sink(allowSchemaDrift: true,\n\tvalidateSchema: false,\n\tskipDuplicateMapInputs: true,\n\tskipDuplicateMapOutputs: true,\n\tstore: 'cache',\n\tformat: 'inline',\n\toutput: false,\n\tsaveOrder: 1) ~> CachedDefectSink"
		}
	}
}