{
	"name": "dataflow_ces_Asset_Bridge_migration",
	"properties": {
		"folder": {
			"name": "BRIDGE/ASSET_BRIDGE"
		},
		"type": "MappingDataFlow",
		"typeProperties": {
			"sources": [
				{
					"dataset": {
						"referenceName": "ds_adlsgen2_common_xlsx",
						"type": "DatasetReference"
					},
					"name": "sourceAssetData"
				}
			],
			"sinks": [
				{
					"dataset": {
						"referenceName": "ds_adlsgen2_Insert_Parquet",
						"type": "DatasetReference"
					},
					"name": "sinkDestination"
				}
			],
			"transformations": [
				{
					"name": "DerivedColumn1"
				},
				{
					"name": "Select1"
				}
			],
			"script": "source(output(\n\t\tGUID as string,\n\t\tTERRITORY as string,\n\t\tAREA as string,\n\t\tROUTE as string,\n\t\tELR as string,\n\t\tSTART_MILEAGE as double,\n\t\tEND_MILEAGE as double,\n\t\tRAILWAY_ID as string,\n\t\tTYPE_GROUP_CODE as string,\n\t\tTYPE_GROUP_DESC as string,\n\t\tASSET_TYPE as string,\n\t\tDESCRIPTION as string,\n\t\tPRIMARY_MATERIAL as string,\n\t\tOS_GRID_REF as string,\n\t\tHCE_FLAG as integer,\n\t\tSTRUCTURE_CARRIES as string,\n\t\tSTRUCTURE_OVER as string,\n\t\tLATEST_SCMI_SCORE as integer,\n\t\tLATEST_SCMI_DATE as string,\n\t\tINSERT_DATE as string,\n\t\tUPDATE_DATE as string\n\t),\n\tallowSchemaDrift: true,\n\tvalidateSchema: false,\n\tignoreNoFilesFound: false,\n\tdateFormats: ['MM-dd-yyyy'],\n\ttimestampFormats: ['MM-dd-yyyy HH:mm:ss'],\n\tpreferredIntegralType: 'integer',\n\tpreferredFractionalType: 'decimal',\n\tpartitionBy('hash', 1)) ~> sourceAssetData\nsourceAssetData derive(HCE_FLAG_Derived = iif(HCE_FLAG == 1, 'YES', iif(HCE_FLAG == 0,'NO', toString(null()))),\n\t\tCREATED_USER = 'BRIDGE',\n\t\tCREATED_DATE = currentUTC()) ~> DerivedColumn1\nDerivedColumn1 select(mapColumn(\n\t\tASSET_GUID = GUID,\n\t\tREGION = TERRITORY,\n\t\tAREA,\n\t\tROUTE,\n\t\tENGINE_LINE_REF = ELR,\n\t\tSTART_MILEAGE,\n\t\tEND_MILEAGE,\n\t\tRAILWAY_ID,\n\t\tASSET_GROUP_CD = TYPE_GROUP_CODE,\n\t\tASSET_GROUP_DESC = TYPE_GROUP_DESC,\n\t\tASSET_TYPE,\n\t\tASSET_NAME = DESCRIPTION,\n\t\tPRIMARY_MATERIAL,\n\t\tOS_GRID_REF,\n\t\tHCE_FLAG = HCE_FLAG_Derived,\n\t\tCREATED_USER,\n\t\tCREATED_DATE\n\t),\n\tskipDuplicateMapInputs: true,\n\tskipDuplicateMapOutputs: true) ~> Select1\nSelect1 sink(allowSchemaDrift: true,\n\tvalidateSchema: false,\n\tformat: 'parquet',\n\tpartitionFileNames:[(concat('CES_Bridge_Asset_Migration_',toString(currentUTC(),'yyyyMMdd'),'.parquet'))],\n\tpartitionBy('hash', 1),\n\tskipDuplicateMapInputs: true,\n\tskipDuplicateMapOutputs: true) ~> sinkDestination"
		}
	}
}