{
	"name": "dataflow_ces_Risk_Assessment_Migration_Transform",
	"properties": {
		"folder": {
			"name": "CARRS/Risk_Assessment"
		},
		"type": "MappingDataFlow",
		"typeProperties": {
			"sources": [
				{
					"dataset": {
						"referenceName": "ds_adlsgen2_common_xlsx",
						"type": "DatasetReference"
					},
					"name": "sourceRiskAssessment"
				},
				{
					"dataset": {
						"referenceName": "ds_SQL_common_query",
						"type": "DatasetReference"
					},
					"name": "sourceExam"
				},
				{
					"dataset": {
						"referenceName": "ds_SQL_common_query",
						"type": "DatasetReference"
					},
					"name": "cesasset"
				},
				{
					"dataset": {
						"referenceName": "ds_adlsgen2_common_xlsx",
						"type": "DatasetReference"
					},
					"name": "sourceDomainValue"
				},
				{
					"dataset": {
						"referenceName": "ds_SQL_common_query",
						"type": "DatasetReference"
					},
					"name": "sourceReferenceView"
				}
			],
			"sinks": [
				{
					"dataset": {
						"referenceName": "ds_adlsgen2_Insert_Parquet",
						"type": "DatasetReference"
					},
					"name": "sinkRiskAssessment"
				},
				{
					"dataset": {
						"referenceName": "ds_adlsgen2_common_sink_csv",
						"type": "DatasetReference"
					},
					"name": "sinkerrorRiskAssessment"
				}
			],
			"transformations": [
				{
					"name": "DerivedColumnCreatedUserIsLatest"
				},
				{
					"name": "JoinAsset"
				},
				{
					"name": "ConditionalSplit1"
				},
				{
					"name": "DerivedColumn2"
				},
				{
					"name": "JoinExam"
				},
				{
					"name": "JoinDomain"
				},
				{
					"name": "DerivedColumnRiskAccessStatus"
				},
				{
					"name": "JoinReference"
				},
				{
					"name": "DerivedColumnDestRiskAssessStatus"
				},
				{
					"name": "FilterNotnullDate"
				}
			],
			"script": "source(output(\n\t\tRA_ID as string,\n\t\tEXAM_TYPE as string,\n\t\tGUID as string,\n\t\tEXAM_ID as decimal(10,0),\n\t\tRA_COMMENTS as string,\n\t\tRA_DATE as date,\n\t\tNEXT_REVIEW_DATE as date,\n\t\tEXPIRY_DATE as date,\n\t\tRISK_ASSESSMENT_STATUS as decimal(10,0),\n\t\tCOMPLETION_DATE as date,\n\t\tRA_FIELD_1 as string,\n\t\tRA_FIELD_2 as string,\n\t\tRA_FIELD_3 as string,\n\t\tRA_FIELD_4 as string,\n\t\tRA_FIELD_5 as string,\n\t\tRA_FIELD_6 as string,\n\t\tRA_FIELD_7 as string,\n\t\tRA_FIELD_8 as string,\n\t\tRA_FIELD_9 as string,\n\t\tRA_FIELD_10 as string,\n\t\tRA_FIELD_11 as string,\n\t\tRA_FIELD_12 as string,\n\t\tRA_FIELD_13 as string,\n\t\tRA_FIELD_14 as string,\n\t\tRA_FIELD_15 as string,\n\t\tRA_FIELD_16 as string,\n\t\tRA_FIELD_17 as string,\n\t\tRA_FIELD_18 as string,\n\t\tRA_FIELD_19 as string,\n\t\tRA_FIELD_20 as string,\n\t\tMIT_STRUCT_OUT_OF_USE as string,\n\t\tMIT_PERFORM_ADDL_EXAM as string,\n\t\tMIT_RESTRICT_STRUCT_USE as string,\n\t\tMIT_PHYSICAL_WORKS as string,\n\t\tMIT_VIS_EXAM_REQD as string,\n\t\tMIT_DO_NOTHING as string,\n\t\tMIT_OTHER as string,\n\t\tMIT_COMMENTS as string,\n\t\tMIT_COMPLETION_DATE as string,\n\t\tINSERT_USERNAME as string,\n\t\tUPDATE_USERNAME as string,\n\t\tINSERT_DATE as timestamp 'yyyy-MM-dd\\'T\\'HH:mm:ss.SSS\\'Z\\'',\n\t\tUPDATE_DATE as timestamp 'yyyy-MM-dd\\'T\\'HH:mm:ss.SSS\\'Z\\'',\n\t\tMODIFIED_TIME as string,\n\t\tMITIGATION_REQD as string,\n\t\tMIT_COMPLETED_BY as string,\n\t\tMIT_ACTION as string\n\t),\n\tallowSchemaDrift: true,\n\tvalidateSchema: false,\n\tignoreNoFilesFound: false) ~> sourceRiskAssessment\nsource(output(\n\t\tEXAM_TYPE_SR_KEY as decimal(18,0),\n\t\tsource_exam_id as decimal(18,0),\n\t\tASSET_GUID as string\n\t),\n\tallowSchemaDrift: true,\n\tvalidateSchema: false,\n\tisolationLevel: 'READ_UNCOMMITTED',\n\tquery: 'select EXAM_TYPE_SR_KEY,EXAM_ID as source_exam_id,ASSET_GUID from ces.exam',\n\tformat: 'query') ~> sourceExam\nsource(output(\n\t\tces_asset_guid as string\n\t),\n\tallowSchemaDrift: true,\n\tvalidateSchema: false,\n\tisolationLevel: 'READ_UNCOMMITTED',\n\tquery: 'select asset_guid as ces_asset_guid from ces.asset',\n\tformat: 'query') ~> cesasset\nsource(output(\n\t\tTYPE_ID as decimal(10,0),\n\t\tVALUE_ID as decimal(10,0),\n\t\tVALUE_CODE as string,\n\t\tVALUE_DESC as string,\n\t\tSHORT_DESC as string,\n\t\tORD_SEQ as decimal(10,0)\n\t),\n\tallowSchemaDrift: true,\n\tvalidateSchema: false,\n\tignoreNoFilesFound: false) ~> sourceDomainValue\nsource(output(\n\t\tREF_VAL_SR_KEY as decimal(18,0),\n\t\tREF_TYP_CODE as string,\n\t\tREF_VALUE as string\n\t),\n\tallowSchemaDrift: true,\n\tvalidateSchema: false,\n\tisolationLevel: 'READ_UNCOMMITTED',\n\tquery: 'select REF_VAL_SR_KEY,REF_TYP_CODE,REF_VALUE from [CTL_CES_ADL_CONTROL].[vw_ADF_Reference_Type_Value] where REF_TYP_CODE=\\'RAS\\'',\n\tformat: 'query') ~> sourceReferenceView\nJoinDomain derive(CREATED_USER = 'BRIDGE',\n\t\tMODIFIED_TIME_CUSTOM = toTimestamp(MODIFIED_TIME, 'dd-MMM-yy HH.mm.ss'),\n\t\tRA_STATUS_Description = VALUE_DESC,\n\t\tRISK_SCORE = iif((isNull(RA_FIELD_17)),'', (iif((toInteger(RA_FIELD_17)<12),'Low','High'))),\n\t\tISLATEST = 'N') ~> DerivedColumnCreatedUserIsLatest\nFilterNotnullDate, cesasset join(GUID == ces_asset_guid,\n\tjoinType:'left',\n\tbroadcast: 'auto')~> JoinAsset\nJoinExam split(!(isNull(ces_asset_guid) || isNull(EXAM_TYPE_SR_KEY)),\n\tdisjoint: false) ~> ConditionalSplit1@(AssetIDexists, AssetIDnotexists)\nConditionalSplit1@AssetIDnotexists derive(ErrorDesc = 'Asset GUID or Exam ID is not matching with CES') ~> DerivedColumn2\nJoinAsset, sourceExam join(EXAM_ID == source_exam_id,\n\tjoinType:'left',\n\tbroadcast: 'auto')~> JoinExam\nConditionalSplit1@AssetIDexists, sourceDomainValue join(RISK_ASSESSMENT_STATUS == VALUE_ID,\n\tjoinType:'left',\n\tbroadcast: 'auto')~> JoinDomain\nDerivedColumnCreatedUserIsLatest derive(Risk_Access_Status_Description = iif(isNull(RA_STATUS_Description), (iif((isNull(RA_FIELD_17)),'', (iif((toInteger(RA_FIELD_17)<12),'Complete (result: Lower)',''))))  ,\r\n(iif((lower(RA_STATUS_Description)=='completed'),'Complete (result: Higher)',\r\n(iif((lower(RA_STATUS_Description)=='in progress' || lower(RA_STATUS_Description)=='awaiting mitigation' || lower(RA_STATUS_Description)=='risk assessment required'),'Required',\r\n(iif((lower(RA_STATUS_Description)=='pending action' || lower(RA_STATUS_Description)=='exam id required' || lower(RA_STATUS_Description)=='review detailed exam risk assessment'),'',\r\n(iif((lower(RA_STATUS_Description)=='Not Required'),'Not Required','')))))))))) ~> DerivedColumnRiskAccessStatus\nDerivedColumnRiskAccessStatus, sourceReferenceView join(lower(Risk_Access_Status_Description) == lower(REF_VALUE),\n\tjoinType:'left',\n\tbroadcast: 'auto')~> JoinReference\nJoinReference derive(RISK_ASSESS_STATUS = REF_VAL_SR_KEY) ~> DerivedColumnDestRiskAssessStatus\nsourceRiskAssessment filter(!(isNull(NEXT_REVIEW_DATE) || isNull(EXPIRY_DATE) || isNull(RA_DATE))) ~> FilterNotnullDate\nDerivedColumnDestRiskAssessStatus sink(allowSchemaDrift: true,\n\tvalidateSchema: false,\n\tformat: 'parquet',\n\tpartitionFileNames:[(concat('CES_Risk_Assessment_',toString(currentUTC(),'yyyyMMdd'),'.parquet'))],\n\tumask: 0022,\n\tskipDuplicateMapInputs: true,\n\tskipDuplicateMapOutputs: true,\n\tpartitionBy('hash', 1)) ~> sinkRiskAssessment\nDerivedColumn2 sink(allowSchemaDrift: true,\n\tvalidateSchema: false,\n\tpartitionFileNames:[(concat('CES_Risk_Assessment_Error_',toString(currentUTC(),'yyyyMMdd'),'.csv'))],\n\tumask: 0022,\n\tskipDuplicateMapInputs: true,\n\tskipDuplicateMapOutputs: true,\n\tpartitionBy('hash', 1)) ~> sinkerrorRiskAssessment"
		}
	}
}