{
	"name": "dataflow_ces_Exam_Group_Asset_Map_Sync_Transformation",
	"properties": {
		"folder": {
			"name": "CARRS/Exam_Group_Asset_Map"
		},
		"type": "MappingDataFlow",
		"typeProperties": {
			"sources": [
				{
					"dataset": {
						"referenceName": "ds_adlsgen2_Common_parquet",
						"type": "DatasetReference"
					},
					"name": "sourceExamGroupElement"
				},
				{
					"dataset": {
						"referenceName": "ds_SQL_common_query",
						"type": "DatasetReference"
					},
					"name": "sourceCesExamGroup"
				},
				{
					"dataset": {
						"referenceName": "ds_SQL_common_query",
						"type": "DatasetReference"
					},
					"name": "CESAsset"
				}
			],
			"sinks": [
				{
					"dataset": {
						"referenceName": "ds_adlsgen2_Insert_Parquet",
						"type": "DatasetReference"
					},
					"name": "sinkExamGroupAssetMap"
				},
				{
					"dataset": {
						"referenceName": "ds_adlsgen2_common_sink_csv",
						"type": "DatasetReference"
					},
					"name": "sinkError"
				}
			],
			"transformations": [
				{
					"name": "JoinExamGroupSRKey"
				},
				{
					"name": "SelectColumns"
				},
				{
					"name": "ConditionalSplitExamGroupID"
				},
				{
					"name": "DerivedColumn1"
				},
				{
					"name": "Join1"
				},
				{
					"name": "AssetNULL"
				},
				{
					"name": "DCDAssetError"
				},
				{
					"name": "Union1"
				}
			],
			"script": "source(output(\n\t\tASSET_GUID as string,\n\t\tDELETED_FLG as string,\n\t\tEXAM_GROUP_ID as decimal(22,0)\n\t),\n\tallowSchemaDrift: true,\n\tvalidateSchema: false,\n\tignoreNoFilesFound: false,\n\tformat: 'parquet') ~> sourceExamGroupElement\nsource(output(\n\t\texam_group_sr_key as decimal(18,0),\n\t\tcarrs_exam_group_id as decimal(18,0)\n\t),\n\tallowSchemaDrift: true,\n\tvalidateSchema: false,\n\tisolationLevel: 'READ_UNCOMMITTED',\n\tquery: 'select exam_group_sr_key, carrs_exam_group_id from ces.exam_group',\n\tformat: 'query') ~> sourceCesExamGroup\nsource(output(\n\t\tCES_ASSET_GUID as string\n\t),\n\tallowSchemaDrift: true,\n\tvalidateSchema: false,\n\tisolationLevel: 'READ_UNCOMMITTED',\n\tquery: 'select ASSET_GUID as CES_ASSET_GUID  from ces.asset',\n\tformat: 'query') ~> CESAsset\nJoin1, sourceCesExamGroup join(EXAM_GROUP_ID == carrs_exam_group_id,\n\tjoinType:'left',\n\tbroadcast: 'auto')~> JoinExamGroupSRKey\nConditionalSplitExamGroupID@ExamGroupIDNotNull select(mapColumn(\n\t\tEXAM_GROUP_SR_KEY = exam_group_sr_key,\n\t\tASSET_GUID,\n\t\tDELETED_FLG\n\t),\n\tskipDuplicateMapInputs: true,\n\tskipDuplicateMapOutputs: true) ~> SelectColumns\nAssetNULL@AssetNotNULL split(!isNull(exam_group_sr_key),\n\tdisjoint: false) ~> ConditionalSplitExamGroupID@(ExamGroupIDNotNull, ExamGroupIdNULL)\nConditionalSplitExamGroupID@ExamGroupIdNULL derive(ErrorDesc = 'Exam GroupID not found in CES.Exam_Group table') ~> DerivedColumn1\nsourceExamGroupElement, CESAsset join(ASSET_GUID == CES_ASSET_GUID,\n\tjoinType:'left',\n\tbroadcast: 'auto')~> Join1\nJoinExamGroupSRKey split(!isNull(CES_ASSET_GUID),\n\tdisjoint: false) ~> AssetNULL@(AssetNotNULL, AssetNULL)\nAssetNULL@AssetNULL derive(ErrorDesc = 'Asset GUID not present in CES.Asset table') ~> DCDAssetError\nDerivedColumn1, DCDAssetError union(byName: true)~> Union1\nSelectColumns sink(allowSchemaDrift: true,\n\tvalidateSchema: false,\n\tformat: 'parquet',\n\tpartitionFileNames:[(concat('CES_Exam_Group_Element_Sync_',toString(currentUTC(),'yyyyMMdd'),'.parquet'))],\n\tumask: 0022,\n\tskipDuplicateMapInputs: true,\n\tskipDuplicateMapOutputs: true,\n\tpartitionBy('hash', 1)) ~> sinkExamGroupAssetMap\nUnion1 sink(allowSchemaDrift: true,\n\tvalidateSchema: false,\n\tpartitionFileNames:[(concat('CES_Exam_Group_Asset_Map_Sync_Error_',toString(currentUTC(),'yyyyMMdd'),'.csv'))],\n\tumask: 0022,\n\tskipDuplicateMapInputs: true,\n\tskipDuplicateMapOutputs: true,\n\tpartitionBy('hash', 1)) ~> sinkError"
		}
	}
}