{
	"name": "dataflow_ces_PartNotExamined_migration_Transform",
	"properties": {
		"folder": {
			"name": "CARRS/PartNotExamined"
		},
		"type": "MappingDataFlow",
		"typeProperties": {
			"sources": [
				{
					"dataset": {
						"referenceName": "ds_adlsgen2_Common_parquet",
						"type": "DatasetReference"
					},
					"name": "sourcePartNotExamined"
				},
				{
					"dataset": {
						"referenceName": "ds_sql_common_SQLQuery",
						"type": "DatasetReference"
					},
					"name": "sourceCESExam"
				},
				{
					"dataset": {
						"referenceName": "ds_adlsgen2_Common_parquet",
						"type": "DatasetReference"
					},
					"name": "sourceExamSummaryParquet"
				}
			],
			"sinks": [
				{
					"dataset": {
						"referenceName": "ds_adlsgen2_Insert_Parquet",
						"type": "DatasetReference"
					},
					"name": "sinkDestination"
				},
				{
					"dataset": {
						"referenceName": "ds_adlsgen2_common_sink_csv",
						"type": "DatasetReference"
					},
					"name": "sinkError"
				}
			],
			"transformations": [
				{
					"name": "JoinExamSummary"
				},
				{
					"name": "DerivedColumn1"
				},
				{
					"name": "JoinCESExam"
				},
				{
					"name": "ConditionalSplit1"
				},
				{
					"name": "Select1"
				},
				{
					"name": "DerivedColumn2ErrorDesc"
				},
				{
					"name": "SelectExamSummary"
				}
			],
			"script": "source(output(\n\t\tPART_ID as decimal(9,0),\n\t\tEXAM_SUMMARY_ID as decimal(9,0),\n\t\tPART_DESC as string,\n\t\tPART_NOT_EXAM_REASON_TEXT as string,\n\t\tMODIFIED_DATE as date,\n\t\tMODIFIED_BY_USER_ID as string,\n\t\tROW_VER as decimal(9,0),\n\t\tDELETED_FLG as string\n\t),\n\tallowSchemaDrift: true,\n\tvalidateSchema: false,\n\tignoreNoFilesFound: false,\n\tformat: 'parquet') ~> sourcePartNotExamined\nsource(output(\n\t\tEXAM_SR_KEY as decimal(18,0),\n\t\tEXAM_ID as decimal(18,0),\n\t\tPNE_FLAG as string,\n\t\tCREATED_USER as string,\n\t\tCREATED_DATE as timestamp\n\t),\n\tallowSchemaDrift: true,\n\tvalidateSchema: false,\n\tisolationLevel: 'READ_UNCOMMITTED',\n\tquery: 'Select [EXAM_SR_KEY],[EXAM_ID],[PNE_FLAG] ,[CREATED_USER],[CREATED_DATE] from CES.Exam',\n\tformat: 'query') ~> sourceCESExam\nsource(output(\n\t\tCAI_GUID as string,\n\t\tSME_COMMENT_TEXT as string,\n\t\tEXAM_ENG_COMMENT_TEXT as string,\n\t\tDELETED_FLG as string,\n\t\tREPORT_FILE_NAME as string,\n\t\tROW_VER as decimal(22,0),\n\t\tEXAM_TYPE_ID as decimal(22,0),\n\t\tREPORT_CONTRACT_YEAR_ID as decimal(22,0),\n\t\tREPORT_ELEMENT_TYPE_ID as decimal(22,0),\n\t\tREPORT_ASSET_TYPE_GROUP_ID as decimal(22,0),\n\t\tREPORT_STRUCT_DESC as string,\n\t\tREPORT_OS_REF as string,\n\t\tREPORT_SPAN_TEXT as string,\n\t\tREPORT_AREA_ID as decimal(22,0),\n\t\tREPORT_TO_YARDS as decimal(22,0),\n\t\tREPORT_TO_MILES as decimal(22,0),\n\t\tREPORT_FROM_YARDS as decimal(22,0),\n\t\tREPORT_FROM_MILES as decimal(22,0),\n\t\tREPORT_STRUCT_REF as string,\n\t\tREPORT_ELR_CODE as string,\n\t\tALLOCATED_TO_USER_ID as string,\n\t\tALLOCATED_TO_USER_DATE as date,\n\t\tAT_BETWEEN_STATION_TEXT as string,\n\t\tMODIFIED_BY_USER_ID as string,\n\t\tMODIFIED_DATE as timestamp,\n\t\tEXAM_SUMMARY_REF as string,\n\t\tSIGNED_OFF_DATE as date,\n\t\tSIGNED_OFF_BY_NAME as string,\n\t\tENTERED_DATE as date,\n\t\tCOND_ID as decimal(22,0),\n\t\tEXAMINER_GEN_COMMENT_TEXT as string,\n\t\tEXAMINER_REPORT_SIGNED_DATE as date,\n\t\tEXAMINER_NAME as string,\n\t\tEXAM_ORG_ID as decimal(22,0),\n\t\tEXAM_ENG_REPORT_SIGNED_DATE as date,\n\t\tEXAM_ENG_NAME as string,\n\t\tEXAM_STATUS_ID as decimal(22,0),\n\t\tEXAM_COMPLETE_IND as string,\n\t\tEXAM_DATE as date,\n\t\tEXAM_ID as decimal(22,0),\n\t\tEXAM_SUMMARY_ID as decimal(22,0)\n\t),\n\tallowSchemaDrift: true,\n\tvalidateSchema: false,\n\tignoreNoFilesFound: false,\n\tformat: 'parquet') ~> sourceExamSummaryParquet\nsourcePartNotExamined, SelectExamSummary join(sourcePartNotExamined@EXAM_SUMMARY_ID == SelectExamSummary@EXAM_SUMMARY_ID,\n\tjoinType:'left',\n\tbroadcast: 'auto')~> JoinExamSummary\nJoinCESExam derive(CREATED_USER_CUSTOM = 'CARRS',\n\t\tCREATED_DATE_CUSTOM = currentUTC()) ~> DerivedColumn1\nJoinExamSummary, sourceCESExam join(SelectExamSummary@Exam_ID == sourceCESExam@EXAM_ID,\n\tjoinType:'left',\n\tbroadcast: 'auto')~> JoinCESExam\nSelect1 split(!isNull(EXAM_SR_KEY),\n\tdisjoint: false,\n\tpartitionBy('hash', 1)) ~> ConditionalSplit1@(ValidExamSRKey, InvalidExamSRKey)\nDerivedColumn1 select(mapColumn(\n\t\tPART_ID,\n\t\tEXAM_SUMMARY_ID = sourcePartNotExamined@EXAM_SUMMARY_ID,\n\t\tPART_DESC,\n\t\tPART_NOT_EXAM_REASON_TEXT,\n\t\tROW_VER,\n\t\tDELETED_FLG,\n\t\tExam_ID = sourceCESExam@EXAM_ID,\n\t\tEXAM_SUMMARY_ID = sourcePartNotExamined@EXAM_SUMMARY_ID,\n\t\tEXAM_SR_KEY,\n\t\tEXAM_ID = sourceCESExam@EXAM_ID,\n\t\tPNE_FLAG,\n\t\tCREATED_USER_CUSTOM,\n\t\tCREATED_DATE_CUSTOM\n\t),\n\tskipDuplicateMapInputs: true,\n\tskipDuplicateMapOutputs: true) ~> Select1\nConditionalSplit1@InvalidExamSRKey derive(ErrorDesc = 'EXAM_SR_KEY is Null') ~> DerivedColumn2ErrorDesc\nsourceExamSummaryParquet select(mapColumn(\n\t\tExam_ID = EXAM_ID,\n\t\tEXAM_SUMMARY_ID\n\t),\n\tskipDuplicateMapInputs: true,\n\tskipDuplicateMapOutputs: true) ~> SelectExamSummary\nConditionalSplit1@ValidExamSRKey sink(allowSchemaDrift: true,\n\tvalidateSchema: false,\n\tformat: 'parquet',\n\tpartitionFileNames:[(concat('CES_PartNotExamined_',toString(currentUTC(),'yyyyMMdd'),'.parquet'))],\n\tumask: 0022,\n\tskipDuplicateMapInputs: true,\n\tskipDuplicateMapOutputs: true,\n\tmapColumn(\n\t\tPART_ID,\n\t\tEXAM_SUMMARY_ID,\n\t\tPART_DESC,\n\t\tPART_NOT_EXAM_REASON_TEXT,\n\t\tROW_VER,\n\t\tDELETED_FLG,\n\t\tExam_ID,\n\t\tEXAM_SR_KEY,\n\t\tPNE_FLAG,\n\t\tCREATED_USER_CUSTOM,\n\t\tCREATED_DATE_CUSTOM\n\t),\n\tpartitionBy('hash', 1)) ~> sinkDestination\nDerivedColumn2ErrorDesc sink(allowSchemaDrift: true,\n\tvalidateSchema: false,\n\tpartitionFileNames:[(concat('CES_PartNotExamined_Error_',toString(currentUTC(),'yyyyMMdd'),'.csv'))],\n\tumask: 0022,\n\tskipDuplicateMapInputs: true,\n\tskipDuplicateMapOutputs: true) ~> sinkError"
		}
	}
}