{
	"name": "dataflow_ces_XML_Raw_Curated",
	"properties": {
		"folder": {
			"name": "PostExamFiles"
		},
		"type": "MappingDataFlow",
		"typeProperties": {
			"sources": [
				{
					"dataset": {
						"referenceName": "ds_SQL_common_query",
						"type": "DatasetReference"
					},
					"name": "CesSupplier"
				},
				{
					"dataset": {
						"referenceName": "ds_SQL_common_query",
						"type": "DatasetReference"
					},
					"name": "CesvwRefVal"
				},
				{
					"dataset": {
						"referenceName": "ds_SQL_common_query",
						"type": "DatasetReference"
					},
					"name": "CesAsset"
				},
				{
					"dataset": {
						"referenceName": "ds_SQL_common_query",
						"type": "DatasetReference"
					},
					"name": "CesExamExType"
				},
				{
					"dataset": {
						"referenceName": "ds_SQL_common_query",
						"type": "DatasetReference"
					},
					"name": "CesRcmd"
				},
				{
					"dataset": {
						"referenceName": "ds_SQL_common_query",
						"type": "DatasetReference"
					},
					"name": "CesExam"
				},
				{
					"dataset": {
						"referenceName": "ds_SQL_common_query",
						"type": "DatasetReference"
					},
					"name": "CesPNE"
				},
				{
					"dataset": {
						"referenceName": "ds_SQL_common_query",
						"type": "DatasetReference"
					},
					"name": "CesAccess"
				},
				{
					"dataset": {
						"referenceName": "ds_SQL_common_query",
						"type": "DatasetReference"
					},
					"name": "CesImage"
				},
				{
					"dataset": {
						"referenceName": "ds_adlsgen2_XML_rawfile",
						"type": "DatasetReference"
					},
					"name": "XMLAsset"
				},
				{
					"dataset": {
						"referenceName": "ds_adlsgen2_XML_rawfile",
						"type": "DatasetReference"
					},
					"name": "XMLExam"
				},
				{
					"dataset": {
						"referenceName": "ds_adlsgen2_XML_rawfile",
						"type": "DatasetReference"
					},
					"name": "XMLDefectIns"
				},
				{
					"dataset": {
						"referenceName": "ds_adlsgen2_XML_rawfile",
						"type": "DatasetReference"
					},
					"name": "XMLImage"
				},
				{
					"dataset": {
						"referenceName": "ds_adlsgen2_XML_rawfile",
						"type": "DatasetReference"
					},
					"name": "XMLPNE"
				},
				{
					"dataset": {
						"referenceName": "ds_adlsgen2_XML_rawfile",
						"type": "DatasetReference"
					},
					"name": "XMLRecommendation"
				},
				{
					"dataset": {
						"referenceName": "ds_adlsgen2_XML_rawfile",
						"type": "DatasetReference"
					},
					"name": "XMLAccess"
				},
				{
					"dataset": {
						"referenceName": "ds_adlsgen2_XML_rawfile",
						"type": "DatasetReference"
					},
					"name": "XMLDefectUpd"
				}
			],
			"sinks": [
				{
					"dataset": {
						"referenceName": "ds_adlsgen2_Insert_Parquet",
						"type": "DatasetReference"
					},
					"name": "SinkAsset"
				},
				{
					"dataset": {
						"referenceName": "ds_adlsgen2_Insert_Parquet",
						"type": "DatasetReference"
					},
					"name": "SinkExam"
				},
				{
					"dataset": {
						"referenceName": "ds_adlsgen2_Insert_Parquet",
						"type": "DatasetReference"
					},
					"name": "SinkRecommendation"
				},
				{
					"dataset": {
						"referenceName": "ds_adlsgen2_Insert_Parquet",
						"type": "DatasetReference"
					},
					"name": "SinkAccessdata"
				},
				{
					"dataset": {
						"referenceName": "ds_adlsgen2_Insert_Parquet",
						"type": "DatasetReference"
					},
					"name": "SinkImage"
				},
				{
					"dataset": {
						"referenceName": "ds_adlsgen2_Insert_Parquet",
						"type": "DatasetReference"
					},
					"name": "sinkPNE"
				},
				{
					"dataset": {
						"referenceName": "ds_adlsgen2_Insert_Access",
						"type": "DatasetReference"
					},
					"name": "sinkAccessDB"
				},
				{
					"dataset": {
						"referenceName": "ds_adlsgen2_Insert_Image",
						"type": "DatasetReference"
					},
					"name": "sinkImageDB"
				},
				{
					"dataset": {
						"referenceName": "ds_sql_Insert_PNE",
						"type": "DatasetReference"
					},
					"name": "sinkPNEDB"
				},
				{
					"dataset": {
						"referenceName": "ds_sql_Insert_Asset",
						"type": "DatasetReference"
					},
					"name": "sinkAssetDb"
				},
				{
					"dataset": {
						"referenceName": "ds_sql_Insert_Recommendation",
						"type": "DatasetReference"
					},
					"name": "sinkRcmndDB"
				},
				{
					"dataset": {
						"referenceName": "ds_sql_insert_alarm",
						"type": "DatasetReference"
					},
					"name": "sinkDefectIns"
				},
				{
					"dataset": {
						"referenceName": "ds_adlsgen2_Insert_Parquet",
						"type": "DatasetReference"
					},
					"name": "sinkCuratedDefect"
				},
				{
					"dataset": {
						"referenceName": "ds_sql_insert_alarm",
						"type": "DatasetReference"
					},
					"name": "sinkDefectUpd"
				}
			],
			"transformations": [
				{
					"name": "SelectEXAM"
				},
				{
					"name": "SelectASSET"
				},
				{
					"name": "SelectRecommend"
				},
				{
					"name": "SelecteExamfinal"
				},
				{
					"name": "SelectAccessdata"
				},
				{
					"name": "DerivedAccess"
				},
				{
					"name": "lkpPM"
				},
				{
					"name": "PMder"
				},
				{
					"name": "lkpSM"
				},
				{
					"name": "SMder"
				},
				{
					"name": "lkpStrucForm"
				},
				{
					"name": "StrucFormder"
				},
				{
					"name": "SelectAsset1"
				},
				{
					"name": "JoinAssets"
				},
				{
					"name": "SelectPM"
				},
				{
					"name": "SelectSM"
				},
				{
					"name": "SelectAssetFinal"
				},
				{
					"name": "SelectPhotoDetails"
				},
				{
					"name": "DerivedPhoto"
				},
				{
					"name": "DerivedRcmnd"
				},
				{
					"name": "lkpSupplier"
				},
				{
					"name": "DerivedSuppDer"
				},
				{
					"name": "lkpWKC"
				},
				{
					"name": "lkpFYR"
				},
				{
					"name": "Select3"
				},
				{
					"name": "SelectPartnotExam"
				},
				{
					"name": "DerivedPNE"
				},
				{
					"name": "JoinAsset1"
				},
				{
					"name": "JoinAsset2"
				},
				{
					"name": "JoinRcmnd"
				},
				{
					"name": "DerivedYear"
				},
				{
					"name": "DerivedWorkcat"
				},
				{
					"name": "lkpStatus"
				},
				{
					"name": "DerivedColumn3"
				},
				{
					"name": "DerivedStatus"
				},
				{
					"name": "Lkpyear"
				},
				{
					"name": "Lkprcmnstatus"
				},
				{
					"name": "Select5"
				},
				{
					"name": "Select6"
				},
				{
					"name": "SelectImagecols"
				},
				{
					"name": "Join1"
				},
				{
					"name": "Selectrcmnstader"
				},
				{
					"name": "SelectyearDer"
				},
				{
					"name": "Join3"
				},
				{
					"name": "Join4"
				},
				{
					"name": "Join5"
				},
				{
					"name": "JoinCesExam"
				},
				{
					"name": "Filter2"
				},
				{
					"name": "Filter3"
				},
				{
					"name": "SelectERS"
				},
				{
					"name": "SelectERP"
				},
				{
					"name": "LkpERP"
				},
				{
					"name": "LkpERS"
				},
				{
					"name": "DerivedColumn8"
				},
				{
					"name": "JoinPNE"
				},
				{
					"name": "JoinImage"
				},
				{
					"name": "JoinAccess"
				},
				{
					"name": "JoinExam"
				},
				{
					"name": "SelectAccessfinal"
				},
				{
					"name": "AlterRow2"
				},
				{
					"name": "AlterRow3"
				},
				{
					"name": "SelectPNEfinal"
				},
				{
					"name": "AlterRow4"
				},
				{
					"name": "AlterRow5"
				},
				{
					"name": "SelectRcmndfinal"
				},
				{
					"name": "AlterRow6"
				},
				{
					"name": "AlterRow7"
				},
				{
					"name": "FilterUrecs"
				},
				{
					"name": "AlterRow8"
				}
			],
			"script": "parameters{\n\tFilename as string,\n\tFileURL as string,\n\tRawDateDirectory as string\n}\nsource(output(\n\t\tSUPPLIER_SR_KEY as decimal(18,0),\n\t\tSUPPLIER_NAME as string,\n\t\tCREATED_USER as string,\n\t\tCREATED_DATE as date,\n\t\tUPDATED_USER as string,\n\t\tUPDATED_DATE as date,\n\t\tISACTIVE as boolean\n\t),\n\tallowSchemaDrift: true,\n\tvalidateSchema: false,\n\tisolationLevel: 'READ_UNCOMMITTED',\n\tquery: 'SELECT * FROM CES.SUPPLIER\\nWHERE ISACTIVE=1',\n\tformat: 'query') ~> CesSupplier\nsource(output(\n\t\tREF_TYP_SR_KEY as decimal(18,0),\n\t\tREF_TYP_NAME as string,\n\t\tREF_TYP_CODE as string,\n\t\tREF_VAL_SR_KEY as decimal(18,0),\n\t\tREF_VALUE as string\n\t),\n\tallowSchemaDrift: true,\n\tvalidateSchema: false,\n\tisolationLevel: 'READ_UNCOMMITTED',\n\tquery: 'select * from ctl_ces_adl_control.vw_ADF_reference_type_value',\n\tformat: 'query') ~> CesvwRefVal\nsource(output(\n\t\tASSET_GUID as string,\n\t\tPARENT_ASSET_GUID as string,\n\t\tASSET_NAME as string,\n\t\tASSET_TYPE_SR_KEY as decimal(18,0),\n\t\tASSET_GROUP_SR_KEY as decimal(18,0),\n\t\tORG_SR_KEY as decimal(18,0),\n\t\tAREA_SR_KEY as decimal(18,0),\n\t\tENG_LINE_REF as decimal(18,0),\n\t\tRAILWAY_ID as string,\n\t\tSTART_MILES as decimal(5,0),\n\t\tSTART_YARDS as decimal(5,0),\n\t\tEND_MILES as decimal(5,0),\n\t\tEND_YARDS as decimal(5,0),\n\t\tPRIMARY_MATERIAL as decimal(18,0),\n\t\tSECONDARY_MATERIAL as decimal(18,0),\n\t\tOPERATIONAL_STATUS as decimal(18,0),\n\t\tSTRUCTURAL_FORM as decimal(18,0),\n\t\tOWNING_PARTY as string,\n\t\tPOSSESSION_CRITICAL as string,\n\t\tGPS_START_MILEAGE as string,\n\t\tGPS_END_MILEAGE as string,\n\t\tSTART_OS_GRID_REF as string,\n\t\tEND_OS_GRID_REF as string,\n\t\tHCE_FLAG as string,\n\t\tANY_HIDDEN_PARTS as string,\n\t\tSTRUCTURE_CARRIES as string,\n\t\tSTRUCTURE_OVER as string,\n\t\tCMI_SCORE as decimal(3,0),\n\t\tCMI_DATE as date,\n\t\tISACTIVE as boolean,\n\t\tCREATED_USER as string,\n\t\tCREATED_DATE as timestamp,\n\t\tUPDATED_USER as string,\n\t\tUPDATED_DATE as timestamp\n\t),\n\tallowSchemaDrift: true,\n\tvalidateSchema: false,\n\tisolationLevel: 'READ_UNCOMMITTED',\n\tquery: 'Select * from ces.Asset where isactive=1',\n\tformat: 'query') ~> CesAsset\nsource(output(\n\t\tEXAM_ID as decimal(18,0),\n\t\tEXAM_TYPE as string,\n\t\tEXAM_SR_KEY as decimal(18,0),\n\t\tASSET_GUID as string,\n\t\tEXAM_ACTUAL_DATE as date,\n\t\tEXAM_TYPE_SR_KEY as decimal(18,0),\n\t\tSUPPLIER_SR_KEY as decimal(18,0),\n\t\tPNE_FLAG as string\n\t),\n\tallowSchemaDrift: true,\n\tvalidateSchema: false,\n\tisolationLevel: 'READ_UNCOMMITTED',\n\tquery: 'select E.EXAM_ID,ET.EXAM_TYPE,E.EXAM_SR_KEY,E.ASSET_GUID,E.EXAM_ACTUAL_DATE,E.EXAM_TYPE_SR_KEY,E.SUPPLIER_SR_KEY\\nfrom ces.exam e\\njoin ces.exam_type et on et.exam_type_sr_key=e.exam_type_sr_key\\nWHERE E.ISACTIVE=1 AND ET.ISACTIVE=1',\n\tformat: 'query') ~> CesExamExType\nsource(output(\n\t\tRECOMMEND_SR_KEY as decimal(18,0),\n\t\tEXAM_SR_KEY as decimal(18,0),\n\t\tRCMN_NUM as decimal(18,0),\n\t\tRCMN_DATE as date,\n\t\tRCMN_SIGNED_DATE as date,\n\t\tRCMN_STATUS as decimal(18,0),\n\t\tDESCRIPTION as string,\n\t\tPRIORITY_YEAR as decimal(18,0),\n\t\tLOCATION as string,\n\t\tWORK_CATEGORY as decimal(18,0),\n\t\tRISK_SCORE as string,\n\t\tSEVERITY as string,\n\t\tPROBABILITY as string,\n\t\tEXTENT as string,\n\t\tQUANTITY as decimal(18,2),\n\t\tQUANTITY_UNIT as string,\n\t\tESTIMATED_COST as decimal(18,2),\n\t\tAES_RISK_SCORE as string,\n\t\tAES_SEVERITY as string,\n\t\tAES_PROBABILITY as string,\n\t\tAES_COMMENT as string,\n\t\tCARRS_RECOMMEND_ID as decimal(18,0),\n\t\tISACTIVE as boolean,\n\t\tCREATED_USER as string,\n\t\tCREATED_DATE as timestamp,\n\t\tUPDATED_USER as string,\n\t\tUPDATED_DATE as timestamp\n\t),\n\tallowSchemaDrift: true,\n\tvalidateSchema: false,\n\tisolationLevel: 'READ_UNCOMMITTED',\n\tquery: 'SELECT * FROM CES.RECOMMENDATION\\nWHERE ISACTIVE=1',\n\tformat: 'query') ~> CesRcmd\nsource(output(\n\t\tEXAM_SR_KEY as decimal(18,0),\n\t\tEXAM_ID as decimal(18,0),\n\t\tASSET_GUID as string,\n\t\tWORK_SR_KEY as decimal(18,0),\n\t\tEXAM_BASELINE_DATE as date,\n\t\tEXAM_PLANNED_DATE as date,\n\t\tEXAM_ACTUAL_DATE as date,\n\t\tEXAM_REVIEW_DATE as date,\n\t\tEXAM_SUBMISSION_DATE as date,\n\t\tEXAM_SIGNOFF_DATE as date,\n\t\tEXAM_TYPE_SR_KEY as decimal(18,0),\n\t\tEXAM_REQ_STATUS as decimal(18,0),\n\t\tEXAM_COMPLETED_IND as string,\n\t\tEXAMINER_NAME as string,\n\t\tEXAMINER_COMMENT as string,\n\t\tREVIEWER_NAME as string,\n\t\tREVIEWER_COMMENT as string,\n\t\tSUPPLIER_SR_KEY as decimal(18,0),\n\t\tSUPPLIER_REPORT_FILENAME as string,\n\t\tSUPPLIER_REPORT_REFERENCE as string,\n\t\tSUPPLIER_ZIP_FILENAME as string,\n\t\tINSTRUCTION as string,\n\t\tCMI_SCORE as decimal(3,0),\n\t\tCMI_DATE as date,\n\t\tPNE_FLAG as string,\n\t\tSTRUC_DESCRIPTION as string,\n\t\tAT_OR_BETWEEN_STATIONS as string,\n\t\tOBSERVED_UNDER_LOAD as string,\n\t\tSPAN_TEXT as string,\n\t\tCREATED_USER as string,\n\t\tCREATED_DATE as timestamp,\n\t\tUPDATED_USER as string,\n\t\tUPDATED_DATE as timestamp,\n\t\tISACTIVE as boolean,\n\t\tEXAM_REPORT_STATUS as decimal(18,0),\n\t\tINTERNAL_NOTES as string,\n\t\tCOMMENT_TO_SEC as string,\n\t\tCHANGE_REQ_ID as decimal(18,0),\n\t\tSUPPLIER_COMMENTS as string,\n\t\tIS_LATEST_EXAM as string\n\t),\n\tallowSchemaDrift: true,\n\tvalidateSchema: false,\n\tisolationLevel: 'READ_UNCOMMITTED',\n\tquery: 'SELECT * FROM CES.EXAM\\nWHERE ISACTIVE=1\\nAND EXAM_SR_KEY IS NOT NULL',\n\tformat: 'query') ~> CesExam\nsource(output(\n\t\tPNE_SR_KEY as decimal(18,0),\n\t\tEXAM_SR_KEY as decimal(18,0),\n\t\tPNE_PART_NAME as string,\n\t\tPNE_REASON as string,\n\t\tISACTIVE as boolean,\n\t\tCREATED_USER as string,\n\t\tCREATED_DATE as timestamp,\n\t\tUPDATED_USER as string,\n\t\tUPDATED_DATE as timestamp\n\t),\n\tallowSchemaDrift: true,\n\tvalidateSchema: false,\n\tisolationLevel: 'READ_UNCOMMITTED',\n\tquery: 'SELECT * FROM CES.PART_NOT_EXAMINED WHERE ISACTIVE=1',\n\tformat: 'query') ~> CesPNE\nsource(output(\n\t\tACCESS_SR_KEY as decimal(18,0),\n\t\tASSET_GUID as string,\n\t\tEXAM_TYPE_SR_KEY as decimal(18,0),\n\t\tPOSSESSION as string,\n\t\tLINE_BLOCK as string,\n\t\tTRAFFIC_MNGT as string,\n\t\tRRV as string,\n\t\tMEWP as string,\n\t\tROPE_ACCESS as string,\n\t\tLADDER as string,\n\t\tSCAFFOLD as string,\n\t\tCCTV as string,\n\t\tCONFINED_SPACE as string,\n\t\tWATER_PERMIT as string,\n\t\tSAFETY_BOAT as string,\n\t\t{3RD_PARTY} as string,\n\t\tCREATED_USER as string,\n\t\tCREATED_DATE as timestamp,\n\t\tUPDATED_USER as string,\n\t\tUPDATED_DATE as timestamp,\n\t\tISACTIVE as boolean\n\t),\n\tallowSchemaDrift: true,\n\tvalidateSchema: false,\n\tisolationLevel: 'READ_UNCOMMITTED',\n\tquery: 'SELECT * FROM CES.ACCESS WHERE ISACTIVE=1',\n\tformat: 'query') ~> CesAccess\nsource(output(\n\t\tIMAGE_SR_KEY as decimal(18,0),\n\t\tEXAM_SR_KEY as decimal(18,0),\n\t\tDESCRIPTION as string,\n\t\tIMAGE_LINK as string,\n\t\tCREATED_USER as string,\n\t\tCREATED_DATE as timestamp,\n\t\tUPDATED_USER as string,\n\t\tUPDATED_DATE as timestamp,\n\t\tISACTIVE as boolean,\n\t\tIMAGE_INDEX as decimal(3,0),\n\t\tIMAGE_NAME as string,\n\t\tIMAGE_TYPE as string\n\t),\n\tallowSchemaDrift: true,\n\tvalidateSchema: false,\n\tisolationLevel: 'READ_UNCOMMITTED',\n\tquery: 'SELECT * FROM CES.IMAGE\\nWHERE ISACTIVE=1',\n\tformat: 'query') ~> CesImage\nsource(output(\n\t\tASSET_GUID as string,\n\t\tELR as string,\n\t\tRAILWAY_ID as string,\n\t\tANY_HIDDEN_PARTS as string,\n\t\tSTRUCTURE_CARRIES as string,\n\t\tSTRUCTURE_OVER as string,\n\t\tAREA_NAME as string,\n\t\tASSET_GROUP as string,\n\t\tASSET_TYPE as string,\n\t\tSTART_OS_GRID_REF as string,\n\t\tSTART_MILES as short,\n\t\tEND_MILES as short,\n\t\tSTART_YARDS as short,\n\t\tEND_YARDS as short,\n\t\tPRIMARY_MATERIAL as string,\n\t\tSECONDARY_MATERIAL as string,\n\t\tSTRUCTURAL_FORM as string,\n\t\tCMI_DATE as date,\n\t\tCMI_SCORE as short,\n\t\tSUPPLIER_NAME as string\n\t),\n\tallowSchemaDrift: true,\n\tvalidateSchema: false,\n\tignoreNoFilesFound: false,\n\tformat: 'parquet') ~> XMLAsset\nsource(output(\n\t\tXML_EXAM_ID as integer,\n\t\tEXAM_TYPE as string,\n\t\tEXAM_ACTUAL_DATE as date,\n\t\tASSET_GUID as string,\n\t\tSPAN_TEXT as string,\n\t\tXML_EXAM_COMPLETED_IND as string,\n\t\tSTRUC_DESCRIPTION as string,\n\t\tAT_OR_BETWEEN_STATIONS as string,\n\t\tOBSERVED_UNDER_LOAD as string,\n\t\tCMI_DATE as date,\n\t\tCMI_SCORE as short,\n\t\tSUPPLIER_NAME as string,\n\t\tEXAMINER_NAME as string,\n\t\tEXAMINER_COMMENT as string,\n\t\tREVIEWER_COMMENT as string,\n\t\tREVIEWER_NAME as string,\n\t\tEXAM_SIGNOFF_DATE as date,\n\t\tSUPPLIER_REPORT_FILENAME as string,\n\t\tSUPPLIER_REPORT_REFERENCE as string,\n\t\tSTART_MILES as short,\n\t\tELR as string\n\t),\n\tallowSchemaDrift: true,\n\tvalidateSchema: false,\n\tignoreNoFilesFound: false,\n\tformat: 'parquet') ~> XMLExam\nsource(output(\n\t\tDEFECT_ID as decimal(18,0),\n\t\tASSET_GUID as string,\n\t\tEXAM_SR_KEY as decimal(18,0),\n\t\tDETERIORATION as string,\n\t\tLOCATION_MAJOR as string,\n\t\tLOCATION_MINOR as string,\n\t\tRECOMMEND_RAISED as string,\n\t\tREPAIRED as string,\n\t\tACCESS_GAINED as string,\n\t\tACCESS_REQUIRED as string,\n\t\tRISK_SCORE as string,\n\t\tFLAG_FOR_CLOSURE as string,\n\t\tDEF_DESCRIPTION as string,\n\t\tDEF_LOCATION as string,\n\t\tCREATED_USER as string,\n\t\tCREATED_DATE as timestamp,\n\t\tUPDATED_USER as string,\n\t\tUPDATED_DATE as timestamp,\n\t\tSYNC_FLAG as string\n\t),\n\tallowSchemaDrift: true,\n\tvalidateSchema: false,\n\tignoreNoFilesFound: false,\n\tformat: 'parquet') ~> XMLDefectIns\nsource(output(\n\t\tXML_ASSET_GUID as string,\n\t\tXML_EXAM_ID as integer,\n\t\tDESCRIPTION as string,\n\t\tIMAGE_NAME as string,\n\t\tIMAGE_INDEX as short,\n\t\tIMAGE_TYPE as string,\n\t\tPHOTO_CREATED_DATE as date,\n\t\tIMAGE_LINK as string,\n\t\tSUPPLIER_NAME as string,\n\t\tEXAM_TYPE as string\n\t),\n\tallowSchemaDrift: true,\n\tvalidateSchema: false,\n\tignoreNoFilesFound: false,\n\tformat: 'parquet') ~> XMLImage\nsource(output(\n\t\tEXAM_TYPE as string,\n\t\tSUPPLIER_NAME as string,\n\t\tXML_EXAM_ID as integer,\n\t\tXML_ASSET_GUID as string,\n\t\tPNE_PART_NAME as string,\n\t\tPNE_REASON as string\n\t),\n\tallowSchemaDrift: true,\n\tvalidateSchema: false,\n\tignoreNoFilesFound: false,\n\tformat: 'parquet') ~> XMLPNE\nsource(output(\n\t\tSUPPLIER_NAME as string,\n\t\tXML_EXAM_ID as integer,\n\t\tRCMD_DESCRIPTION as string,\n\t\tESTIMATED_COST as double,\n\t\tEXTENT as string,\n\t\tRCMN_NUM as short,\n\t\tRCMD_LOCATION as string,\n\t\tPRIORITY_YEAR as string,\n\t\tPROBABILITY as short,\n\t\tQUANTITY as double,\n\t\tQUANTITY_UNIT as string,\n\t\tRISK_SCORE as short,\n\t\tSEVERITY as short,\n\t\tWORK_CATEGORY as string\n\t),\n\tallowSchemaDrift: true,\n\tvalidateSchema: false,\n\tignoreNoFilesFound: false,\n\tformat: 'parquet') ~> XMLRecommendation\nsource(output(\n\t\tCCTV as string,\n\t\tCONFINED_SPACE as string,\n\t\tLINE_BLOCK as string,\n\t\tMEWP as string,\n\t\tPOSSESSION as string,\n\t\tRRV as string,\n\t\tROPE_ACCESS as string,\n\t\tSAFETY_BOAT as string,\n\t\tSCAFFOLD as string,\n\t\t{3RD_PARTY} as string,\n\t\tTRAFFIC_MNGT as string,\n\t\tWATER_PERMIT as string,\n\t\tLADDER as string,\n\t\tELR as string,\n\t\tSTRUC_REFERENCE as string,\n\t\tXML_EXAM_ID as integer,\n\t\tXML_ASSET_GUID as string,\n\t\tSUPPLIER_NAME as string,\n\t\tEXAM_TYPE as string\n\t),\n\tallowSchemaDrift: true,\n\tvalidateSchema: false,\n\tignoreNoFilesFound: false,\n\tformat: 'parquet') ~> XMLAccess\nsource(output(\n\t\tXML_ASSET_GUID as string,\n\t\tDEFECT_ID as decimal(21,0),\n\t\tEXAM_SR_KEY as decimal(18,0),\n\t\tACCESS_GAINED as string,\n\t\tACCESS_REQUIRED as string,\n\t\tRISK_SCORE as string,\n\t\tDEF_DESCRIPTION as string,\n\t\tDEF_LOCATION as string,\n\t\tDETERIORATION as string,\n\t\tFLAG_FOR_CLOSURE as string,\n\t\tLOCATION_MAJOR as string,\n\t\tLOCATION_MINOR as string,\n\t\tRECOMMEND_RAISED as string,\n\t\tREPAIRED as string,\n\t\tCREATED_USER as string,\n\t\tCREATED_DATE as timestamp,\n\t\tUPDATED_USER as string,\n\t\tUPDATED_DATE as timestamp,\n\t\tSYNC_FLAG as string\n\t),\n\tallowSchemaDrift: true,\n\tvalidateSchema: false,\n\tignoreNoFilesFound: false,\n\tformat: 'parquet') ~> XMLDefectUpd\nJoinExam select(mapColumn(\n\t\tEXAM_ID = XML_EXAM_ID,\n\t\tEXAM_TYPE_SR_KEY,\n\t\tEXAM_ACTUAL_DATE = XMLExam@EXAM_ACTUAL_DATE,\n\t\tASSET_GUID = XMLExam@ASSET_GUID,\n\t\tSPAN_TEXT,\n\t\tXML_EXAM_COMPLETED_IND,\n\t\tSTRUC_DESCRIPTION,\n\t\tAT_OR_BETWEEN_STATIONS,\n\t\tOBSERVED_UNDER_LOAD,\n\t\tCMI_DATE,\n\t\tCMI_SCORE,\n\t\tEXAMINER_NAME,\n\t\tEXAMINER_COMMENT,\n\t\tREVIEWER_NAME,\n\t\tREVIEWER_COMMENT,\n\t\tEXAM_SIGNOFF_DATE,\n\t\tSUPPLIER_REPORT_FILENAME,\n\t\tSUPPLIER_REPORT_REFERENCE,\n\t\tSUPPLIER_NAME,\n\t\tSUPPLIER_SR_KEY\n\t),\n\tskipDuplicateMapInputs: true,\n\tskipDuplicateMapOutputs: true) ~> SelectEXAM\nXMLAsset select(mapColumn(\n\t\tASSET_GUID,\n\t\tRAILWAY_ID,\n\t\tENG_LINE_REF = ELR,\n\t\tANY_HIDDEN_PARTS,\n\t\tSTRUCTURE_CARRIES,\n\t\tSTRUCTURE_OVER,\n\t\tASSET_TYPE,\n\t\tASSET_GROUP,\n\t\tAREA_NAME,\n\t\tSTART_MILES,\n\t\tEND_MILES,\n\t\tSTART_YARDS,\n\t\tEND_YARDS,\n\t\tPRIMARY_MATERIAL,\n\t\tSECONDARY_MATERIAL,\n\t\tSTRUCTURAL_FORM,\n\t\tCMI_DATE,\n\t\tCMI_SCORE,\n\t\tSUPPLIER_NAME,\n\t\tSTART_OS_GRID_REF\n\t),\n\tskipDuplicateMapInputs: true,\n\tskipDuplicateMapOutputs: true) ~> SelectASSET\nXMLRecommendation select(mapColumn(\n\t\tRCMN_NUM,\n\t\tXML_EXAM_ID,\n\t\tRCMD_DESCRIPTION,\n\t\tRCMD_LOCATION,\n\t\tPRIORITY_YEAR,\n\t\tWORK_CATEGORY,\n\t\tQUANTITY,\n\t\tQUANTITY_UNIT,\n\t\tPROBABILITY,\n\t\tEXTENT,\n\t\tSEVERITY,\n\t\tRISK_SCORE,\n\t\tESTIMATED_COST,\n\t\tSUPPLIER_NAME\n\t),\n\tskipDuplicateMapInputs: true,\n\tskipDuplicateMapOutputs: true) ~> SelectRecommend\nDerivedColumn8 select(mapColumn(\n\t\tEXAM_ID = SelectEXAM@EXAM_ID,\n\t\tASSET_GUID = SelectEXAM@ASSET_GUID,\n\t\tEXAM_ACTUAL_DATE = SelectEXAM@EXAM_ACTUAL_DATE,\n\t\tEXAM_TYPE_SR_KEY = SelectEXAM@EXAM_TYPE_SR_KEY,\n\t\tSPAN_TEXT = SelectEXAM@SPAN_TEXT,\n\t\tEXAM_COMPLETED_IND = XML_EXAM_COMPLETED_IND,\n\t\tOBSERVED_UNDER_LOAD = SelectEXAM@OBSERVED_UNDER_LOAD,\n\t\tAT_OR_BETWEEN_STATIONS = SelectEXAM@AT_OR_BETWEEN_STATIONS,\n\t\tCMI_DATE = SelectEXAM@CMI_DATE,\n\t\tCMI_SCORE = SelectEXAM@CMI_SCORE,\n\t\tEXAMINER_COMMENT = SelectEXAM@EXAMINER_COMMENT,\n\t\tREVIEWER_COMMENT = SelectEXAM@REVIEWER_COMMENT,\n\t\tEXAMINER_NAME = SelectEXAM@EXAMINER_NAME,\n\t\tREVIEWER_NAME = SelectEXAM@REVIEWER_NAME,\n\t\tEXAM_SIGNOFF_DATE = SelectEXAM@EXAM_SIGNOFF_DATE,\n\t\tEXAM_SUBMISSION_DATE,\n\t\tSTRUC_DESCRIPTION = SelectEXAM@STRUC_DESCRIPTION,\n\t\tERP_der,\n\t\tERS_der,\n\t\tSUPPLIER_REPORT_FILENAME = SelectEXAM@SUPPLIER_REPORT_FILENAME,\n\t\tSUPPLIER_REPORT_REFERENCE = SUPPLIER_REPORT_REFERENCE_der,\n\t\tSUPPLIER_ZIP_FILENAME = SUPPLIER_ZIP_FILENAME_der,\n\t\tSUPPLIER_SR_KEY,\n\t\tUPDATED_USER = MODIFIED_USER,\n\t\tUPDATED_DATE = MODIFIED_DATE\n\t),\n\tskipDuplicateMapInputs: true,\n\tskipDuplicateMapOutputs: true) ~> SelecteExamfinal\nJoinAccess select(mapColumn(\n\t\tASSET_GUID = XML_ASSET_GUID,\n\t\tSTRUC_REFERENCE,\n\t\tELR,\n\t\tEXAM_TYPE_SR_KEY,\n\t\tPOSSESSION,\n\t\tLINE_BLOCK,\n\t\tTRAFFIC_MNGT,\n\t\tRRV,\n\t\tMEWP,\n\t\tROPE_ACCESS,\n\t\tSCAFFOLD,\n\t\tLADDER,\n\t\tCCTV,\n\t\tCONFINED_SPACE,\n\t\tWATER_PERMIT,\n\t\tSAFETY_BOAT,\n\t\t{3RD_PARTY},\n\t\tSUPPLIER_NAME\n\t),\n\tskipDuplicateMapInputs: true,\n\tskipDuplicateMapOutputs: true) ~> SelectAccessdata\nJoin5 derive(CREATED_USER_DER = iif(isNull(CREATED_USER),SUPPLIER_NAME,CREATED_USER),\n\t\tCREATED_DATE_DER = iif(isNull(CREATED_DATE),currentUTC(),CREATED_DATE),\n\t\tMODIFIED_USER_DER = iif(isNull(CREATED_USER),toString(null()),SUPPLIER_NAME),\n\t\tMODIFIED_DATE_DER = iif(isNull(CREATED_DATE),toTimestamp(''), currentUTC()),\n\t\tPOSSESSION = case(isNull(SelectAccessdata@POSSESSION),'No',\r\n     SelectAccessdata@POSSESSION=='-','No',SelectAccessdata@POSSESSION),\n\t\tLINE_BLOCK = case(isNull(SelectAccessdata@LINE_BLOCK),'No',\r\n     SelectAccessdata@LINE_BLOCK=='-','No',SelectAccessdata@LINE_BLOCK),\n\t\tTRAFFIC_MNGT = case(isNull(SelectAccessdata@TRAFFIC_MNGT),'No',\r\n     SelectAccessdata@TRAFFIC_MNGT=='-','No',SelectAccessdata@TRAFFIC_MNGT),\n\t\tRRV = case(isNull(SelectAccessdata@RRV),'No',\r\n      SelectAccessdata@RRV=='-','No',SelectAccessdata@RRV),\n\t\tMEWP = case(isNull(SelectAccessdata@MEWP),'No',\r\n     SelectAccessdata@MEWP=='-','No',SelectAccessdata@MEWP),\n\t\tROPE_ACCESS = case(isNull(SelectAccessdata@ROPE_ACCESS),'No',\r\n     SelectAccessdata@ROPE_ACCESS=='-','No',SelectAccessdata@ROPE_ACCESS),\n\t\tSCAFFOLD = case(isNull(SelectAccessdata@SCAFFOLD),'No',\r\n     SelectAccessdata@SCAFFOLD=='-','No',SelectAccessdata@SCAFFOLD),\n\t\tCCTV = case(isNull(SelectAccessdata@CCTV),'No',\r\n     SelectAccessdata@CCTV=='-','No',SelectAccessdata@CCTV),\n\t\tCONFINED_SPACE = case(isNull(SelectAccessdata@CONFINED_SPACE),'No',\r\n     SelectAccessdata@CONFINED_SPACE=='-','No',SelectAccessdata@CONFINED_SPACE),\n\t\tWATER_PERMIT = case(isNull(SelectAccessdata@WATER_PERMIT),'No',\r\n     SelectAccessdata@WATER_PERMIT=='-','No',SelectAccessdata@WATER_PERMIT),\n\t\tSAFETY_BOAT = case(isNull(SelectAccessdata@SAFETY_BOAT),'No',\r\n     SelectAccessdata@SAFETY_BOAT=='-','No',SelectAccessdata@SAFETY_BOAT),\n\t\tLADDER = case(isNull(SelectAccessdata@LADDER),'No',\r\n     SelectAccessdata@LADDER=='-','No',SelectAccessdata@LADDER),\n\t\t{3RD_PARTY} = case(isNull(SelectAccessdata@{3RD_PARTY}),'No',\r\n     SelectAccessdata@{3RD_PARTY}=='-','No',SelectAccessdata@{3RD_PARTY})) ~> DerivedAccess\nJoinAsset1, CesvwRefVal lookup(lower(SelectASSET@PRIMARY_MATERIAL) == lower(REF_VALUE),\n\tmultiple: false,\n\tpickup: 'any',\n\tbroadcast: 'auto')~> lkpPM\nlkpPM derive(PRIMARY_MATERIAL_DER = iif(isNull(CesAsset@PRIMARY_MATERIAL),REF_VAL_SR_KEY,CesAsset@PRIMARY_MATERIAL)) ~> PMder\nSelectPM, CesvwRefVal lookup(lower(SECONDARY_MATERIAL) == lower(REF_VALUE),\n\tmultiple: false,\n\tpickup: 'any',\n\tbroadcast: 'auto')~> lkpSM\nlkpSM derive(SECONDARY_MATERIAL_DER = iif(isNull(CES_SECONDARY_MATERIAL),REF_VAL_SR_KEY,CES_SECONDARY_MATERIAL)) ~> SMder\nSelectSM, CesvwRefVal lookup(STRUCTURAL_FORM == REF_VALUE,\n\tmultiple: false,\n\tpickup: 'any',\n\tbroadcast: 'auto')~> lkpStrucForm\nlkpStrucForm derive(STRUC_FORM_DER = iif(isNull(CES_STRUCTURAL_FORM), REF_VAL_SR_KEY, CES_STRUCTURAL_FORM),\n\t\tMODIFIED_DATE = currentUTC(),\n\t\tMODIFIED_USER = SUPPLIER_NAME) ~> StrucFormder\nStrucFormder select(mapColumn(\n\t\tASSET_GUID,\n\t\tPRIMARY_MATERIAL = PRIMARY_MATERIAL_DER,\n\t\tSECONDARY_MATERIAL = SECONDARY_MATERIAL_DER,\n\t\tSTRUCTURAL_FORM = STRUC_FORM_DER,\n\t\tMODIFIED_DATE,\n\t\tMODIFIED_USER\n\t),\n\tskipDuplicateMapInputs: true,\n\tskipDuplicateMapOutputs: true) ~> SelectAsset1\nJoinAsset2, SelectAsset1 join(SelectASSET@ASSET_GUID == SelectAsset1@ASSET_GUID,\n\tjoinType:'inner',\n\tbroadcast: 'auto')~> JoinAssets\nPMder select(mapColumn(\n\t\tASSET_GUID = SelectASSET@ASSET_GUID,\n\t\tSECONDARY_MATERIAL = SelectASSET@SECONDARY_MATERIAL,\n\t\tSTRUCTURAL_FORM = SelectASSET@STRUCTURAL_FORM,\n\t\tPRIMARY_MATERIAL_DER,\n\t\tCES_SECONDARY_MATERIAL = CesAsset@SECONDARY_MATERIAL,\n\t\tCES_STRUCTURAL_FORM = CesAsset@STRUCTURAL_FORM,\n\t\tSUPPLIER_NAME\n\t),\n\tskipDuplicateMapInputs: true,\n\tskipDuplicateMapOutputs: true) ~> SelectPM\nSMder select(mapColumn(\n\t\tASSET_GUID,\n\t\tPRIMARY_MATERIAL_DER,\n\t\tSECONDARY_MATERIAL_DER,\n\t\tSUPPLIER_NAME,\n\t\tCES_STRUCTURAL_FORM,\n\t\tSTRUCTURAL_FORM\n\t),\n\tskipDuplicateMapInputs: true,\n\tskipDuplicateMapOutputs: true) ~> SelectSM\nJoinAssets select(mapColumn(\n\t\tASSET_GUID = SelectASSET@ASSET_GUID,\n\t\tRAILWAY_ID = CesAsset@RAILWAY_ID,\n\t\tENG_LINE_REF = CesAsset@ENG_LINE_REF,\n\t\tSTART_MILES = CesAsset@START_MILES,\n\t\tEND_MILES = CesAsset@END_MILES,\n\t\tSTART_YARDS = CesAsset@START_YARDS,\n\t\tEND_YARDS = CesAsset@END_YARDS,\n\t\tSTART_OS_GRID_REF = CesAsset@START_OS_GRID_REF,\n\t\tANY_HIDDEN_PARTS = SelectASSET@ANY_HIDDEN_PARTS,\n\t\tSTRUCTURE_OVER = SelectASSET@STRUCTURE_OVER,\n\t\tSTRUCTURE_CARRIES = SelectASSET@STRUCTURE_CARRIES,\n\t\tCMI_DATE = SelectASSET@CMI_DATE,\n\t\tCMI_SCORE = SelectASSET@CMI_SCORE,\n\t\tASSET_TYPE_SR_KEY,\n\t\tASSET_GROUP_SR_KEY,\n\t\tAREA_SR_KEY,\n\t\tPRIMARY_MATERIAL = SelectAsset1@PRIMARY_MATERIAL,\n\t\tSECONDARY_MATERIAL = SelectAsset1@SECONDARY_MATERIAL,\n\t\tSTRUCTURAL_FORM = SelectAsset1@STRUCTURAL_FORM,\n\t\tUPDATED_DATE = MODIFIED_DATE,\n\t\tUPDATED_USER = MODIFIED_USER\n\t),\n\tskipDuplicateMapInputs: true,\n\tskipDuplicateMapOutputs: true) ~> SelectAssetFinal\nJoinImage select(mapColumn(\n\t\tASSET_GUID = XML_ASSET_GUID,\n\t\tEXAM_ID = XML_EXAM_ID,\n\t\tEXAM_SR_KEY,\n\t\tPHOTO_CREATED_DATE,\n\t\tDESCRIPTION,\n\t\tIMAGE_NAME,\n\t\tIMAGE_LINK,\n\t\tIMAGE_INDEX,\n\t\tIMAGE_TYPE,\n\t\tSUPPLIER_NAME\n\t),\n\tskipDuplicateMapInputs: true,\n\tskipDuplicateMapOutputs: true) ~> SelectPhotoDetails\nJoin3 derive(CREATED_USER_DER = iif(isNull(CREATED_USER),SUPPLIER_NAME,CREATED_USER),\n\t\tCREATED_DATE_DER = iif(isNull(CREATED_DATE),toTimestamp(PHOTO_CREATED_DATE),CREATED_DATE),\n\t\tMODIFIED_USER_DER = iif(isNull(CREATED_USER),toString(null()),SUPPLIER_NAME),\n\t\tMODIFIED_DATE_DER = iif(isNull(CREATED_DATE),toTimestamp(''), currentUTC()),\n\t\tIMAGE_LINK_der = concat($FileURL,'ces-adls/',$RawDateDirectory)) ~> DerivedPhoto\nSelect3 derive(CREATED_USER_DER = iif(isNull(Rcmnd_CREATED_USER),SUPPLIER_NAME,Rcmnd_CREATED_USER),\n\t\tCREATED_DATE_DER = iif(isNull(Rcmnd_CREATED_DATE),currentUTC(),Rcmnd_CREATED_DATE),\n\t\tMODIFIED_USER_DER = iif(isNull(Rcmnd_CREATED_USER),toString(null()),SUPPLIER_NAME),\n\t\tMODIFIED_DATE_DER = iif(isNull(Rcmnd_CREATED_DATE),toTimestamp(''), currentUTC())) ~> DerivedRcmnd\nJoinCesExam, CesSupplier lookup(lower(trim(SelectEXAM@SUPPLIER_NAME)) == lower(trim(CesSupplier@SUPPLIER_NAME)),\n\tmultiple: false,\n\tpickup: 'any',\n\tbroadcast: 'auto')~> lkpSupplier\nlkpSupplier derive(MODIFIED_USER = SelectEXAM@SUPPLIER_NAME,\n\t\tMODIFIED_DATE = currentUTC(),\n\t\tSUPPLIER_SR_KEY = iif(isNull(SelectEXAM@SUPPLIER_NAME),CesSupplier@SUPPLIER_SR_KEY,SelectEXAM@SUPPLIER_SR_KEY),\n\t\tSUPPLIER_REPORT_REFERENCE_der = concat($FileURL,'ces-adls/',$RawDateDirectory),\n\t\tSUPPLIER_ZIP_FILENAME_der = concat($Filename,'.zip'),\n\t\tEXAM_REPORT_STATUS_der = 'Received',\n\t\tEXAM_REQ_STATUS_der = 'In Progress') ~> DerivedSuppDer\nJoinRcmnd, CesvwRefVal lookup(lower(SelectRecommend@WORK_CATEGORY) == lower(REF_VALUE),\n\tmultiple: false,\n\tpickup: 'any',\n\tbroadcast: 'auto')~> lkpWKC\nJoinRcmnd, CesvwRefVal lookup(lower(SelectRecommend@PRIORITY_YEAR) == lower(REF_VALUE),\n\tmultiple: false,\n\tpickup: 'any',\n\tbroadcast: 'auto')~> lkpFYR\nLkprcmnstatus select(mapColumn(\n\t\tEXAM_ID = Select6@XML_EXAM_ID,\n\t\tRECOMMEND_SR_KEY = Select6@RECOMMEND_SR_KEY,\n\t\tEXAM_SR_KEY = Select6@EXAM_SR_KEY,\n\t\tRCMD_DESCRIPTION = Select6@RCMD_DESCRIPTION,\n\t\tRCMD_LOCATION = Select6@RCMD_LOCATION,\n\t\tRCMN_STATUS = RCMN_STATUS_der,\n\t\tWORK_CATEGORY = WORK_CATEGORY_der,\n\t\tQUANTITY,\n\t\tQUANTITY_UNIT,\n\t\tPROBABILITY,\n\t\tPRIORITY_YEAR,\n\t\tEXTENT,\n\t\tSEVERITY,\n\t\tRISK_SCORE,\n\t\tESTIMATED_COST,\n\t\tRCMN_NUM = Select6@RCMN_NUM,\n\t\tSUPPLIER_NAME,\n\t\tRcmnd_CREATED_USER,\n\t\tRcmnd_CREATED_DATE\n\t),\n\tskipDuplicateMapInputs: true,\n\tskipDuplicateMapOutputs: true) ~> Select3\nJoinPNE select(mapColumn(\n\t\tPNE_PART_NAME,\n\t\tPNE_REASON,\n\t\tXML_EXAM_ID,\n\t\tSUPPLIER_NAME,\n\t\tEXAM_SR_KEY\n\t),\n\tskipDuplicateMapInputs: true,\n\tskipDuplicateMapOutputs: true) ~> SelectPartnotExam\nJoin4 derive(CREATED_USER_DER = iif(isNull(CREATED_USER),SUPPLIER_NAME,CREATED_USER),\n\t\tCREATED_DATE_DER = iif(isNull(CREATED_DATE),currentUTC() ,CREATED_DATE),\n\t\tMODIFIED_USER_DER = iif(isNull(CREATED_USER),toString(null()),SUPPLIER_NAME),\n\t\tMODIFIED_DATE_DER = iif(isNull(CREATED_DATE),toTimestamp(''), currentUTC())) ~> DerivedPNE\nSelectASSET, CesAsset join(SelectASSET@ASSET_GUID == CesAsset@ASSET_GUID,\n\tjoinType:'left',\n\tbroadcast: 'auto')~> JoinAsset1\nSelectASSET, CesAsset join(SelectASSET@ASSET_GUID == CesAsset@ASSET_GUID,\n\tjoinType:'left',\n\tbroadcast: 'auto')~> JoinAsset2\nJoin1, CesRcmd join(lower(RCMD_DESCRIPTION) == lower(DESCRIPTION)\n\t&& lower(RCMD_LOCATION) == lower(LOCATION)\n\t&& SelectRecommend@RCMN_NUM == CesRcmd@RCMN_NUM,\n\tjoinType:'left',\n\tbroadcast: 'auto')~> JoinRcmnd\nlkpFYR derive(PRIORITY_YEAR_der = REF_VAL_SR_KEY) ~> DerivedYear\nlkpWKC derive(WORK_CATEGORY_der = REF_VAL_SR_KEY) ~> DerivedWorkcat\nDerivedColumn3, CesvwRefVal lookup(lower(RCMN_STATUS) == lower(REF_VALUE),\n\tmultiple: false,\n\tpickup: 'any',\n\tbroadcast: 'auto')~> lkpStatus\nJoinRcmnd derive(RCMN_STATUS = 'Loaded') ~> DerivedColumn3\nlkpStatus derive(RCMN_STATUS_der = REF_VAL_SR_KEY) ~> DerivedStatus\nSelect5, SelectyearDer lookup(Select5@XML_EXAM_ID == SelectyearDer@XML_EXAM_ID\n\t&& lower(Select5@RCMD_DESCRIPTION) == lower(SelectyearDer@RCMD_DESCRIPTION)\n\t&& lower(Select5@RCMD_LOCATION) == lower(SelectyearDer@RCMD_LOCATION)\n\t&& Select5@RCMN_NUM == SelectyearDer@RCMN_NUM,\n\tmultiple: false,\n\tpickup: 'any',\n\tbroadcast: 'auto')~> Lkpyear\nSelect6, Selectrcmnstader lookup(Select6@XML_EXAM_ID == Selectrcmnstader@XML_EXAM_ID\n\t&& lower(Select6@RCMD_DESCRIPTION) == lower(Selectrcmnstader@RCMD_DESCRIPTION)\n\t&& lower(Select6@RCMD_LOCATION) == lower(Selectrcmnstader@RCMD_LOCATION)\n\t&& Select6@RCMN_NUM == Selectrcmnstader@RCMN_NUM,\n\tmultiple: false,\n\tpickup: 'any',\n\tbroadcast: 'auto')~> Lkprcmnstatus\nDerivedWorkcat select(mapColumn(\n\t\tRCMN_NUM = SelectRecommend@RCMN_NUM,\n\t\tRECOMMEND_SR_KEY,\n\t\tXML_EXAM_ID,\n\t\tEXAM_ID,\n\t\tRCMD_DESCRIPTION,\n\t\tRCMD_LOCATION,\n\t\tPRIORITY_YEAR = SelectRecommend@PRIORITY_YEAR,\n\t\tWORK_CATEGORY = SelectRecommend@WORK_CATEGORY,\n\t\tQUANTITY = SelectRecommend@QUANTITY,\n\t\tQUANTITY_UNIT = SelectRecommend@QUANTITY_UNIT,\n\t\tPROBABILITY = SelectRecommend@PROBABILITY,\n\t\tEXTENT = SelectRecommend@EXTENT,\n\t\tSEVERITY = SelectRecommend@SEVERITY,\n\t\tRISK_SCORE = SelectRecommend@RISK_SCORE,\n\t\tESTIMATED_COST = SelectRecommend@ESTIMATED_COST,\n\t\tSUPPLIER_NAME,\n\t\tRcmnd_CREATED_USER = CesRcmd@CREATED_USER,\n\t\tRcmnd_CREATED_DATE = CesRcmd@CREATED_DATE,\n\t\tEXAM_SR_KEY = CesExam@EXAM_SR_KEY,\n\t\tRCMN_STATUS,\n\t\tWORK_CATEGORY_der\n\t),\n\tskipDuplicateMapInputs: true,\n\tskipDuplicateMapOutputs: true) ~> Select5\nLkpyear select(mapColumn(\n\t\tRCMN_NUM = Select5@RCMN_NUM,\n\t\tRECOMMEND_SR_KEY = Select5@RECOMMEND_SR_KEY,\n\t\tXML_EXAM_ID = Select5@XML_EXAM_ID,\n\t\tRCMD_DESCRIPTION = Select5@RCMD_DESCRIPTION,\n\t\tRCMD_LOCATION = Select5@RCMD_LOCATION,\n\t\tWORK_CATEGORY,\n\t\tRCMN_STATUS,\n\t\tPRIORITY_YEAR = PRIORITY_YEAR_der,\n\t\tQUANTITY,\n\t\tQUANTITY_UNIT,\n\t\tPROBABILITY,\n\t\tEXTENT,\n\t\tSEVERITY,\n\t\tRISK_SCORE,\n\t\tESTIMATED_COST,\n\t\tSUPPLIER_NAME,\n\t\tRcmnd_CREATED_USER,\n\t\tRcmnd_CREATED_DATE,\n\t\tEXAM_SR_KEY = Select5@EXAM_SR_KEY,\n\t\tPRIORITY_YEAR_der,\n\t\tWORK_CATEGORY_der\n\t),\n\tskipDuplicateMapInputs: true,\n\tskipDuplicateMapOutputs: true) ~> Select6\nDerivedPhoto select(mapColumn(\n\t\tASSET_GUID,\n\t\tEXAM_ID,\n\t\tCREATED_USER = CREATED_USER_DER,\n\t\tCREATED_DATE = PHOTO_CREATED_DATE,\n\t\tUPDATED_USER = MODIFIED_USER_DER,\n\t\tUPDATED_DATE = MODIFIED_DATE_DER,\n\t\tDESCRIPTION = SelectPhotoDetails@DESCRIPTION,\n\t\tIMAGE_NAME = SelectPhotoDetails@IMAGE_NAME,\n\t\tIMAGE_INDEX = SelectPhotoDetails@IMAGE_INDEX,\n\t\tIMAGE_TYPE = SelectPhotoDetails@IMAGE_TYPE,\n\t\tSUPPLIER_NAME,\n\t\tEXAM_SR_KEY = SelectPhotoDetails@EXAM_SR_KEY,\n\t\tIMAGE_LINK = IMAGE_LINK_der\n\t),\n\tskipDuplicateMapInputs: true,\n\tskipDuplicateMapOutputs: true) ~> SelectImagecols\nSelectRecommend, CesExam join(XML_EXAM_ID == EXAM_ID,\n\tjoinType:'left',\n\tbroadcast: 'auto')~> Join1\nDerivedStatus select(mapColumn(\n\t\tXML_EXAM_ID,\n\t\tEXAM_SR_KEY = CesExam@EXAM_SR_KEY,\n\t\tRECOMMEND_SR_KEY,\n\t\tRCMD_DESCRIPTION,\n\t\tRCMD_LOCATION,\n\t\tRCMN_NUM = SelectRecommend@RCMN_NUM,\n\t\tRCMN_STATUS_der\n\t),\n\tskipDuplicateMapInputs: true,\n\tskipDuplicateMapOutputs: true) ~> Selectrcmnstader\nDerivedYear select(mapColumn(\n\t\tXML_EXAM_ID,\n\t\tEXAM_SR_KEY = CesExam@EXAM_SR_KEY,\n\t\tRCMD_DESCRIPTION,\n\t\tRCMD_LOCATION,\n\t\tRCMN_NUM = SelectRecommend@RCMN_NUM,\n\t\tRECOMMEND_SR_KEY,\n\t\tPRIORITY_YEAR_der\n\t),\n\tskipDuplicateMapInputs: true,\n\tskipDuplicateMapOutputs: true) ~> SelectyearDer\nSelectPhotoDetails, CesImage join(SelectPhotoDetails@EXAM_SR_KEY == CesImage@EXAM_SR_KEY,\n\tjoinType:'left',\n\tbroadcast: 'auto')~> Join3\nSelectPartnotExam, CesPNE join(SelectPartnotExam@EXAM_SR_KEY == CesPNE@EXAM_SR_KEY\n\t&& lower(SelectPartnotExam@PNE_PART_NAME) == lower(CesPNE@PNE_PART_NAME),\n\tjoinType:'left',\n\tbroadcast: 'auto')~> Join4\nSelectAccessdata, CesAccess join(SelectAccessdata@ASSET_GUID == CesAccess@ASSET_GUID\n\t&& SelectAccessdata@EXAM_TYPE_SR_KEY == CesAccess@EXAM_TYPE_SR_KEY,\n\tjoinType:'left',\n\tbroadcast: 'auto')~> Join5\nSelectEXAM, CesExam join(SelectEXAM@EXAM_ID == CesExam@EXAM_ID,\n\tjoinType:'left',\n\tbroadcast: 'auto')~> JoinCesExam\nCesvwRefVal filter(upper(REF_TYP_CODE)=='ERP' && lower(REF_VALUE)=='received') ~> Filter2\nCesvwRefVal filter(upper(REF_TYP_CODE)=='ERS' && lower(REF_VALUE)=='in progress') ~> Filter3\nFilter3 select(mapColumn(\n\t\tREF_TYP_SR_KEY,\n\t\tREF_TYP_NAME,\n\t\tREF_TYP_CODE,\n\t\tREF_VAL_SR_KEY,\n\t\tREF_VALUE\n\t),\n\tskipDuplicateMapInputs: true,\n\tskipDuplicateMapOutputs: true) ~> SelectERS\nFilter2 select(mapColumn(\n\t\tREF_TYP_SR_KEY,\n\t\tREF_TYP_NAME,\n\t\tREF_TYP_CODE,\n\t\tREF_VAL_SR_KEY,\n\t\tREF_VALUE\n\t),\n\tskipDuplicateMapInputs: true,\n\tskipDuplicateMapOutputs: true) ~> SelectERP\nDerivedSuppDer, SelectERP lookup(lower(EXAM_REPORT_STATUS_der) == lower(trim(REF_VALUE)),\n\tmultiple: false,\n\tpickup: 'any',\n\tbroadcast: 'auto')~> LkpERP\nLkpERP, SelectERS lookup(lower(trim(EXAM_REQ_STATUS_der)) == lower(trim(SelectERS@REF_VALUE)),\n\tmultiple: false,\n\tpickup: 'any',\n\tbroadcast: 'auto')~> LkpERS\nLkpERS derive(ERP_der = SelectERP@REF_VAL_SR_KEY,\n\t\tERS_der = SelectERS@REF_VAL_SR_KEY,\n\t\tEXAM_SUBMISSION_DATE = currentUTC()) ~> DerivedColumn8\nCesExamExType, XMLPNE join(lower(CesExamExType@EXAM_TYPE) == lower(XMLPNE@EXAM_TYPE)\n\t&& ASSET_GUID == XML_ASSET_GUID\n\t&& EXAM_ID == XML_EXAM_ID,\n\tjoinType:'right',\n\tbroadcast: 'auto')~> JoinPNE\nCesExamExType, XMLImage join(EXAM_ID == XML_EXAM_ID\n\t&& ASSET_GUID == XML_ASSET_GUID\n\t&& lower(CesExamExType@EXAM_TYPE) == lower(XMLImage@EXAM_TYPE),\n\tjoinType:'right',\n\tbroadcast: 'auto')~> JoinImage\nCesExamExType, XMLAccess join(EXAM_ID == XML_EXAM_ID\n\t&& lower(CesExamExType@EXAM_TYPE) == lower(XMLAccess@EXAM_TYPE)\n\t&& ASSET_GUID == XML_ASSET_GUID,\n\tjoinType:'right',\n\tbroadcast: 'auto')~> JoinAccess\nCesExamExType, XMLExam join(EXAM_ID == XML_EXAM_ID\n\t&& lower(CesExamExType@EXAM_TYPE) == lower(XMLExam@EXAM_TYPE)\n\t&& CesExamExType@ASSET_GUID == XMLExam@ASSET_GUID,\n\tjoinType:'right',\n\tbroadcast: 'auto')~> JoinExam\nDerivedAccess select(mapColumn(\n\t\tASSET_GUID = SelectAccessdata@ASSET_GUID,\n\t\tSTRUC_REFERENCE,\n\t\tELR,\n\t\tEXAM_TYPE_SR_KEY = SelectAccessdata@EXAM_TYPE_SR_KEY,\n\t\tPOSSESSION,\n\t\tLINE_BLOCK,\n\t\tTRAFFIC_MNGT,\n\t\tRRV,\n\t\tMEWP,\n\t\tROPE_ACCESS,\n\t\tSCAFFOLD,\n\t\tCCTV,\n\t\tCONFINED_SPACE,\n\t\tWATER_PERMIT,\n\t\tSAFETY_BOAT,\n\t\t{3RD_PARTY},\n\t\tSUPPLIER_NAME,\n\t\tACCESS_SR_KEY,\n\t\tLADDER,\n\t\tCREATED_USER = CREATED_USER_DER,\n\t\tCREATED_DATE = CREATED_DATE_DER,\n\t\tUPDATED_USER = MODIFIED_USER_DER,\n\t\tUPDATED_DATE = MODIFIED_DATE_DER\n\t),\n\tskipDuplicateMapInputs: true,\n\tskipDuplicateMapOutputs: true) ~> SelectAccessfinal\nSelectAccessfinal alterRow(upsertIf(true())) ~> AlterRow2\nSelectImagecols alterRow(upsertIf(true())) ~> AlterRow3\nDerivedPNE select(mapColumn(\n\t\tPNE_PART_NAME = SelectPartnotExam@PNE_PART_NAME,\n\t\tPNE_REASON = SelectPartnotExam@PNE_REASON,\n\t\tXML_EXAM_ID,\n\t\tSUPPLIER_NAME,\n\t\tEXAM_SR_KEY = SelectPartnotExam@EXAM_SR_KEY,\n\t\tPNE_SR_KEY,\n\t\tEXAM_SR_KEY = CesPNE@EXAM_SR_KEY,\n\t\tPNE_PART_NAME = CesPNE@PNE_PART_NAME,\n\t\tPNE_REASON = CesPNE@PNE_REASON,\n\t\tCREATED_USER = CREATED_USER_DER,\n\t\tCREATED_DATE = CREATED_DATE_DER,\n\t\tUPDATED_USER = MODIFIED_USER_DER,\n\t\tUPDATED_DATE = MODIFIED_DATE_DER\n\t),\n\tskipDuplicateMapInputs: true,\n\tskipDuplicateMapOutputs: true) ~> SelectPNEfinal\nSelectPNEfinal alterRow(upsertIf(true())) ~> AlterRow4\nSelectAssetFinal alterRow(updateIf(true())) ~> AlterRow5\nDerivedRcmnd select(mapColumn(\n\t\tEXAM_ID,\n\t\tRECOMMEND_SR_KEY,\n\t\tEXAM_SR_KEY,\n\t\tRCMD_DESCRIPTION,\n\t\tRCMD_LOCATION,\n\t\tRCMN_STATUS,\n\t\tWORK_CATEGORY,\n\t\tQUANTITY,\n\t\tQUANTITY_UNIT,\n\t\tPROBABILITY,\n\t\tPRIORITY_YEAR,\n\t\tEXTENT,\n\t\tSEVERITY,\n\t\tRISK_SCORE,\n\t\tESTIMATED_COST,\n\t\tRCMN_NUM,\n\t\tSUPPLIER_NAME,\n\t\tRcmnd_CREATED_USER,\n\t\tRcmnd_CREATED_DATE,\n\t\tCREATED_USER = CREATED_USER_DER,\n\t\tCREATED_DATE = CREATED_DATE_DER,\n\t\tUPDATED_USER = MODIFIED_USER_DER,\n\t\tUPDATED_DATE = MODIFIED_DATE_DER\n\t),\n\tskipDuplicateMapInputs: true,\n\tskipDuplicateMapOutputs: true) ~> SelectRcmndfinal\nSelectRcmndfinal alterRow(upsertIf(true())) ~> AlterRow6\nXMLDefectIns alterRow(insertIf(true())) ~> AlterRow7\nXMLDefectUpd filter(SYNC_FLAG=='U') ~> FilterUrecs\nFilterUrecs alterRow(updateIf(true())) ~> AlterRow8\nSelectAssetFinal sink(allowSchemaDrift: true,\n\tvalidateSchema: false,\n\tformat: 'parquet',\n\tpartitionFileNames:[(concat($Filename,'_Asset.parquet'))],\n\tumask: 0022,\n\tskipDuplicateMapInputs: true,\n\tskipDuplicateMapOutputs: true,\n\tsaveOrder: 0,\n\tmapColumn(\n\t\tASSET_GUID,\n\t\tRAILWAY_ID,\n\t\tENG_LINE_REF,\n\t\tSTART_MILES,\n\t\tEND_MILES,\n\t\tSTART_YARDS,\n\t\tEND_YARDS,\n\t\tSTART_OS_GRID_REF,\n\t\tANY_HIDDEN_PARTS,\n\t\tSTRUCTURE_OVER,\n\t\tSTRUCTURE_CARRIES,\n\t\tCMI_DATE,\n\t\tCMI_SCORE,\n\t\tASSET_TYPE_SR_KEY,\n\t\tASSET_GROUP_SR_KEY,\n\t\tAREA_SR_KEY,\n\t\tPRIMARY_MATERIAL,\n\t\tSECONDARY_MATERIAL,\n\t\tSTRUCTURAL_FORM,\n\t\tUPDATED_DATE,\n\t\tUPDATED_USER\n\t),\n\tpartitionBy('hash', 1)) ~> SinkAsset\nSelecteExamfinal sink(allowSchemaDrift: true,\n\tvalidateSchema: false,\n\tformat: 'parquet',\n\tpartitionFileNames:[(concat($Filename,'_Exam.parquet'))],\n\tumask: 0022,\n\tskipDuplicateMapInputs: true,\n\tskipDuplicateMapOutputs: true,\n\tsaveOrder: 0,\n\tpartitionBy('hash', 1)) ~> SinkExam\nSelectRcmndfinal sink(allowSchemaDrift: true,\n\tvalidateSchema: false,\n\tformat: 'parquet',\n\tpartitionFileNames:[(concat($Filename,'_Recommendation.parquet'))],\n\tumask: 0022,\n\tskipDuplicateMapInputs: true,\n\tskipDuplicateMapOutputs: true,\n\tsaveOrder: 0,\n\tmapColumn(\n\t\tRCMN_NUM,\n\t\tEXAM_SR_KEY,\n\t\tRECOMMEND_SR_KEY,\n\t\tRCMD_DESCRIPTION,\n\t\tRCMD_LOCATION,\n\t\tRCMN_STATUS,\n\t\tQUANTITY,\n\t\tQUANTITY_UNIT,\n\t\tPROBABILITY,\n\t\tEXTENT,\n\t\tSEVERITY,\n\t\tRISK_SCORE,\n\t\tESTIMATED_COST,\n\t\tPRIORITY_YEAR,\n\t\tWORK_CATEGORY,\n\t\tCREATED_USER,\n\t\tCREATED_DATE,\n\t\tUPDATED_USER,\n\t\tUPDATED_DATE\n\t),\n\tpartitionBy('hash', 1)) ~> SinkRecommendation\nSelectAccessfinal sink(allowSchemaDrift: true,\n\tvalidateSchema: false,\n\tformat: 'parquet',\n\tpartitionFileNames:[(concat($Filename,'_Access.parquet'))],\n\tumask: 0022,\n\tskipDuplicateMapInputs: true,\n\tskipDuplicateMapOutputs: true,\n\tsaveOrder: 0,\n\tmapColumn(\n\t\tTRAFFIC_MNGT,\n\t\tMEWP,\n\t\tROPE_ACCESS,\n\t\tSCAFFOLD,\n\t\tCCTV,\n\t\tCONFINED_SPACE,\n\t\tWATER_PERMIT,\n\t\tSAFETY_BOAT,\n\t\t{3RD_PARTY},\n\t\tLADDER,\n\t\tCREATED_DATE,\n\t\tCREATED_USER,\n\t\tUPDATED_USER,\n\t\tUPDATED_DATE,\n\t\tASSET_GUID,\n\t\tEXAM_TYPE_SR_KEY,\n\t\tPOSSESSION,\n\t\tLINE_BLOCK,\n\t\tRRV\n\t),\n\tpartitionBy('hash', 1)) ~> SinkAccessdata\nSelectImagecols sink(allowSchemaDrift: true,\n\tvalidateSchema: false,\n\tformat: 'parquet',\n\tpartitionFileNames:[(concat($Filename,'_Image.parquet'))],\n\tumask: 0022,\n\tskipDuplicateMapInputs: true,\n\tskipDuplicateMapOutputs: true,\n\tsaveOrder: 0,\n\tmapColumn(\n\t\tASSET_GUID,\n\t\tEXAM_ID,\n\t\tCREATED_USER,\n\t\tCREATED_DATE,\n\t\tUPDATED_USER,\n\t\tUPDATED_DATE,\n\t\tDESCRIPTION,\n\t\tIMAGE_NAME,\n\t\tIMAGE_INDEX,\n\t\tIMAGE_TYPE,\n\t\tSUPPLIER_NAME,\n\t\tEXAM_SR_KEY,\n\t\tIMAGE_LINK\n\t),\n\tpartitionBy('hash', 1)) ~> SinkImage\nSelectPNEfinal sink(allowSchemaDrift: true,\n\tvalidateSchema: false,\n\tformat: 'parquet',\n\tpartitionFileNames:[(concat($Filename,'_PNE.parquet'))],\n\tumask: 0022,\n\tskipDuplicateMapInputs: true,\n\tskipDuplicateMapOutputs: true,\n\tsaveOrder: 0,\n\tmapColumn(\n\t\tPNE_PART_NAME,\n\t\tPNE_REASON,\n\t\tXML_EXAM_ID,\n\t\tSUPPLIER_NAME,\n\t\tEXAM_SR_KEY,\n\t\tCREATED_DATE,\n\t\tCREATED_USER,\n\t\tUPDATED_USER,\n\t\tUPDATED_DATE\n\t),\n\tpartitionBy('hash', 1)) ~> sinkPNE\nAlterRow2 sink(allowSchemaDrift: true,\n\tvalidateSchema: false,\n\tinput(\n\t\tACCESS_SR_KEY as decimal(18,0),\n\t\tASSET_GUID as string,\n\t\tEXAM_TYPE_SR_KEY as decimal(18,0),\n\t\tPOSSESSION as string,\n\t\tLINE_BLOCK as string,\n\t\tTRAFFIC_MNGT as string,\n\t\tRRV as string,\n\t\tMEWP as string,\n\t\tROPE_ACCESS as string,\n\t\tLADDER as string,\n\t\tSCAFFOLD as string,\n\t\tCCTV as string,\n\t\tCONFINED_SPACE as string,\n\t\tWATER_PERMIT as string,\n\t\tSAFETY_BOAT as string,\n\t\t{3RD_PARTY} as string,\n\t\tCREATED_USER as string,\n\t\tCREATED_DATE as timestamp,\n\t\tUPDATED_USER as string,\n\t\tUPDATED_DATE as timestamp,\n\t\tISACTIVE as boolean\n\t),\n\tdeletable:false,\n\tinsertable:false,\n\tupdateable:false,\n\tupsertable:true,\n\tkeys:['ASSET_GUID','EXAM_TYPE_SR_KEY'],\n\tformat: 'table',\n\tskipDuplicateMapInputs: true,\n\tskipDuplicateMapOutputs: true,\n\terrorHandlingOption: 'stopOnFirstError',\n\tmapColumn(\n\t\tASSET_GUID,\n\t\tEXAM_TYPE_SR_KEY,\n\t\tPOSSESSION,\n\t\tLINE_BLOCK,\n\t\tTRAFFIC_MNGT,\n\t\tRRV,\n\t\tMEWP,\n\t\tROPE_ACCESS,\n\t\tLADDER,\n\t\tSCAFFOLD,\n\t\tCCTV,\n\t\tCONFINED_SPACE,\n\t\tWATER_PERMIT,\n\t\tSAFETY_BOAT,\n\t\t{3RD_PARTY},\n\t\tLADDER,\n\t\tCREATED_USER,\n\t\tCREATED_DATE,\n\t\tUPDATED_USER,\n\t\tUPDATED_DATE\n\t)) ~> sinkAccessDB\nAlterRow3 sink(allowSchemaDrift: true,\n\tvalidateSchema: false,\n\tinput(\n\t\tIMAGE_SR_KEY as decimal(18,0),\n\t\tEXAM_SR_KEY as decimal(18,0),\n\t\tDESCRIPTION as string,\n\t\tIMAGE_LINK as string,\n\t\tCREATED_USER as string,\n\t\tCREATED_DATE as timestamp,\n\t\tUPDATED_USER as string,\n\t\tUPDATED_DATE as timestamp,\n\t\tISACTIVE as boolean,\n\t\tIMAGE_INDEX as decimal(3,0),\n\t\tIMAGE_NAME as string,\n\t\tIMAGE_TYPE as string\n\t),\n\tdeletable:false,\n\tinsertable:false,\n\tupdateable:false,\n\tupsertable:true,\n\tkeys:['EXAM_SR_KEY','IMAGE_INDEX'],\n\tformat: 'table',\n\tskipDuplicateMapInputs: true,\n\tskipDuplicateMapOutputs: true,\n\terrorHandlingOption: 'stopOnFirstError',\n\tmapColumn(\n\t\tEXAM_SR_KEY,\n\t\tDESCRIPTION,\n\t\tIMAGE_LINK,\n\t\tCREATED_USER,\n\t\tCREATED_DATE,\n\t\tUPDATED_USER,\n\t\tUPDATED_DATE,\n\t\tIMAGE_INDEX,\n\t\tIMAGE_NAME,\n\t\tIMAGE_TYPE\n\t)) ~> sinkImageDB\nAlterRow4 sink(allowSchemaDrift: true,\n\tvalidateSchema: false,\n\tinput(\n\t\tPNE_SR_KEY as decimal(18,0),\n\t\tEXAM_SR_KEY as decimal(18,0),\n\t\tPNE_PART_NAME as string,\n\t\tPNE_REASON as string,\n\t\tISACTIVE as boolean,\n\t\tCREATED_USER as string,\n\t\tCREATED_DATE as timestamp,\n\t\tUPDATED_USER as string,\n\t\tUPDATED_DATE as timestamp\n\t),\n\tdeletable:false,\n\tinsertable:true,\n\tupdateable:false,\n\tupsertable:true,\n\tkeys:['PNE_PART_NAME','EXAM_SR_KEY'],\n\tformat: 'table',\n\tskipDuplicateMapInputs: true,\n\tskipDuplicateMapOutputs: true,\n\terrorHandlingOption: 'stopOnFirstError',\n\tmapColumn(\n\t\tEXAM_SR_KEY,\n\t\tPNE_PART_NAME,\n\t\tPNE_REASON,\n\t\tCREATED_USER,\n\t\tCREATED_DATE,\n\t\tUPDATED_USER,\n\t\tUPDATED_DATE\n\t)) ~> sinkPNEDB\nAlterRow5 sink(allowSchemaDrift: true,\n\tvalidateSchema: false,\n\tinput(\n\t\tASSET_GUID as string,\n\t\tPARENT_ASSET_GUID as string,\n\t\tASSET_NAME as string,\n\t\tASSET_TYPE_SR_KEY as decimal(18,0),\n\t\tASSET_GROUP_SR_KEY as decimal(18,0),\n\t\tORG_SR_KEY as decimal(18,0),\n\t\tAREA as string,\n\t\tENG_LINE_REF as string,\n\t\tRAILWAY_ID as string,\n\t\tSTART_MILES as decimal(5,0),\n\t\tSTART_YARDS as decimal(5,0),\n\t\tEND_MILES as decimal(5,0),\n\t\tEND_YARDS as decimal(5,0),\n\t\tPRIMARY_MATERIAL as string,\n\t\tSECONDARY_MATERIAL as string,\n\t\tOPERATIONAL_STATUS as string,\n\t\tSTRUCTURAL_FORM as string,\n\t\tOWNING_PARTY as string,\n\t\tPOSSESSION_CRITICAL as string,\n\t\tGPS_START_MILEAGE as string,\n\t\tGPS_END_MILEAGE as string,\n\t\tSTART_OS_GRID_REF as string,\n\t\tEND_OS_GRID_REF as string,\n\t\tHCE_FLAG as string,\n\t\tANY_HIDDEN_PARTS as string,\n\t\tSTRUCTURE_CARRIES as string,\n\t\tSTRUCTURE_OVER as string,\n\t\tCREATED_USER as string,\n\t\tCREATED_DATE as date,\n\t\tUPDATED_USER as string,\n\t\tUPDATED_DATE as date\n\t),\n\tdeletable:false,\n\tinsertable:false,\n\tupdateable:true,\n\tupsertable:false,\n\tkeys:['ASSET_GUID'],\n\tskipKeyWrites:true,\n\tformat: 'table',\n\tskipDuplicateMapInputs: true,\n\tskipDuplicateMapOutputs: true,\n\terrorHandlingOption: 'stopOnFirstError',\n\tmapColumn(\n\t\tASSET_GUID,\n\t\tASSET_TYPE_SR_KEY,\n\t\tASSET_GROUP_SR_KEY,\n\t\tAREA = AREA_SR_KEY,\n\t\tENG_LINE_REF,\n\t\tRAILWAY_ID,\n\t\tSTART_MILES,\n\t\tSTART_YARDS,\n\t\tEND_MILES,\n\t\tEND_YARDS,\n\t\tPRIMARY_MATERIAL,\n\t\tSECONDARY_MATERIAL,\n\t\tSTRUCTURAL_FORM,\n\t\tSTART_OS_GRID_REF,\n\t\tANY_HIDDEN_PARTS,\n\t\tSTRUCTURE_CARRIES,\n\t\tSTRUCTURE_OVER,\n\t\tUPDATED_USER,\n\t\tUPDATED_DATE\n\t)) ~> sinkAssetDb\nAlterRow6 sink(allowSchemaDrift: true,\n\tvalidateSchema: false,\n\tinput(\n\t\tRECOMMEND_SR_KEY as decimal(18,0),\n\t\tEXAM_SR_KEY as decimal(18,0),\n\t\tRCMN_DATE as date,\n\t\tRCMN_SIGNED_DATE as date,\n\t\tRCMN_STATUS as string,\n\t\tDESCRIPTION as string,\n\t\tPRIORITY_YEAR as string,\n\t\tLOCATION as string,\n\t\tWORK_CATEGORY as string,\n\t\tRISK_SCORE as string,\n\t\tSEVERITY as string,\n\t\tPROBABILITY as string,\n\t\tEXTENT as string,\n\t\tQUANTITY as decimal(18,2),\n\t\tQUANTITY_UNIT as string,\n\t\tESTIMATED_COST as decimal(18,2),\n\t\tAES_RISK_SCORE as string,\n\t\tAES_SEVERITY as string,\n\t\tAES_PROBABILITY as string,\n\t\tAES_COMMENT as string,\n\t\tCREATED_USER as string,\n\t\tCREATED_DATE as timestamp,\n\t\tUPDATED_USER as string,\n\t\tUPDATED_DATE as timestamp,\n\t\tISACTIVE as boolean,\n\t\tRCMN_NUM as decimal(18,0)\n\t),\n\tdeletable:false,\n\tinsertable:false,\n\tupdateable:false,\n\tupsertable:true,\n\tkeys:['RECOMMEND_SR_KEY'],\n\tskipKeyWrites:true,\n\tformat: 'table',\n\tskipDuplicateMapInputs: true,\n\tskipDuplicateMapOutputs: true,\n\terrorHandlingOption: 'stopOnFirstError',\n\tmapColumn(\n\t\tEXAM_SR_KEY,\n\t\tRECOMMEND_SR_KEY,\n\t\tRCMN_STATUS,\n\t\tDESCRIPTION = RCMD_DESCRIPTION,\n\t\tPRIORITY_YEAR,\n\t\tLOCATION = RCMD_LOCATION,\n\t\tWORK_CATEGORY,\n\t\tRISK_SCORE,\n\t\tSEVERITY,\n\t\tPROBABILITY,\n\t\tEXTENT,\n\t\tQUANTITY,\n\t\tQUANTITY_UNIT,\n\t\tESTIMATED_COST,\n\t\tCREATED_USER,\n\t\tCREATED_DATE,\n\t\tUPDATED_USER,\n\t\tUPDATED_DATE,\n\t\tRCMN_NUM\n\t)) ~> sinkRcmndDB\nAlterRow7 sink(allowSchemaDrift: true,\n\tvalidateSchema: false,\n\tinput(\n\t\tDEFECT_SR_KEY as decimal(18,0),\n\t\tDEFECT_ID as decimal(18,0),\n\t\tASSET_GUID as string,\n\t\tEXAM_SR_KEY as decimal(18,0),\n\t\tDESCRIPTION as string,\n\t\tLOCATION as string,\n\t\tLOCATION_MAJOR as string,\n\t\tLOCATION_MINOR as string,\n\t\tRISK_SCORE as string,\n\t\tDETERIORATION as string,\n\t\tACCESS_GAINED as string,\n\t\tACCESS_REQUIRED as string,\n\t\tREPAIRED as string,\n\t\tRECOMMEND_RAISED as string,\n\t\tFLAG_FOR_CLOSURE as string,\n\t\tENGINEER_COMMENTS as string,\n\t\tDEFECT_USER as string,\n\t\tCREATED_USER as string,\n\t\tCREATED_DATE as timestamp,\n\t\tUPDATED_USER as string,\n\t\tUPDATED_DATE as timestamp\n\t),\n\tdeletable:false,\n\tinsertable:true,\n\tupdateable:false,\n\tupsertable:false,\n\tformat: 'table',\n\tskipDuplicateMapInputs: true,\n\tskipDuplicateMapOutputs: true,\n\terrorHandlingOption: 'stopOnFirstError',\n\tmapColumn(\n\t\tDEFECT_ID,\n\t\tASSET_GUID,\n\t\tEXAM_SR_KEY,\n\t\tDETERIORATION,\n\t\tLOCATION_MAJOR,\n\t\tLOCATION_MINOR,\n\t\tRECOMMEND_RAISED,\n\t\tREPAIRED,\n\t\tACCESS_GAINED,\n\t\tACCESS_REQUIRED,\n\t\tRISK_SCORE,\n\t\tFLAG_FOR_CLOSURE,\n\t\tDESCRIPTION = DEF_DESCRIPTION,\n\t\tLOCATION = DEF_LOCATION,\n\t\tCREATED_USER,\n\t\tCREATED_DATE,\n\t\tUPDATED_USER,\n\t\tUPDATED_DATE\n\t)) ~> sinkDefectIns\nFilterUrecs sink(allowSchemaDrift: true,\n\tvalidateSchema: false,\n\tformat: 'parquet',\n\tpartitionFileNames:[(concat($Filename,'_Defect_UPD.parquet'))],\n\tumask: 0022,\n\tskipDuplicateMapInputs: true,\n\tskipDuplicateMapOutputs: true,\n\tmapColumn(\n\t\tASSET_GUID = XML_ASSET_GUID,\n\t\tDEFECT_ID,\n\t\tEXAM_SR_KEY,\n\t\tACCESS_GAINED,\n\t\tACCESS_REQUIRED,\n\t\tRISK_SCORE,\n\t\tDEF_DESCRIPTION,\n\t\tDEF_LOCATION,\n\t\tDETERIORATION,\n\t\tFLAG_FOR_CLOSURE,\n\t\tLOCATION_MAJOR,\n\t\tLOCATION_MINOR,\n\t\tRECOMMEND_RAISED,\n\t\tREPAIRED,\n\t\tCREATED_USER,\n\t\tCREATED_DATE,\n\t\tUPDATED_USER,\n\t\tUPDATED_DATE,\n\t\tSYNC_FLAG\n\t),\n\tpartitionBy('hash', 1)) ~> sinkCuratedDefect\nAlterRow8 sink(allowSchemaDrift: true,\n\tvalidateSchema: false,\n\tinput(\n\t\tDEFECT_SR_KEY as decimal(18,0),\n\t\tDEFECT_ID as decimal(18,0),\n\t\tASSET_GUID as string,\n\t\tEXAM_SR_KEY as decimal(18,0),\n\t\tDESCRIPTION as string,\n\t\tLOCATION as string,\n\t\tLOCATION_MAJOR as string,\n\t\tLOCATION_MINOR as string,\n\t\tRISK_SCORE as string,\n\t\tDETERIORATION as string,\n\t\tACCESS_GAINED as string,\n\t\tACCESS_REQUIRED as string,\n\t\tREPAIRED as string,\n\t\tRECOMMEND_RAISED as string,\n\t\tFLAG_FOR_CLOSURE as string,\n\t\tENGINEER_COMMENTS as string,\n\t\tDEFECT_USER as string,\n\t\tCREATED_USER as string,\n\t\tCREATED_DATE as timestamp,\n\t\tUPDATED_USER as string,\n\t\tUPDATED_DATE as timestamp\n\t),\n\tdeletable:false,\n\tinsertable:false,\n\tupdateable:true,\n\tupsertable:false,\n\tkeys:['ASSET_GUID','DESCRIPTION','LOCATION'],\n\tskipKeyWrites:true,\n\tformat: 'table',\n\tskipDuplicateMapInputs: true,\n\tskipDuplicateMapOutputs: true,\n\terrorHandlingOption: 'stopOnFirstError',\n\tmapColumn(\n\t\tDEFECT_ID,\n\t\tASSET_GUID = XML_ASSET_GUID,\n\t\tEXAM_SR_KEY,\n\t\tDESCRIPTION = DEF_DESCRIPTION,\n\t\tLOCATION = DEF_LOCATION,\n\t\tLOCATION_MAJOR,\n\t\tLOCATION_MINOR,\n\t\tRISK_SCORE,\n\t\tDETERIORATION,\n\t\tACCESS_GAINED,\n\t\tACCESS_REQUIRED,\n\t\tREPAIRED,\n\t\tRECOMMEND_RAISED,\n\t\tFLAG_FOR_CLOSURE,\n\t\tCREATED_USER,\n\t\tCREATED_DATE,\n\t\tUPDATED_USER,\n\t\tUPDATED_DATE\n\t)) ~> sinkDefectUpd"
		}
	}
}