{
	"name": "dataflow_ces_Element_ELR_Sync_Load",
	"properties": {
		"folder": {
			"name": "CARRS/Element_ELR"
		},
		"type": "MappingDataFlow",
		"typeProperties": {
			"sources": [
				{
					"dataset": {
						"referenceName": "ds_adlsgen2_Common_parquet",
						"type": "DatasetReference"
					},
					"name": "sourceELR"
				},
				{
					"dataset": {
						"referenceName": "ds_sql_common_SQLQuery",
						"type": "DatasetReference"
					},
					"name": "CesELR"
				}
			],
			"sinks": [
				{
					"dataset": {
						"referenceName": "ds_sql_ELR_Sync",
						"type": "DatasetReference"
					},
					"name": "sink1"
				}
			],
			"transformations": [
				{
					"name": "AlterRow1"
				},
				{
					"name": "JoinCESAsset"
				},
				{
					"name": "Filter1"
				},
				{
					"name": "Select1"
				},
				{
					"name": "DerivedColumn1"
				}
			],
			"script": "source(output(\n\t\telr_code as string,\n\t\tELR_NAME as string,\n\t\tORG_SR_KEY as decimal(18,0),\n\t\tAREA_SR_KEY as decimal(18,0),\n\t\tDELETED_FLG as string\n\t),\n\tallowSchemaDrift: true,\n\tvalidateSchema: false,\n\tignoreNoFilesFound: false,\n\tformat: 'parquet') ~> sourceELR\nsource(output(\n\t\tELR_SR_KEY as decimal(18,0),\n\t\tELR_CODE as string,\n\t\tORG_SR_KEY as decimal(18,0),\n\t\tAREA_SR_KEY as decimal(18,0),\n\t\tCREATED_USER as string,\n\t\tCREATED_DATE as timestamp\n\t),\n\tallowSchemaDrift: true,\n\tvalidateSchema: false,\n\tisolationLevel: 'READ_UNCOMMITTED',\n\tquery: 'SELECT ELR_SR_KEY,ELR_CODE,ORG_SR_KEY,AREA_SR_KEY, CREATED_USER, CREATED_DATE FROM CES.ENGINE_LINE_REF',\n\tformat: 'query') ~> CesELR\nSelect1 alterRow(upsertIf(true())) ~> AlterRow1\nsourceELR, CesELR join(lower(sourceELR@elr_code) == lower(CesELR@ELR_CODE)\n\t&& sourceELR@ORG_SR_KEY == CesELR@ORG_SR_KEY\n\t&& sourceELR@AREA_SR_KEY == CesELR@AREA_SR_KEY,\n\tjoinType:'left',\n\tbroadcast: 'auto')~> JoinCESAsset\nDerivedColumn1 filter(!(isNull(ELR_SR_KEY) && DELETED_FLG == 'Y')) ~> Filter1\nFilter1 select(mapColumn(\n\t\tELR_CODE = sourceELR@elr_code,\n\t\tELR_NAME,\n\t\tORG_SR_KEY = sourceELR@ORG_SR_KEY,\n\t\tAREA_SR_KEY = sourceELR@AREA_SR_KEY,\n\t\tDELETED_FLG,\n\t\tCREATED_USER = CREATED_USER_CUSTOM,\n\t\tCREATED_DATE = CREATED_DATE_CUSTOM,\n\t\tUPDATED_USER = MODIFIED_USER_CUSTOM,\n\t\tUPDATED_DATE = MODIFIED_DATE_CUSTOM,\n\t\tISACTIVE\n\t),\n\tskipDuplicateMapInputs: true,\n\tskipDuplicateMapOutputs: true) ~> Select1\nJoinCESAsset derive(ISACTIVE = iif(DELETED_FLG == 'N', 1, 0),\n\t\tCREATED_USER_CUSTOM = iif(isNull(CREATED_USER), 'CARRS', CREATED_USER),\n\t\tCREATED_DATE_CUSTOM = iif(isNull(CREATED_DATE), currentUTC(), CREATED_DATE),\n\t\tMODIFIED_USER_CUSTOM = iif(isNull(CREATED_USER), toString(null()), 'CARRS'),\n\t\tMODIFIED_DATE_CUSTOM = iif(isNull(CREATED_USER), toTimestamp(''), currentUTC())) ~> DerivedColumn1\nAlterRow1 sink(allowSchemaDrift: true,\n\tvalidateSchema: false,\n\tinput(\n\t\tELR_SR_KEY as decimal(18,0),\n\t\tELR_CODE as string,\n\t\tELR_NAME as string,\n\t\tORG_SR_KEY as decimal(18,0),\n\t\tAREA_SR_KEY as decimal(18,0),\n\t\tCREATED_USER as string,\n\t\tCREATED_DATE as timestamp,\n\t\tUPDATED_USER as string,\n\t\tUPDATED_DATE as timestamp,\n\t\tISACTIVE as boolean\n\t),\n\tdeletable:false,\n\tinsertable:false,\n\tupdateable:false,\n\tupsertable:true,\n\tkeys:['ELR_CODE'],\n\tformat: 'table',\n\tskipDuplicateMapInputs: true,\n\tskipDuplicateMapOutputs: true,\n\terrorHandlingOption: 'stopOnFirstError',\n\tmapColumn(\n\t\tELR_CODE,\n\t\tELR_NAME,\n\t\tORG_SR_KEY,\n\t\tAREA_SR_KEY,\n\t\tCREATED_USER,\n\t\tCREATED_DATE,\n\t\tUPDATED_USER,\n\t\tUPDATED_DATE,\n\t\tISACTIVE\n\t)) ~> sink1"
		}
	}
}