{
	"name": "dataflow_ces_Bridge_ExamData_migration",
	"properties": {
		"folder": {
			"name": "BRIDGE"
		},
		"type": "MappingDataFlow",
		"typeProperties": {
			"sources": [
				{
					"dataset": {
						"referenceName": "ds_adlsgen2_common_csv",
						"type": "DatasetReference"
					},
					"name": "source1"
				},
				{
					"dataset": {
						"referenceName": "ds_SQL_common_query",
						"type": "DatasetReference"
					},
					"name": "CESExam"
				}
			],
			"sinks": [
				{
					"dataset": {
						"referenceName": "ds_adlsgen2_Insert_Parquet",
						"type": "DatasetReference"
					},
					"name": "sinkCurated"
				},
				{
					"dataset": {
						"referenceName": "ds_sql_Insert_Exam",
						"type": "DatasetReference"
					},
					"name": "sinkSQL"
				}
			],
			"transformations": [
				{
					"name": "Select1"
				},
				{
					"name": "Lookup1"
				},
				{
					"name": "AlterRow1"
				},
				{
					"name": "Select2"
				},
				{
					"name": "DerivedColumn1"
				}
			],
			"script": "parameters{\n\tCuratedFileName as string\n}\nsource(output(\n\t\tGUID as string,\n\t\tEXAM_ID as decimal(10,0),\n\t\tAMEY_RAF_ID as string,\n\t\tAMEY_REGION_ID as string,\n\t\tEXAM_TYPE_DESC as string,\n\t\tEXAM_STATUS as string,\n\t\tLAST_EXAM_DATE as string,\n\t\tPLAN_EXAM_DATE as string,\n\t\tACTUAL_EXAM_DATE as string,\n\t\tSIGN_OFF_DATE as string,\n\t\tSUBMISSION_DATE as string,\n\t\tREVIEW_DATE as string,\n\t\tCONTRACT_YEAR as string,\n\t\tOBSERVED_UNDER_LOAD as string,\n\t\tRECOMMENDATIONS_CNT as string,\n\t\tINSERT_DATE as string,\n\t\tUPDATE_DATE as string,\n\t\tLIST_HIDDEN_PARTS as string,\n\t\tCEFA_WORK_BANK_NO as string\n\t),\n\tallowSchemaDrift: true,\n\tvalidateSchema: false,\n\tignoreNoFilesFound: false) ~> source1\nsource(output(\n\t\tEXAM_SR_KEY as decimal(18,0),\n\t\tASSET_GUID as string,\n\t\tEXAM_ID as decimal(18,0)\n\t),\n\tallowSchemaDrift: true,\n\tvalidateSchema: false,\n\tisolationLevel: 'READ_UNCOMMITTED',\n\tquery: 'Select EXAM_SR_KEY, ASSET_GUID, EXAM_ID FROM CES.EXAM',\n\tformat: 'query') ~> CESExam\nLookup1 select(mapColumn(\n\t\tGUID,\n\t\tASSET_GUID,\n\t\tEXAM_ID = CESExam@EXAM_ID,\n\t\tOBSERVED_UNDER_LOAD,\n\t\tEXAM_SR_KEY\n\t),\n\tskipDuplicateMapInputs: true,\n\tskipDuplicateMapOutputs: true) ~> Select1\nCESExam, source1 lookup(ASSET_GUID == GUID\n\t&& CESExam@EXAM_ID == source1@EXAM_ID,\n\tmultiple: false,\n\tpickup: 'any',\n\tbroadcast: 'off')~> Lookup1\nDerivedColumn1 alterRow(updateIf(true())) ~> AlterRow1\nSelect1 select(mapColumn(\n\t\tOBSERVED_UNDER_LOAD,\n\t\tEXAM_SR_KEY\n\t),\n\tskipDuplicateMapInputs: true,\n\tskipDuplicateMapOutputs: true) ~> Select2\nSelect2 derive(UPDATED_USER = 'BRIDGE',\n\t\tUPDATED_DATE = currentUTC()) ~> DerivedColumn1\nSelect1 sink(allowSchemaDrift: true,\n\tvalidateSchema: false,\n\tformat: 'parquet',\n\tpartitionFileNames:[($CuratedFileName)],\n\tmapColumn(\n\t\tGUID,\n\t\tASSET_GUID,\n\t\tEXAM_ID,\n\t\tObserver_Under_Load = OBSERVED_UNDER_LOAD\n\t),\n\tpartitionBy('hash', 1),\n\tskipDuplicateMapInputs: true,\n\tskipDuplicateMapOutputs: true) ~> sinkCurated\nAlterRow1 sink(input(\n\t\tEXAM_SR_KEY as decimal(18,0),\n\t\tEXAM_ID as decimal(18,0),\n\t\tASSET_GUID as string,\n\t\tWORK_SR_KEY as decimal(18,0),\n\t\tEXAM_BASELINE_DATE as date,\n\t\tEXAM_PLANNED_DATE as date,\n\t\tEXAM_ACTUAL_DATE as date,\n\t\tEXAM_REVIEW_DATE as date,\n\t\tEXAM_SUBMISSION_DATE as date,\n\t\tEXAM_SIGNOFF_DATE as date,\n\t\tEXAM_TYPE_SR_KEY as decimal(18,0),\n\t\tEXAM_REQ_STATUS as decimal(18,0),\n\t\tEXAM_COMPLETED_IND as string,\n\t\tEXAMINER_NAME as string,\n\t\tEXAMINER_COMMENT as string,\n\t\tREVIEWER_NAME as string,\n\t\tREVIEWER_COMMENT as string,\n\t\tSUPPLIER_SR_KEY as decimal(18,0),\n\t\tSUPPLIER_REPORT_FILENAME as string,\n\t\tSUPPLIER_REPORT_REFERENCE as string,\n\t\tSUPPLIER_ZIP_FILENAME as string,\n\t\tINSTRUCTION as string,\n\t\tCMI_SCORE as decimal(3,0),\n\t\tCMI_DATE as date,\n\t\tSTRUC_DESCRIPTION as string,\n\t\tAT_OR_BETWEEN_STATIONS as string,\n\t\tOBSERVED_UNDER_LOAD as string,\n\t\tSPAN_TEXT as string,\n\t\tCREATED_USER as string,\n\t\tCREATED_DATE as timestamp,\n\t\tUPDATED_USER as string,\n\t\tUPDATED_DATE as timestamp,\n\t\tISACTIVE as boolean,\n\t\tEXAM_REPORT_STATUS as decimal(18,0),\n\t\tINTERNAL_NOTES as string,\n\t\tCOMMENT_TO_SEC as string,\n\t\tCHANGE_REQ_ID as string,\n\t\tSUPPLIER_COMMENTS as string,\n\t\tIS_LAST_EXAM as string,\n\t\tEXAM_GROUP_SR_KEY as decimal(18,0)\n\t),\n\tallowSchemaDrift: true,\n\tvalidateSchema: false,\n\tdeletable:false,\n\tinsertable:false,\n\tupdateable:true,\n\tupsertable:false,\n\tkeys:['EXAM_SR_KEY'],\n\tformat: 'table',\n\tmapColumn(\n\t\tEXAM_SR_KEY,\n\t\tOBSERVED_UNDER_LOAD,\n\t\tUPDATED_USER,\n\t\tUPDATED_DATE\n\t),\n\tskipDuplicateMapInputs: true,\n\tskipDuplicateMapOutputs: true,\n\terrorHandlingOption: 'stopOnFirstError') ~> sinkSQL"
		}
	}
}