{
	"name": "dataflow_ces_Action_Sync_Load",
	"properties": {
		"folder": {
			"name": "CARRS/Action"
		},
		"type": "MappingDataFlow",
		"typeProperties": {
			"sources": [
				{
					"dataset": {
						"referenceName": "ds_adlsgen2_Common_parquet",
						"type": "DatasetReference"
					},
					"name": "sourceAction"
				},
				{
					"dataset": {
						"referenceName": "ds_sql_common_SQLQuery",
						"type": "DatasetReference"
					},
					"name": "CesAction"
				}
			],
			"sinks": [
				{
					"dataset": {
						"referenceName": "ds_adlsgen2_Common_TableInsertUpdate",
						"type": "DatasetReference"
					},
					"name": "sinkActionDestination"
				}
			],
			"transformations": [
				{
					"name": "JoinCESAction"
				},
				{
					"name": "AlterRow2"
				},
				{
					"name": "Filter1"
				},
				{
					"name": "DerivedColumn1"
				}
			],
			"script": "source(output(\n\t\tRECOMMEND_SR_KEY as decimal(18,0),\n\t\tCARRS_ACTION_ID as decimal(9,0),\n\t\tRECOMMEND_ID as decimal(9,0),\n\t\tRECOMMEND_NUM as decimal(9,0),\n\t\tACTION_NUM as decimal(9,0),\n\t\tWORK_CATEGORY as decimal(18,0),\n\t\tPRIORITY_YEAR as decimal(18,0),\n\t\tRISK_SCORE as string,\n\t\tEXTENT as string,\n\t\tQUANTITY_UNIT as string,\n\t\tSEVERITY as string,\n\t\tPROBABILITY as string,\n\t\tDESCRIPTION as string,\n\t\tLOCATION as string,\n\t\tQUANTITY as decimal(9,2),\n\t\tESTIMATED_COST as decimal(9,1),\n\t\tNOTES as string,\n\t\tDELETED_FLG as string,\n\t\tCREATED_USER as string,\n\t\tCREATED_DATE as timestamp,\n\t\tWORK_STATUS as decimal(18,0),\n\t\tWORK_TYPE as decimal(18,0)\n\t),\n\tallowSchemaDrift: true,\n\tvalidateSchema: false,\n\tignoreNoFilesFound: false,\n\tformat: 'parquet') ~> sourceAction\nsource(output(\n\t\tACTION_SR_KEY as decimal(18,0),\n\t\tRECOMMEND_SR_KEY as decimal(18,0),\n\t\tDESCRIPTION as string,\n\t\tCARRS_ACTION_ID as decimal(18,0),\n\t\tCREATED_USER as string,\n\t\tCREATED_DATE as timestamp\n\t),\n\tallowSchemaDrift: true,\n\tvalidateSchema: false,\n\tisolationLevel: 'READ_UNCOMMITTED',\n\tquery: 'Select ACTION_SR_KEY, RECOMMEND_SR_KEY,DESCRIPTION,CARRS_ACTION_ID, CREATED_USER, CREATED_DATE from CES.Action',\n\tformat: 'query') ~> CesAction\nsourceAction, CesAction join(sourceAction@RECOMMEND_SR_KEY == CesAction@RECOMMEND_SR_KEY\n\t&& sourceAction@CARRS_ACTION_ID == CesAction@CARRS_ACTION_ID,\n\tjoinType:'left',\n\tbroadcast: 'auto')~> JoinCESAction\nFilter1 alterRow(upsertIf(true())) ~> AlterRow2\nDerivedColumn1 filter(!(isNull(sourceAction@RECOMMEND_SR_KEY) && isNull(ACTION_NUM)  &&  DELETED_FLG == 'Y')) ~> Filter1\nJoinCESAction derive(ISACTIVE = iif(DELETED_FLG == 'N', 1, 0),\n\t\tCREATED_USER_CUSTOM = iif(isNull(ACTION_SR_KEY), 'CARRS', CesAction@CREATED_USER),\n\t\tCREATED_DATE_CUSTOM = iif(isNull(ACTION_SR_KEY), currentUTC(), CesAction@CREATED_DATE),\n\t\tMODIFIED_USER_CUSTOM = iif(isNull(ACTION_SR_KEY), toString(null()), 'CARRS'),\n\t\tMODIFIED_DATE_CUSTOM = iif(isNull(ACTION_SR_KEY), toTimestamp(''), currentUTC())) ~> DerivedColumn1\nAlterRow2 sink(allowSchemaDrift: true,\n\tvalidateSchema: false,\n\tdeletable:false,\n\tinsertable:false,\n\tupdateable:false,\n\tupsertable:true,\n\tkeys:['CARRS_ACTION_ID'],\n\tformat: 'table',\n\tskipDuplicateMapInputs: true,\n\tskipDuplicateMapOutputs: true,\n\terrorHandlingOption: 'stopOnFirstError',\n\tmapColumn(\n\t\tRECOMMEND_SR_KEY = sourceAction@RECOMMEND_SR_KEY,\n\t\tRECOMMEND_ID,\n\t\tRECOMMEND_NUM,\n\t\tACTION_NUM,\n\t\tWORK_CATEGORY,\n\t\tPRIORITY_YEAR,\n\t\tRISK_SCORE,\n\t\tEXTENT,\n\t\tQUANTITY_UNIT,\n\t\tSEVERITY,\n\t\tPROBABILITY,\n\t\tDESCRIPTION = sourceAction@DESCRIPTION,\n\t\tLOCATION,\n\t\tQUANTITY,\n\t\tESTIMATED_COST,\n\t\tNOTES,\n\t\tCARRS_ACTION_ID = sourceAction@CARRS_ACTION_ID,\n\t\tDELETED_FLG,\n\t\tWORK_STATUS,\n\t\tWORK_TYPE,\n\t\tRECOMMEND_SR_KEY = CesAction@RECOMMEND_SR_KEY,\n\t\tDESCRIPTION = CesAction@DESCRIPTION,\n\t\tISACTIVE,\n\t\tCREATED_USER = CREATED_USER_CUSTOM,\n\t\tCREATED_DATE = CREATED_DATE_CUSTOM,\n\t\tUPDATED_USER = MODIFIED_USER_CUSTOM,\n\t\tUPDATED_DATE = MODIFIED_DATE_CUSTOM\n\t)) ~> sinkActionDestination"
		}
	}
}