{
	"name": "dataflow_ces_Recommendation_Sync_Load",
	"properties": {
		"folder": {
			"name": "CARRS/Recommendation"
		},
		"type": "MappingDataFlow",
		"typeProperties": {
			"sources": [
				{
					"dataset": {
						"referenceName": "ds_adlsgen2_Common_parquet",
						"type": "DatasetReference"
					},
					"name": "sourceRecommendation"
				},
				{
					"dataset": {
						"referenceName": "ds_sql_common_SQLQuery",
						"type": "DatasetReference"
					},
					"name": "CesRecommendation"
				}
			],
			"sinks": [
				{
					"dataset": {
						"referenceName": "ds_adlsgen2_Common_TableInsertUpdate",
						"type": "DatasetReference"
					},
					"name": "sinkRecommendationDestination"
				}
			],
			"transformations": [
				{
					"name": "JoinCESExamSummary"
				},
				{
					"name": "AlterRow2"
				},
				{
					"name": "Filter1"
				},
				{
					"name": "DerivedColumn1"
				}
			],
			"script": "source(output(\n\t\tEXAM_SR_KEY as decimal(18,0),\n\t\tRECOMMEND_NUM as decimal(9,0),\n\t\tRECOMMEND_ID as decimal(9,0),\n\t\tRCMN_STATUS as decimal(18,0),\n\t\tPRIORITY_YEAR as decimal(18,0),\n\t\tWORK_CATEGORY as decimal(18,0),\n\t\tRISK_SCORE as string,\n\t\tSEVERITY as string,\n\t\tPROBABILITY as string,\n\t\tEXTENT as string,\n\t\tQUANTITY_UNIT as string,\n\t\tCREATED_USER as string,\n\t\tCREATED_DATE as timestamp,\n\t\tRECOMMEND_DESC as string,\n\t\tLOC_DESC as string,\n\t\tRECOMMEND_QTY as decimal(9,2),\n\t\tESTIMATED_COST_AMT as decimal(9,1),\n\t\tDELETED_FLG as string\n\t),\n\tallowSchemaDrift: true,\n\tvalidateSchema: false,\n\tignoreNoFilesFound: false,\n\tformat: 'parquet') ~> sourceRecommendation\nsource(output(\n\t\tExam_SR_Key as decimal(18,0),\n\t\tRCMN_NUM as decimal(18,0),\n\t\tDESCRIPTION as string,\n\t\tLOCATION as string,\n\t\tCREATED_USER as string,\n\t\tCREATED_DATE as timestamp\n\t),\n\tallowSchemaDrift: true,\n\tvalidateSchema: false,\n\tisolationLevel: 'READ_UNCOMMITTED',\n\tquery: 'Select Exam_SR_Key,RCMN_NUM,DESCRIPTION,LOCATION,CREATED_USER,CREATED_DATE from CES.Recommendation',\n\tformat: 'query') ~> CesRecommendation\nsourceRecommendation, CesRecommendation join(sourceRecommendation@EXAM_SR_KEY == CesRecommendation@Exam_SR_Key\n\t&& RECOMMEND_NUM == RCMN_NUM\n\t&& lower(trim(RECOMMEND_DESC)) == lower(trim(DESCRIPTION)),\n\tjoinType:'left',\n\tbroadcast: 'auto')~> JoinCESExamSummary\nFilter1 alterRow(upsertIf(true())) ~> AlterRow2\nDerivedColumn1 filter(!(isNull(CesRecommendation@Exam_SR_Key) && isNull(RCMN_NUM) && isNull(DESCRIPTION) && DELETED_FLG == 'Y')) ~> Filter1\nJoinCESExamSummary derive(ISACTIVE = iif(DELETED_FLG == 'N', 1, 0),\n\t\tCREATED_USER_CUSTOM = iif(isNull(CesRecommendation@CREATED_USER), 'CARRS', CesRecommendation@CREATED_USER),\n\t\tCREATED_DATE_CUSTOM = iif(isNull(CesRecommendation@CREATED_DATE), currentUTC(), CesRecommendation@CREATED_DATE),\n\t\tMODIFIED_USER_CUSTOM = iif(isNull(CesRecommendation@CREATED_USER), toString(null()), 'CARRS'),\n\t\tMODIFIED_DATE_CUSTOM = iif(isNull(CesRecommendation@CREATED_USER), toTimestamp(''), currentUTC())) ~> DerivedColumn1\nAlterRow2 sink(allowSchemaDrift: true,\n\tvalidateSchema: false,\n\tdeletable:false,\n\tinsertable:false,\n\tupdateable:false,\n\tupsertable:true,\n\tkeys:['EXAM_SR_KEY','RCMN_NUM','DESCRIPTION'],\n\tformat: 'table',\n\tskipDuplicateMapInputs: true,\n\tskipDuplicateMapOutputs: true,\n\terrorHandlingOption: 'stopOnFirstError',\n\tmapColumn(\n\t\tEXAM_SR_KEY = sourceRecommendation@EXAM_SR_KEY,\n\t\tISACTIVE,\n\t\tCARRS_RECOMMEND_ID = RECOMMEND_ID,\n\t\tESTIMATED_COST = ESTIMATED_COST_AMT,\n\t\tQUANTITY = RECOMMEND_QTY,\n\t\tQUANTITY_UNIT,\n\t\tEXTENT,\n\t\tPROBABILITY,\n\t\tSEVERITY,\n\t\tRISK_SCORE,\n\t\tWORK_CATEGORY,\n\t\tLOCATION = LOC_DESC,\n\t\tPRIORITY_YEAR,\n\t\tDESCRIPTION = RECOMMEND_DESC,\n\t\tRCMN_STATUS,\n\t\tRCMN_NUM = RECOMMEND_NUM,\n\t\tCREATED_USER = CREATED_USER_CUSTOM,\n\t\tCREATED_DATE = CREATED_DATE_CUSTOM,\n\t\tUPDATED_USER = MODIFIED_USER_CUSTOM,\n\t\tUPDATED_DATE = MODIFIED_DATE_CUSTOM\n\t)) ~> sinkRecommendationDestination"
		}
	}
}