{
	"name": "dataflow1",
	"properties": {
		"type": "MappingDataFlow",
		"typeProperties": {
			"sources": [
				{
					"dataset": {
						"referenceName": "ds_adlsgen2_json",
						"type": "DatasetReference"
					},
					"name": "source1"
				}
			],
			"sinks": [
				{
					"dataset": {
						"referenceName": "ds_sql_Insert_ExamCycle",
						"type": "DatasetReference"
					},
					"name": "sink1"
				}
			],
			"transformations": [],
			"script": "source(allowSchemaDrift: true,\n\tvalidateSchema: false,\n\tignoreNoFilesFound: false,\n\tdocumentForm: 'documentPerLine') ~> source1\nsource1 sink(allowSchemaDrift: true,\n\tvalidateSchema: false,\n\tinput(\n\t\tEXAM_CYCLE_SR_KEY as decimal(18,0),\n\t\tASSET_GUID as string,\n\t\tEXAM_TYPE_SR_KEY as decimal(18,0),\n\t\tBIRTHDAY_DAY as decimal(5,0),\n\t\tBIRTHDAY_MONTH as decimal(5,0),\n\t\tINTERVAL_DAYS as decimal(5,0),\n\t\tINTERVAL_MONTHS as decimal(5,0),\n\t\tINTERVAL_YEARS as decimal(5,0),\n\t\tWORK_SR_KEY as decimal(18,0),\n\t\tNEXT_EXAM_DUE_DATE as date,\n\t\tLAST_EXAM_ID as decimal(18,0),\n\t\tLAST_EXAM_DATE as date,\n\t\tSUPPLIER_SR_KEY as decimal(18,0),\n\t\tEXAM_REQUIREMENT as string,\n\t\tINTERNAL_NOTES as string,\n\t\tCOMMENT_TO_SEC as string,\n\t\tISACTIVE as boolean,\n\t\tCREATED_USER as string,\n\t\tCREATED_DATE as timestamp,\n\t\tUPDATED_USER as string,\n\t\tUPDATED_DATE as timestamp\n\t),\n\tdeletable:false,\n\tinsertable:true,\n\tupdateable:false,\n\tupsertable:false,\n\tformat: 'table',\n\tskipDuplicateMapInputs: true,\n\tskipDuplicateMapOutputs: true,\n\terrorHandlingOption: 'stopOnFirstError') ~> sink1"
		}
	}
}