{
	"name": "dataflow_ces_Exam_Group_Asset_Map_Migration_Transformation",
	"properties": {
		"folder": {
			"name": "CARRS/Exam_Group_Asset_Map"
		},
		"type": "MappingDataFlow",
		"typeProperties": {
			"sources": [
				{
					"dataset": {
						"referenceName": "ds_adlsgen2_Common_parquet",
						"type": "DatasetReference"
					},
					"name": "sourceExamGroupElement"
				},
				{
					"dataset": {
						"referenceName": "ds_SQL_common_query",
						"type": "DatasetReference"
					},
					"name": "sourceCesExamGroup"
				},
				{
					"dataset": {
						"referenceName": "ds_adlsgen2_Common_parquet",
						"type": "DatasetReference"
					},
					"name": "sourceCarrsElement"
				}
			],
			"sinks": [
				{
					"dataset": {
						"referenceName": "ds_adlsgen2_Insert_Parquet",
						"type": "DatasetReference"
					},
					"name": "sinkExamGroupAssetMap"
				}
			],
			"transformations": [
				{
					"name": "JoinForAssetFromElementID"
				},
				{
					"name": "JoinExamGroupSRKey"
				},
				{
					"name": "SelectColumns"
				},
				{
					"name": "DerivedColumn1"
				},
				{
					"name": "SelectCarrsElement"
				}
			],
			"script": "source(output(\n\t\tDELETED_FLG as string,\n\t\tROW_VER as decimal(22,0),\n\t\tMODIFIED_BY_USER_ID as string,\n\t\tMODIFIED_DATE as timestamp,\n\t\tELEMENT_ID as decimal(22,0),\n\t\tEXAM_GROUP_ID as decimal(22,0)\n\t),\n\tallowSchemaDrift: true,\n\tvalidateSchema: false,\n\tignoreNoFilesFound: false,\n\tformat: 'parquet') ~> sourceExamGroupElement\nsource(output(\n\t\texam_group_sr_key as decimal(18,0),\n\t\tcarrs_exam_group_id as decimal(18,0),\n\t\tloc_at_asset_guid as string\n\t),\n\tallowSchemaDrift: true,\n\tvalidateSchema: false,\n\tisolationLevel: 'READ_UNCOMMITTED',\n\tquery: 'select exam_group_sr_key,carrs_exam_group_id,loc_at_asset_guid from ces.exam_group',\n\tformat: 'query') ~> sourceCesExamGroup\nsource(output(\n\t\tELEMENT_ID as decimal(22,0),\n\t\tCAI_GUID as string,\n\t\tPARENT_ELEMENT_ID as decimal(22,0),\n\t\tELEMENT_NAME as string,\n\t\tSTART_OS_REF as string,\n\t\tEND_OS_REF as string,\n\t\tNR_LIABILITY_TEXT as string,\n\t\tSENSITIVE_FLG as string,\n\t\tSENSITIVE_REASON_TEXT as string,\n\t\tLISTED_FLG as string,\n\t\tCONSTR_DETAIL_TEXT as string,\n\t\tMATERIAL_ID as decimal(22,0),\n\t\tROUTE_TYPE_ID as decimal(22,0),\n\t\tAGG_TRACK_CAT_ID as decimal(22,0),\n\t\tROUTE_POLICY_REF_FLG as string,\n\t\tSTRUCT_POLICY_REF_FLG as string,\n\t\tRAILWAY_TYPE_ID as decimal(22,0),\n\t\tTRAIN_SERVICE_ID as decimal(22,0),\n\t\tROAD_NUM_TEXT as string,\n\t\tRIGHT_OF_WAY_ID as decimal(22,0),\n\t\tLISTING_TYPE_ID as decimal(22,0),\n\t\tLISTING_COUNTY_ID as decimal(22,0),\n\t\tLISTING_DISTRICT_ID as decimal(22,0),\n\t\tLISTING_DESIGNATED_DATE as date,\n\t\tLISTING_REMARKS_TEXT as string,\n\t\tCONSTR_YEAR_NUM as decimal(22,0),\n\t\tELEMENT_LENGTH_TEXT as string,\n\t\tELEMENT_DEPTH_TEXT as string,\n\t\tELEMENT_WIDTH_TEXT as string,\n\t\tIRRIG_CONTACT_NAME as string,\n\t\tRECONSTR_YEAR_NUM as decimal(22,0),\n\t\tLAT_POS_ID as decimal(22,0),\n\t\tELEMENT_TYPE_ID as decimal(22,0),\n\t\tOP_STATUS_ID as decimal(22,0),\n\t\tAREA_ID as decimal(22,0),\n\t\tMODIFIED_DATE as timestamp,\n\t\tMODIFIED_BY_USER_ID as string,\n\t\tROW_VER as decimal(22,0),\n\t\tLATEST_SCMI_SCORE_VAL as decimal(22,0),\n\t\tNOTE_TEXT as string,\n\t\tIDENT_TRACK_ID as string,\n\t\tDELETED_FLG as string,\n\t\tTERRITORY_ID as decimal(22,0),\n\t\tMAJ_STRUCT_FLG as string,\n\t\tLATEST_SCMI_SCORE_DATE as date,\n\t\tCALCULATED_PERIOD as decimal(22,0),\n\t\tCALCULATED_PERIOD_DAY as decimal(22,0),\n\t\tCALCULATED_PERIOD_MONTH as decimal(22,0),\n\t\tCALCULATED_PERIOD_YEAR as decimal(22,0),\n\t\tCALCULATED_RISK_LEVEL_ID as decimal(22,0),\n\t\tCAPABILITY_ID as decimal(22,0),\n\t\tPERIOD_DAY as decimal(22,0),\n\t\tPERIOD_MONTH as decimal(22,0),\n\t\tPERIOD_YEAR as decimal(22,0),\n\t\tRISK_CODE_ID as decimal(22,0),\n\t\tRISK_LEVEL_ID as decimal(22,0),\n\t\tSECONDARY_MATERIAL_ID as decimal(22,0),\n\t\tSTRUC_FORM_ID as decimal(22,0),\n\t\tOUTSIDE_PARTY_ID as decimal(22,0),\n\t\tCOST_RECOVERABLE as string,\n\t\tANNUAL_MAINT_RENEWAL_CHARGE as string\n\t),\n\tallowSchemaDrift: true,\n\tvalidateSchema: false,\n\tignoreNoFilesFound: false,\n\tformat: 'parquet') ~> sourceCarrsElement\nsourceExamGroupElement, SelectCarrsElement join(sourceExamGroupElement@ELEMENT_ID == SelectCarrsElement@ELEMENT_ID,\n\tjoinType:'inner',\n\tbroadcast: 'auto')~> JoinForAssetFromElementID\nJoinForAssetFromElementID, sourceCesExamGroup join(EXAM_GROUP_ID == carrs_exam_group_id,\n\tjoinType:'inner',\n\tbroadcast: 'auto')~> JoinExamGroupSRKey\nDerivedColumn1 select(mapColumn(\n\t\tEXAM_GROUP_SR_KEY = exam_group_sr_key,\n\t\tASSET_GUID = loc_at_asset_guid,\n\t\tCREATED_USER,\n\t\tCREATED_DATE\n\t),\n\tskipDuplicateMapInputs: true,\n\tskipDuplicateMapOutputs: true) ~> SelectColumns\nJoinExamGroupSRKey derive(CREATED_DATE = currentUTC(),\n\t\tCREATED_USER = 'CARRS') ~> DerivedColumn1\nsourceCarrsElement select(mapColumn(\n\t\tELEMENT_ID,\n\t\tCAI_GUID\n\t),\n\tskipDuplicateMapInputs: true,\n\tskipDuplicateMapOutputs: true) ~> SelectCarrsElement\nSelectColumns sink(allowSchemaDrift: true,\n\tvalidateSchema: false,\n\tformat: 'parquet',\n\tpartitionFileNames:[(concat('CES_Exam_Group_Asset_Map_',toString(currentUTC(),'yyyyMMdd'),'.parquet'))],\n\tpartitionBy('hash', 1),\n\tskipDuplicateMapInputs: true,\n\tskipDuplicateMapOutputs: true) ~> sinkExamGroupAssetMap"
		}
	}
}