{
	"name": "dataflow_ces_Exam_Sync_Insert_Load",
	"properties": {
		"folder": {
			"name": "CARRS/Exam"
		},
		"type": "MappingDataFlow",
		"typeProperties": {
			"sources": [
				{
					"dataset": {
						"referenceName": "ds_adlsgen2_Common_parquet",
						"type": "DatasetReference"
					},
					"name": "sourceExamination"
				}
			],
			"sinks": [
				{
					"dataset": {
						"referenceName": "ds_sql_Insert_Exam_STG",
						"type": "DatasetReference"
					},
					"name": "sinkExam"
				}
			],
			"transformations": [
				{
					"name": "DerivedColumn2"
				},
				{
					"name": "AlterRow3"
				},
				{
					"name": "Select4"
				}
			],
			"script": "parameters{\n\tCuratedjsonFileName as string\n}\nsource(output(\n\t\tEXAM_ID as decimal(22,0),\n\t\tASSET_GUID as string,\n\t\tEXAM_GROUP_SR_KEY as decimal(18,0),\n\t\tEXAM_BASELINE_DATE as date,\n\t\tEXAM_PLANNED_DATE as date,\n\t\tEXAM_ACTUAL_DATE as date,\n\t\tENTERED_DATE as date,\n\t\tEXAM_SUBMISSION_DATE as date,\n\t\tEXAM_REVIEW_DATE as date,\n\t\tEXAM_SIGNOFF_DATE as date,\n\t\tINTERNAL_NOTES as string,\n\t\tCOMMENT_TO_SEC as string,\n\t\tEXAM_TYPE_SR_KEY as decimal(18,0),\n\t\tEXAM_REQ_STATUS as decimal(18,0),\n\t\tEXAM_REPORT_STATUS as decimal(18,0),\n\t\tEXAM_REPORT_STATUS_VALUE as string,\n\t\tEXAM_COMPLETED_IND as string,\n\t\tEXAMINER_NAME as string,\n\t\tEXAMINER_COMMENT as string,\n\t\tREVIEWER_NAME as string,\n\t\tREVIEWER_COMMENT as string,\n\t\tSUPPLIER_SR_KEY as decimal(18,0),\n\t\tSUPPLIER_REPORT_FILENAME as string,\n\t\tCMI_SCORE as decimal(22,0),\n\t\tCMI_DATE as date,\n\t\tSTRUC_DESCRIPTION as string,\n\t\tAT_OR_BETWEEN_STATIONS as string,\n\t\tSPAN_TEXT as string,\n\t\tMigration_CREATED_USER as string,\n\t\tMigration_CREATED_DATE as timestamp,\n\t\tDELETED_FLG as string,\n\t\tEXAM_TYPE_DESC as string,\n\t\tEXAM_REQUIREMENT as string\n\t),\n\tallowSchemaDrift: true,\n\tvalidateSchema: false,\n\tignoreNoFilesFound: false,\n\tformat: 'parquet') ~> sourceExamination\nSelect4 derive(DC_CreatedUser = 'CES',\n\t\tDC_CreatedDate = currentUTC(),\n\t\tIS_LAST_EXAM = 'N') ~> DerivedColumn2\nDerivedColumn2 alterRow(insertIf(true())) ~> AlterRow3\nsourceExamination select(mapColumn(\n\t\tEXAM_ID,\n\t\tASSET_GUID,\n\t\tEXAM_GROUP_SR_KEY,\n\t\tEXAM_BASELINE_DATE,\n\t\tEXAM_PLANNED_DATE,\n\t\tEXAM_ACTUAL_DATE,\n\t\tEXAM_SUBMISSION_DATE,\n\t\tEXAM_REVIEW_DATE,\n\t\tEXAM_SIGNOFF_DATE,\n\t\tINTERNAL_NOTES,\n\t\tCOMMENT_TO_SEC,\n\t\tEXAM_TYPE_SR_KEY,\n\t\tEXAM_REQ_STATUS,\n\t\tEXAM_REPORT_STATUS,\n\t\tEXAM_REPORT_STATUS_VALUE,\n\t\tEXAM_COMPLETED_IND,\n\t\tEXAMINER_NAME,\n\t\tEXAMINER_COMMENT,\n\t\tREVIEWER_NAME,\n\t\tREVIEWER_COMMENT,\n\t\tSUPPLIER_SR_KEY,\n\t\tSUPPLIER_REPORT_FILENAME,\n\t\tCMI_SCORE,\n\t\tCMI_DATE,\n\t\tSTRUC_DESCRIPTION,\n\t\tAT_OR_BETWEEN_STATIONS,\n\t\tSPAN_TEXT,\n\t\tMigration_CREATED_USER,\n\t\tMigration_CREATED_DATE,\n\t\tEXAM_REQUIREMENT\n\t),\n\tskipDuplicateMapInputs: true,\n\tskipDuplicateMapOutputs: true) ~> Select4\nAlterRow3 sink(allowSchemaDrift: true,\n\tvalidateSchema: false,\n\tinput(\n\t\tEXAM_ID as decimal(18,0),\n\t\tASSET_GUID as string,\n\t\tWORK_SR_KEY as decimal(18,0),\n\t\tEXAM_BASELINE_DATE as date,\n\t\tEXAM_PLANNED_DATE as date,\n\t\tEXAM_ACTUAL_DATE as date,\n\t\tEXAM_REVIEW_DATE as date,\n\t\tEXAM_SUBMISSION_DATE as date,\n\t\tEXAM_SIGNOFF_DATE as date,\n\t\tEXAM_TYPE_SR_KEY as decimal(18,0),\n\t\tEXAM_REQ_STATUS as decimal(18,0),\n\t\tEXAM_REPORT_STATUS as decimal(18,0),\n\t\tEXAM_COMPLETED_IND as string,\n\t\tEXAMINER_NAME as string,\n\t\tEXAMINER_COMMENT as string,\n\t\tREVIEWER_NAME as string,\n\t\tREVIEWER_COMMENT as string,\n\t\tSUPPLIER_SR_KEY as decimal(18,0),\n\t\tSUPPLIER_REPORT_FILENAME as string,\n\t\tSUPPLIER_REPORT_REFERENCE as string,\n\t\tSUPPLIER_ZIP_FILENAME as string,\n\t\tINSTRUCTION as string,\n\t\tCMI_SCORE as decimal(3,0),\n\t\tCMI_DATE as date,\n\t\tPNE_FLAG as string,\n\t\tSTRUC_DESCRIPTION as string,\n\t\tAT_OR_BETWEEN_STATIONS as string,\n\t\tOBSERVED_UNDER_LOAD as boolean,\n\t\tSPAN_TEXT as string,\n\t\tINTERNAL_NOTES as string,\n\t\tCOMMENT_TO_SEC as string,\n\t\tCHANGE_REQ_ID as string,\n\t\tSUPPLIER_COMMENTS as string,\n\t\tIS_LAST_EXAM as string,\n\t\tEXAM_GROUP_SR_KEY as decimal(18,0),\n\t\tEXAM_REQUIREMENT as string,\n\t\tISACTIVE as boolean,\n\t\tCREATED_USER as string,\n\t\tCREATED_DATE as timestamp,\n\t\tUPDATED_USER as string,\n\t\tUPDATED_DATE as timestamp\n\t),\n\tdeletable:false,\n\tinsertable:true,\n\tupdateable:false,\n\tupsertable:false,\n\ttruncate:true,\n\tformat: 'table',\n\tskipDuplicateMapInputs: true,\n\tskipDuplicateMapOutputs: true,\n\tsaveOrder: 0,\n\terrorHandlingOption: 'stopOnFirstError',\n\tmapColumn(\n\t\tEXAM_ID,\n\t\tASSET_GUID,\n\t\tEXAM_BASELINE_DATE,\n\t\tEXAM_PLANNED_DATE,\n\t\tEXAM_ACTUAL_DATE,\n\t\tEXAM_REVIEW_DATE,\n\t\tEXAM_SUBMISSION_DATE,\n\t\tEXAM_SIGNOFF_DATE,\n\t\tEXAM_TYPE_SR_KEY,\n\t\tEXAM_REQ_STATUS,\n\t\tEXAM_REPORT_STATUS,\n\t\tEXAM_COMPLETED_IND,\n\t\tEXAMINER_NAME,\n\t\tEXAMINER_COMMENT,\n\t\tREVIEWER_NAME,\n\t\tREVIEWER_COMMENT,\n\t\tSUPPLIER_SR_KEY,\n\t\tSUPPLIER_REPORT_FILENAME,\n\t\tCMI_SCORE,\n\t\tCMI_DATE,\n\t\tSTRUC_DESCRIPTION,\n\t\tAT_OR_BETWEEN_STATIONS,\n\t\tSPAN_TEXT,\n\t\tINTERNAL_NOTES,\n\t\tCOMMENT_TO_SEC,\n\t\tEXAM_GROUP_SR_KEY,\n\t\tEXAM_REQUIREMENT,\n\t\tCREATED_USER = DC_CreatedUser,\n\t\tCREATED_DATE = DC_CreatedDate,\n\t\tIS_LAST_EXAM\n\t)) ~> sinkExam"
		}
	}
}