{
	"name": "dataflow_ces_XML_Raw",
	"properties": {
		"folder": {
			"name": "PostExamFiles"
		},
		"type": "MappingDataFlow",
		"typeProperties": {
			"sources": [
				{
					"dataset": {
						"referenceName": "ds_adlsgen2_Raw_XML",
						"type": "DatasetReference"
					},
					"name": "XMLsource"
				}
			],
			"sinks": [
				{
					"dataset": {
						"referenceName": "ds_adlsgen2_Insert_Parquet",
						"type": "DatasetReference"
					},
					"name": "sinkPNE"
				},
				{
					"dataset": {
						"referenceName": "ds_adlsgen2_Insert_Parquet",
						"type": "DatasetReference"
					},
					"name": "sinkDefect"
				},
				{
					"dataset": {
						"referenceName": "ds_adlsgen2_Insert_Parquet",
						"type": "DatasetReference"
					},
					"name": "sinkAccess"
				},
				{
					"dataset": {
						"referenceName": "ds_adlsgen2_Insert_Parquet",
						"type": "DatasetReference"
					},
					"name": "sinkImage"
				},
				{
					"dataset": {
						"referenceName": "ds_adlsgen2_Insert_Parquet",
						"type": "DatasetReference"
					},
					"name": "sinkRecommendation"
				},
				{
					"dataset": {
						"referenceName": "ds_adlsgen2_Insert_Parquet",
						"type": "DatasetReference"
					},
					"name": "sinkAsset"
				},
				{
					"dataset": {
						"referenceName": "ds_adlsgen2_Insert_Parquet",
						"type": "DatasetReference"
					},
					"name": "sinkExam"
				}
			],
			"transformations": [
				{
					"name": "FlattenPNE"
				},
				{
					"name": "FlattenDefect"
				},
				{
					"name": "FlattenAccess"
				},
				{
					"name": "FlattenRecommendations"
				},
				{
					"name": "FlattenFilePhotoDetails"
				},
				{
					"name": "FlattenAsset"
				},
				{
					"name": "SelectDefect"
				},
				{
					"name": "SelectPNE"
				},
				{
					"name": "SelectAccess"
				},
				{
					"name": "SelectImage"
				},
				{
					"name": "SelectRecommendation"
				},
				{
					"name": "SelectAsset"
				},
				{
					"name": "FlattenExam"
				},
				{
					"name": "SelectExam"
				},
				{
					"name": "DerivedColumn2"
				},
				{
					"name": "DerivedColumn3"
				},
				{
					"name": "DerivedColumn4"
				},
				{
					"name": "Select1"
				},
				{
					"name": "Select2"
				}
			],
			"script": "parameters{\n\tFilename as string\n}\nsource(output(\n\t\tExaminationSummaries as (ExaminationSummary as (AccessData as ({@CCTV} as string, {@ConfinedSpace} as string, {@Ladder} as boolean, {@LineBlock} as boolean, {@MEWP} as string, {@Possession} as boolean, {@RRV} as boolean, {@RopeAccess} as string, {@SafetyBoat} as string, {@Scaffold} as string, {@ThirdParty} as string, {@TrafficManagement} as string, {@WaterPermit} as string), Defects as (Defect as ({@AccessRequired} as boolean, {@Accessgained} as boolean, {@DefectDescription} as string, {@DefectID} as integer, {@DefectLocation} as string, {@DefectRiskScore} as short, {@Deterioration} as boolean, {@FlaggedforClosure} as boolean, {@MajorLocation} as string, {@MinorLocation} as string, {@RecommendationID} as short, {@RecommendationRaised} as string, {@Repaired} as boolean)[]), ExaminationSummaryData as (ExaminersGeneralComments as ({@examinersGeneralComments} as string, {@examiningEngineersComments} as string), PartsNotExamined as (PartNotExamined as ({@partName} as string, {@reasonNotExamined} as string)[]), Recommendations as (Recommendation as ({@description} as string, {@estimatedCost} as double, {@extent} as string, {@itemNumber} as short, {@location} as string, {@priorityYear} as string, {@probability} as short, {@quantity} as double, {@quantityUnit} as string, {@riskScore} as short, {@severity} as short, {@worksCategory} as string)[]), SignoffDetails as ({@dateSigned} as date, {@examinerName} as string, {@examiningEngineerName} as string)), FileDetails as ({@fileName} as string, {@filePath} as string), FilephotoDetails as (AssetGUID as string, ExamID as integer, PhotoDate as date, PhotoDescription as string, PhotoFileName as string, PhotoIndex as short, PhotoLink as string, PhotoType as string)[], HeaderData as ({@anyHiddenParts} as string, {@areaName} as string, {@assetGroup} as string, {@assetType} as string, {@assetUID} as string, {@atOrBetweenStations} as string, {@carrsExaminationID} as integer, {@completeExamination} as boolean, {@contractYear} as string, {@elr} as string, {@examDate} as date, {@examType} as string, {@milesFrom} as short, {@milesTo} as short, {@observedUnderLoad} as string, {@osReference} as string, {@reportFilename} as string, {@secName} as string, {@secReportReference} as string, {@spanText} as boolean, {@structureCarries} as string, {@structureDescription} as string, {@structureOver} as string, {@structureReference} as string, {@yardsFrom} as short, {@yardsTo} as short), StructureCondition as ({@scmiDate} as date, {@scmiScore} as short), StructureDetails as ({@primaryMaterial} as string, {@secondaryMaterial} as string, {@structuralForm} as string))[])\n\t),\n\tallowSchemaDrift: true,\n\tvalidateSchema: true,\n\tignoreNoFilesFound: false,\n\tvalidationMode: 'none',\n\tnamespaces: true) ~> XMLsource\nXMLsource foldDown(unroll(ExaminationSummaries.ExaminationSummary.ExaminationSummaryData.PartsNotExamined.PartNotExamined, ExaminationSummaries.ExaminationSummary.ExaminationSummaryData.PartsNotExamined.PartNotExamined),\n\tmapColumn(\n\t\tHeaderData = ExaminationSummaries.ExaminationSummary.HeaderData,\n\t\tPNE = ExaminationSummaries.ExaminationSummary.ExaminationSummaryData.PartsNotExamined.PartNotExamined\n\t),\n\tskipDuplicateMapInputs: false,\n\tskipDuplicateMapOutputs: false) ~> FlattenPNE\nXMLsource foldDown(unroll(ExaminationSummaries.ExaminationSummary.Defects.Defect, ExaminationSummaries.ExaminationSummary.Defects.Defect),\n\tmapColumn(\n\t\tDefect = ExaminationSummaries.ExaminationSummary.Defects.Defect,\n\t\tHeaderData = ExaminationSummaries.ExaminationSummary.HeaderData\n\t),\n\tskipDuplicateMapInputs: false,\n\tskipDuplicateMapOutputs: false) ~> FlattenDefect\nXMLsource foldDown(unroll(ExaminationSummaries.ExaminationSummary),\n\tmapColumn(\n\t\tAccess = ExaminationSummaries.ExaminationSummary.AccessData,\n\t\tHeaderData = ExaminationSummaries.ExaminationSummary.HeaderData\n\t),\n\tskipDuplicateMapInputs: false,\n\tskipDuplicateMapOutputs: false) ~> FlattenAccess\nXMLsource foldDown(unroll(ExaminationSummaries.ExaminationSummary.ExaminationSummaryData.Recommendations.Recommendation, ExaminationSummaries.ExaminationSummary.ExaminationSummaryData.Recommendations.Recommendation),\n\tmapColumn(\n\t\tRecommendations = ExaminationSummaries.ExaminationSummary.ExaminationSummaryData.Recommendations.Recommendation,\n\t\tHeaderData = ExaminationSummaries.ExaminationSummary.HeaderData\n\t),\n\tskipDuplicateMapInputs: false,\n\tskipDuplicateMapOutputs: false) ~> FlattenRecommendations\nXMLsource foldDown(unroll(ExaminationSummaries.ExaminationSummary.FilephotoDetails, ExaminationSummaries.ExaminationSummary.FilephotoDetails),\n\tmapColumn(\n\t\tFilePhotoDetails = ExaminationSummaries.ExaminationSummary.FilephotoDetails,\n\t\tHeaderData = ExaminationSummaries.ExaminationSummary.HeaderData\n\t),\n\tskipDuplicateMapInputs: false,\n\tskipDuplicateMapOutputs: false) ~> FlattenFilePhotoDetails\nXMLsource foldDown(unroll(ExaminationSummaries.ExaminationSummary),\n\tmapColumn(\n\t\tStruccondition = ExaminationSummaries.ExaminationSummary.StructureCondition,\n\t\tStructureDetails = ExaminationSummaries.ExaminationSummary.StructureDetails,\n\t\tHeaderData = ExaminationSummaries.ExaminationSummary.HeaderData\n\t),\n\tskipDuplicateMapInputs: false,\n\tskipDuplicateMapOutputs: false) ~> FlattenAsset\nFlattenDefect select(mapColumn(\n\t\tACCESS_GAINED = Defect.{@Accessgained},\n\t\tACCESS_REQUIRED = Defect.{@AccessRequired},\n\t\tRISK_SCORE = Defect.{@DefectRiskScore},\n\t\tDEFECT_DESCRIPTION = Defect.{@DefectDescription},\n\t\tDEFECT_ID = Defect.{@DefectID},\n\t\tDEFECT_LOCATION = Defect.{@DefectLocation},\n\t\tDETERIORATION = Defect.{@Deterioration},\n\t\tFLAG_FOR_CLOSURE = Defect.{@FlaggedforClosure},\n\t\tLOCATION_MAJOR = Defect.{@MajorLocation},\n\t\tLOCATION_MINOR = Defect.{@MinorLocation},\n\t\tRECOMMEND_RAISED = Defect.{@RecommendationRaised},\n\t\tREPAIRED = Defect.{@Repaired},\n\t\tXML_ASSET_GUID = HeaderData.{@assetUID},\n\t\tXML_EXAM_ID = HeaderData.{@carrsExaminationID},\n\t\tEXAM_TYPE = HeaderData.{@examType},\n\t\tEXAM_DATE = HeaderData.{@examDate},\n\t\tSUPPLIER_NAME = HeaderData.{@secName}\n\t),\n\tskipDuplicateMapInputs: true,\n\tskipDuplicateMapOutputs: true) ~> SelectDefect\nFlattenPNE select(mapColumn(\n\t\tEXAM_TYPE = HeaderData.{@examType},\n\t\tSUPPLIER_NAME = HeaderData.{@secName},\n\t\tXML_EXAM_ID = HeaderData.{@carrsExaminationID},\n\t\tXML_ASSET_GUID = HeaderData.{@assetUID},\n\t\tPNE_PART_NAME = PNE.{@partName},\n\t\tPNE_REASON = PNE.{@reasonNotExamined}\n\t),\n\tskipDuplicateMapInputs: true,\n\tskipDuplicateMapOutputs: true) ~> SelectPNE\nFlattenAccess select(mapColumn(\n\t\tCCTV = Access.{@CCTV},\n\t\tCONFINED_SPACE = Access.{@ConfinedSpace},\n\t\tLINE_BLOCK = Access.{@LineBlock},\n\t\tMEWP = Access.{@MEWP},\n\t\tPOSSESSION = Access.{@Possession},\n\t\tRRV = Access.{@RRV},\n\t\tROPE_ACCESS = Access.{@RopeAccess},\n\t\tSAFETY_BOAT = Access.{@SafetyBoat},\n\t\tSCAFFOLD = Access.{@Scaffold},\n\t\t{3RD_PARTY} = Access.{@ThirdParty},\n\t\tTRAFFIC_MNGT = Access.{@TrafficManagement},\n\t\tWATER_PERMIT = Access.{@WaterPermit},\n\t\tLADDER = Access.{@Ladder},\n\t\tELR = HeaderData.{@elr},\n\t\tSTRUC_REFERENCE = HeaderData.{@structureReference},\n\t\tXML_EXAM_ID = HeaderData.{@carrsExaminationID},\n\t\tXML_ASSET_GUID = HeaderData.{@assetUID},\n\t\tSUPPLIER_NAME = HeaderData.{@secName},\n\t\tEXAM_TYPE = HeaderData.{@examType}\n\t),\n\tskipDuplicateMapInputs: true,\n\tskipDuplicateMapOutputs: true) ~> SelectAccess\nFlattenFilePhotoDetails select(mapColumn(\n\t\tXML_ASSET_GUID = HeaderData.{@assetUID},\n\t\tXML_EXAM_ID = HeaderData.{@carrsExaminationID},\n\t\tDESCRIPTION = FilePhotoDetails.PhotoDescription,\n\t\tIMAGE_NAME = FilePhotoDetails.PhotoFileName,\n\t\tIMAGE_INDEX = FilePhotoDetails.PhotoIndex,\n\t\tIMAGE_TYPE = FilePhotoDetails.PhotoType,\n\t\tPHOTO_CREATED_DATE = FilePhotoDetails.PhotoDate,\n\t\tIMAGE_LINK = FilePhotoDetails.PhotoLink,\n\t\tSUPPLIER_NAME = HeaderData.{@secName},\n\t\tEXAM_TYPE = HeaderData.{@examType}\n\t),\n\tskipDuplicateMapInputs: true,\n\tskipDuplicateMapOutputs: true) ~> SelectImage\nFlattenRecommendations select(mapColumn(\n\t\tSUPPLIER_NAME = HeaderData.{@secName},\n\t\tXML_EXAM_ID = HeaderData.{@carrsExaminationID},\n\t\tRCMD_DESCRIPTION = Recommendations.{@description},\n\t\tESTIMATED_COST = Recommendations.{@estimatedCost},\n\t\tEXTENT = Recommendations.{@extent},\n\t\tRCMN_NUM = Recommendations.{@itemNumber},\n\t\tRCMD_LOCATION = Recommendations.{@location},\n\t\tPRIORITY_YEAR = Recommendations.{@priorityYear},\n\t\tPROBABILITY = Recommendations.{@probability},\n\t\tQUANTITY = Recommendations.{@quantity},\n\t\tQUANTITY_UNIT = Recommendations.{@quantityUnit},\n\t\tRISK_SCORE = Recommendations.{@riskScore},\n\t\tSEVERITY = Recommendations.{@severity},\n\t\tWORK_CATEGORY = Recommendations.{@worksCategory}\n\t),\n\tskipDuplicateMapInputs: true,\n\tskipDuplicateMapOutputs: true) ~> SelectRecommendation\nFlattenAsset select(mapColumn(\n\t\tASSET_GUID = HeaderData.{@assetUID},\n\t\tELR = HeaderData.{@elr},\n\t\tRAILWAY_ID = HeaderData.{@structureReference},\n\t\tANY_HIDDEN_PARTS = HeaderData.{@anyHiddenParts},\n\t\tSTRUCTURE_CARRIES = HeaderData.{@structureCarries},\n\t\tSTRUCTURE_OVER = HeaderData.{@structureOver},\n\t\tAREA_NAME = HeaderData.{@areaName},\n\t\tASSET_GROUP = HeaderData.{@assetGroup},\n\t\tASSET_TYPE = HeaderData.{@assetType},\n\t\tSTART_OS_GRID_REF = HeaderData.{@osReference},\n\t\tSTART_MILES = HeaderData.{@milesFrom},\n\t\tEND_MILES = HeaderData.{@milesTo},\n\t\tSTART_YARDS = HeaderData.{@yardsFrom},\n\t\tEND_YARDS = HeaderData.{@yardsTo},\n\t\tPRIMARY_MATERIAL = StructureDetails.{@primaryMaterial},\n\t\tSECONDARY_MATERIAL = StructureDetails.{@secondaryMaterial},\n\t\tSTRUCTURAL_FORM = StructureDetails.{@structuralForm},\n\t\tCMI_DATE = Struccondition.{@scmiDate},\n\t\tCMI_SCORE = Struccondition.{@scmiScore},\n\t\tSUPPLIER_NAME = HeaderData.{@secName}\n\t),\n\tskipDuplicateMapInputs: true,\n\tskipDuplicateMapOutputs: true) ~> SelectAsset\nXMLsource foldDown(unroll(ExaminationSummaries.ExaminationSummary, ExaminationSummaries.ExaminationSummary),\n\tmapColumn(\n\t\tSignoffDetails = ExaminationSummaries.ExaminationSummary.ExaminationSummaryData.SignoffDetails,\n\t\tFileDetails = ExaminationSummaries.ExaminationSummary.FileDetails,\n\t\tHeaderData = ExaminationSummaries.ExaminationSummary.HeaderData,\n\t\tStructureCondition = ExaminationSummaries.ExaminationSummary.StructureCondition,\n\t\tExaminersGeneralComments = ExaminationSummaries.ExaminationSummary.ExaminationSummaryData.ExaminersGeneralComments\n\t),\n\tskipDuplicateMapInputs: false,\n\tskipDuplicateMapOutputs: false) ~> FlattenExam\nFlattenExam select(mapColumn(\n\t\tXML_EXAM_ID = HeaderData.{@carrsExaminationID},\n\t\tEXAM_TYPE = HeaderData.{@examType},\n\t\tEXAM_ACTUAL_DATE = HeaderData.{@examDate},\n\t\tASSET_GUID = HeaderData.{@assetUID},\n\t\tSPAN_TEXT = HeaderData.{@spanText},\n\t\tXML_EXAM_COMPLETED_IND = HeaderData.{@completeExamination},\n\t\tSTRUC_DESCRIPTION = HeaderData.{@structureDescription},\n\t\tAT_OR_BETWEEN_STATIONS = HeaderData.{@atOrBetweenStations},\n\t\tOBSERVED_UNDER_LOAD = HeaderData.{@observedUnderLoad},\n\t\tCMI_DATE = StructureCondition.{@scmiDate},\n\t\tCMI_SCORE = StructureCondition.{@scmiScore},\n\t\tSUPPLIER_NAME = HeaderData.{@secName},\n\t\tEXAMINER_NAME = SignoffDetails.{@examinerName},\n\t\tEXAMINER_COMMENT = ExaminersGeneralComments.{@examinersGeneralComments},\n\t\tREVIEWER_COMMENT = ExaminersGeneralComments.{@examiningEngineersComments},\n\t\tREVIEWER_NAME = SignoffDetails.{@examiningEngineerName},\n\t\tEXAM_SIGNOFF_DATE = SignoffDetails.{@dateSigned},\n\t\tSUPPLIER_REPORT_FILENAME = FileDetails.{@fileName},\n\t\tSUPPLIER_REPORT_REFERENCE = FileDetails.{@filePath},\n\t\tSTART_MILES = HeaderData.{@milesFrom},\n\t\tELR = HeaderData.{@elr}\n\t),\n\tskipDuplicateMapInputs: true,\n\tskipDuplicateMapOutputs: true) ~> SelectExam\nSelectAccess derive(CCTV_der = iif(isNull(CCTV),'No',iif(toString(CCTV)=='true','Yes',iif(toString(CCTV)=='false','No',toString (CCTV)))),\n\t\tCONFINED_SPACE_der = iif(isNull(CONFINED_SPACE),'No',iif(toString(CONFINED_SPACE)=='true','Yes',iif(toString(CONFINED_SPACE)=='false','No',toString (CONFINED_SPACE)))),\n\t\tLINE_BLOCK_der = iif(isNull(LINE_BLOCK),'No',iif(toString(LINE_BLOCK)=='true','Yes',iif(toString(LINE_BLOCK)=='false','No',toString (LINE_BLOCK)))),\n\t\tLADDER_der = iif(isNull(LADDER),'No',iif(toString(LADDER)=='true','Yes',iif(toString(LADDER)=='false','No',toString (LADDER)))),\n\t\tMEWP_der = iif(isNull(MEWP),'No',iif(toString(MEWP)=='true','Yes',iif(toString(MEWP)=='false','No',toString (MEWP)))),\n\t\tPOSSESSION_der = iif(isNull(POSSESSION),'No',iif(toString(POSSESSION)=='true','Yes',iif(toString(POSSESSION)=='false','No',toString (POSSESSION)))),\n\t\tRRV_der = iif(isNull(RRV),'No',iif(toString(RRV)=='true','Yes',iif(toString(RRV)=='false','No',toString (RRV)))),\n\t\tROPE_ACCESS_der = iif(isNull(ROPE_ACCESS),'No',iif(toString(ROPE_ACCESS)=='true','Yes',iif(toString(ROPE_ACCESS)=='false','No',toString (ROPE_ACCESS)))),\n\t\tSAFETY_BOAT_der = iif(isNull(SAFETY_BOAT),'No',iif(toString(SAFETY_BOAT)=='true','Yes',iif(toString(SAFETY_BOAT)=='false','No',toString (SAFETY_BOAT)))),\n\t\tSCAFFOLD_der = iif(isNull(SCAFFOLD),'No',iif(toString(SCAFFOLD)=='true','Yes',iif(toString(SCAFFOLD)=='false','No',toString (SCAFFOLD)))),\n\t\t{3RD_PARTY_der} = iif(isNull({3RD_PARTY}),'No',iif(toString({3RD_PARTY})=='true','Yes',iif(toString({3RD_PARTY})=='false','No',toString ({3RD_PARTY})))),\n\t\tTRAFFIC_MNGT_der = iif(isNull(TRAFFIC_MNGT),'No',iif(toString(TRAFFIC_MNGT)=='true','Yes',iif(toString(TRAFFIC_MNGT)=='false','No',toString (TRAFFIC_MNGT)))),\n\t\tWATER_PERMIT_der = iif(isNull(WATER_PERMIT),'No',iif(toString(WATER_PERMIT)=='true','Yes',iif(toString(WATER_PERMIT)=='false','No',toString (WATER_PERMIT))))) ~> DerivedColumn2\nSelectDefect derive(ACCESS_GAINED_der = iif(toString(ACCESS_GAINED)=='true','Y',iif(toString(ACCESS_GAINED)=='false','N',toString (ACCESS_GAINED))),\n\t\tACCESS_REQUIRED_der = iif(isNull(ACCESS_REQUIRED),'N/A',iif(toString(ACCESS_REQUIRED)=='true','Y',iif(toString(ACCESS_REQUIRED)=='false','N',toString (ACCESS_REQUIRED)))),\n\t\tRISK_SCORE_der = toString(RISK_SCORE),\n\t\tREPAIRED_der = iif(toString(REPAIRED)=='true','Y',iif(toString(REPAIRED)=='false','N',toString (REPAIRED))),\n\t\tDETERIORATION_der = iif(toString(DETERIORATION)=='true','Y',iif(toString(DETERIORATION)=='false','N',toString (DETERIORATION))),\n\t\tLOCATION_MAJOR_der = iif(isNull(LOCATION_MAJOR),toString(null()),LOCATION_MAJOR),\n\t\tLOCATION_MINOR_der = iif(isNull(LOCATION_MINOR),toString(null()),LOCATION_MINOR),\n\t\tFLAG_FOR_CLOSURE_der = iif(toString(FLAG_FOR_CLOSURE)=='true','Y',iif(toString(FLAG_FOR_CLOSURE)=='false','N',toString (FLAG_FOR_CLOSURE)))) ~> DerivedColumn3\nSelectExam derive(XML_EXAM_COMPLETED_IND_STR = iif(XML_EXAM_COMPLETED_IND,'Y','N'),\n\t\tSPAN_TEXT_STR = iif(isNull(SPAN_TEXT), toString(null()) ,iif(toString(SPAN_TEXT)=='true','1',iif(toString(SPAN_TEXT)=='false','0',toString (SPAN_TEXT))))) ~> DerivedColumn4\nDerivedColumn4 select(mapColumn(\n\t\tXML_EXAM_ID,\n\t\tEXAM_TYPE,\n\t\tEXAM_ACTUAL_DATE,\n\t\tASSET_GUID,\n\t\tSPAN_TEXT = SPAN_TEXT_STR,\n\t\tXML_EXAM_COMPLETED_IND = XML_EXAM_COMPLETED_IND_STR,\n\t\tSTRUC_DESCRIPTION,\n\t\tAT_OR_BETWEEN_STATIONS,\n\t\tOBSERVED_UNDER_LOAD,\n\t\tCMI_DATE,\n\t\tCMI_SCORE,\n\t\tSUPPLIER_NAME,\n\t\tEXAMINER_NAME,\n\t\tEXAMINER_COMMENT,\n\t\tREVIEWER_COMMENT,\n\t\tREVIEWER_NAME,\n\t\tEXAM_SIGNOFF_DATE,\n\t\tSUPPLIER_REPORT_FILENAME,\n\t\tSUPPLIER_REPORT_REFERENCE,\n\t\tSTART_MILES,\n\t\tELR\n\t),\n\tskipDuplicateMapInputs: true,\n\tskipDuplicateMapOutputs: true) ~> Select1\nDerivedColumn2 select(mapColumn(\n\t\tCCTV = CCTV_der,\n\t\tCONFINED_SPACE = CONFINED_SPACE_der,\n\t\tLINE_BLOCK = LINE_BLOCK_der,\n\t\tMEWP = MEWP_der,\n\t\tPOSSESSION = POSSESSION_der,\n\t\tRRV = RRV_der,\n\t\tROPE_ACCESS = ROPE_ACCESS_der,\n\t\tSAFETY_BOAT = SAFETY_BOAT_der,\n\t\tSCAFFOLD = SCAFFOLD_der,\n\t\t{3RD_PARTY} = {3RD_PARTY_der},\n\t\tTRAFFIC_MNGT = TRAFFIC_MNGT_der,\n\t\tWATER_PERMIT = WATER_PERMIT_der,\n\t\tLADDER = LADDER_der,\n\t\tELR,\n\t\tSTRUC_REFERENCE,\n\t\tXML_EXAM_ID,\n\t\tXML_ASSET_GUID,\n\t\tSUPPLIER_NAME,\n\t\tEXAM_TYPE\n\t),\n\tskipDuplicateMapInputs: true,\n\tskipDuplicateMapOutputs: true) ~> Select2\nSelectPNE sink(allowSchemaDrift: true,\n\tvalidateSchema: false,\n\tformat: 'parquet',\n\tpartitionFileNames:[(concat($Filename,'_PNE.parquet'))],\n\tmapColumn(\n\t\tEXAM_TYPE,\n\t\tSUPPLIER_NAME,\n\t\tXML_EXAM_ID,\n\t\tXML_ASSET_GUID,\n\t\tPNE_PART_NAME,\n\t\tPNE_REASON\n\t),\n\tpartitionBy('hash', 1),\n\tskipDuplicateMapInputs: true,\n\tskipDuplicateMapOutputs: true) ~> sinkPNE\nDerivedColumn3 sink(allowSchemaDrift: true,\n\tvalidateSchema: false,\n\tformat: 'parquet',\n\tpartitionFileNames:[(concat($Filename,'_Defect.parquet'))],\n\tmapColumn(\n\t\tACCESS_GAINED = ACCESS_GAINED_der,\n\t\tACCESS_REQUIRED = ACCESS_REQUIRED_der,\n\t\tRISK_SCORE = RISK_SCORE_der,\n\t\tDEFECT_DESCRIPTION,\n\t\tDEFECT_ID,\n\t\tDEFECT_LOCATION,\n\t\tDETERIORATION = DETERIORATION_der,\n\t\tFLAG_FOR_CLOSURE = FLAG_FOR_CLOSURE_der,\n\t\tLOCATION_MAJOR = LOCATION_MAJOR_der,\n\t\tLOCATION_MINOR = LOCATION_MINOR_der,\n\t\tRECOMMEND_RAISED,\n\t\tREPAIRED = REPAIRED_der,\n\t\tXML_ASSET_GUID,\n\t\tXML_EXAM_ID,\n\t\tEXAM_TYPE,\n\t\tEXAM_DATE,\n\t\tSUPPLIER_NAME\n\t),\n\tpartitionBy('hash', 1),\n\tskipDuplicateMapInputs: true,\n\tskipDuplicateMapOutputs: true) ~> sinkDefect\nSelect2 sink(allowSchemaDrift: true,\n\tvalidateSchema: false,\n\tformat: 'parquet',\n\tpartitionFileNames:[(concat($Filename,'_Access.parquet'))],\n\tmapColumn(\n\t\tCCTV,\n\t\tCONFINED_SPACE,\n\t\tLINE_BLOCK,\n\t\tMEWP,\n\t\tPOSSESSION,\n\t\tRRV,\n\t\tROPE_ACCESS,\n\t\tSAFETY_BOAT,\n\t\tSCAFFOLD,\n\t\t{3RD_PARTY},\n\t\tTRAFFIC_MNGT,\n\t\tWATER_PERMIT,\n\t\tLADDER,\n\t\tELR,\n\t\tSTRUC_REFERENCE,\n\t\tXML_EXAM_ID,\n\t\tXML_ASSET_GUID,\n\t\tSUPPLIER_NAME,\n\t\tEXAM_TYPE\n\t),\n\tpartitionBy('hash', 1),\n\tskipDuplicateMapInputs: true,\n\tskipDuplicateMapOutputs: true) ~> sinkAccess\nSelectImage sink(allowSchemaDrift: true,\n\tvalidateSchema: false,\n\tformat: 'parquet',\n\tpartitionFileNames:[(concat($Filename,'_Image.parquet'))],\n\tmapColumn(\n\t\tXML_ASSET_GUID,\n\t\tXML_EXAM_ID,\n\t\tDESCRIPTION,\n\t\tIMAGE_NAME,\n\t\tIMAGE_INDEX,\n\t\tIMAGE_TYPE,\n\t\tPHOTO_CREATED_DATE,\n\t\tIMAGE_LINK,\n\t\tSUPPLIER_NAME,\n\t\tEXAM_TYPE\n\t),\n\tpartitionBy('hash', 1),\n\tskipDuplicateMapInputs: true,\n\tskipDuplicateMapOutputs: true) ~> sinkImage\nSelectRecommendation sink(allowSchemaDrift: true,\n\tvalidateSchema: false,\n\tformat: 'parquet',\n\tpartitionFileNames:[(concat($Filename,'_Recommendation.parquet'))],\n\tmapColumn(\n\t\tSUPPLIER_NAME,\n\t\tXML_EXAM_ID,\n\t\tRCMD_DESCRIPTION,\n\t\tESTIMATED_COST,\n\t\tEXTENT,\n\t\tRCMN_NUM,\n\t\tRCMD_LOCATION,\n\t\tPRIORITY_YEAR,\n\t\tPROBABILITY,\n\t\tQUANTITY,\n\t\tQUANTITY_UNIT,\n\t\tRISK_SCORE,\n\t\tSEVERITY,\n\t\tWORK_CATEGORY\n\t),\n\tpartitionBy('hash', 1),\n\tskipDuplicateMapInputs: true,\n\tskipDuplicateMapOutputs: true) ~> sinkRecommendation\nSelectAsset sink(allowSchemaDrift: true,\n\tvalidateSchema: false,\n\tformat: 'parquet',\n\tpartitionFileNames:[(concat($Filename,'_Asset.parquet'))],\n\tmapColumn(\n\t\tASSET_GUID,\n\t\tELR,\n\t\tRAILWAY_ID,\n\t\tANY_HIDDEN_PARTS,\n\t\tSTRUCTURE_CARRIES,\n\t\tSTRUCTURE_OVER,\n\t\tAREA_NAME,\n\t\tASSET_GROUP,\n\t\tASSET_TYPE,\n\t\tSTART_OS_GRID_REF,\n\t\tSTART_MILES,\n\t\tEND_MILES,\n\t\tSTART_YARDS,\n\t\tEND_YARDS,\n\t\tPRIMARY_MATERIAL,\n\t\tSECONDARY_MATERIAL,\n\t\tSTRUCTURAL_FORM,\n\t\tCMI_DATE,\n\t\tCMI_SCORE,\n\t\tSUPPLIER_NAME\n\t),\n\tpartitionBy('hash', 1),\n\tskipDuplicateMapInputs: true,\n\tskipDuplicateMapOutputs: true) ~> sinkAsset\nSelect1 sink(allowSchemaDrift: true,\n\tvalidateSchema: false,\n\tformat: 'parquet',\n\tpartitionFileNames:[(concat($Filename,'_Exam.parquet'))],\n\tmapColumn(\n\t\tXML_EXAM_ID,\n\t\tEXAM_TYPE,\n\t\tEXAM_ACTUAL_DATE,\n\t\tASSET_GUID,\n\t\tSPAN_TEXT,\n\t\tXML_EXAM_COMPLETED_IND,\n\t\tSTRUC_DESCRIPTION,\n\t\tAT_OR_BETWEEN_STATIONS,\n\t\tOBSERVED_UNDER_LOAD,\n\t\tCMI_DATE,\n\t\tCMI_SCORE,\n\t\tSUPPLIER_NAME,\n\t\tEXAMINER_NAME,\n\t\tEXAMINER_COMMENT,\n\t\tREVIEWER_COMMENT,\n\t\tREVIEWER_NAME,\n\t\tEXAM_SIGNOFF_DATE,\n\t\tSUPPLIER_REPORT_FILENAME,\n\t\tSUPPLIER_REPORT_REFERENCE,\n\t\tSTART_MILES,\n\t\tELR\n\t),\n\tpartitionBy('hash', 1),\n\tskipDuplicateMapInputs: true,\n\tskipDuplicateMapOutputs: true) ~> sinkExam"
		}
	}
}