{
	"name": "dataflow_Tasklist_Raw_Curated",
	"properties": {
		"folder": {
			"name": "TASKLIST"
		},
		"type": "MappingDataFlow",
		"typeProperties": {
			"sources": [
				{
					"dataset": {
						"referenceName": "ds_adlsgen2_common_xlsx",
						"type": "DatasetReference"
					},
					"name": "SourceTaskList"
				},
				{
					"dataset": {
						"referenceName": "ds_SQL_common_query",
						"type": "DatasetReference"
					},
					"name": "CESAsset"
				},
				{
					"dataset": {
						"referenceName": "ds_SQL_common_query",
						"type": "DatasetReference"
					},
					"name": "sourceforexamtype"
				}
			],
			"sinks": [
				{
					"dataset": {
						"referenceName": "ds_adlsgen2_Insert_Parquet",
						"type": "DatasetReference"
					},
					"name": "DQSinkCurated"
				},
				{
					"dataset": {
						"referenceName": "ds_adlsgen2_common_sink_csv",
						"type": "DatasetReference"
					},
					"name": "DQSinkError"
				}
			],
			"transformations": [
				{
					"name": "JoinCES"
				},
				{
					"name": "ConditionalSplitMandatory"
				},
				{
					"name": "DCmandatoryError"
				},
				{
					"name": "ConditionalSplit2"
				},
				{
					"name": "ConditionalSplit3"
				},
				{
					"name": "DCCESValidationError"
				},
				{
					"name": "DCPlannedDateError"
				},
				{
					"name": "ExamdateValidation"
				},
				{
					"name": "DCExamDateError"
				},
				{
					"name": "Union1"
				},
				{
					"name": "Select1"
				},
				{
					"name": "Filter1"
				},
				{
					"name": "Select2"
				},
				{
					"name": "Select3"
				},
				{
					"name": "Selectforjson"
				},
				{
					"name": "Joinsourceexamtype"
				},
				{
					"name": "ConditionalSplitexamID"
				},
				{
					"name": "DCExamIDError"
				},
				{
					"name": "Select4"
				},
				{
					"name": "DerivedColumn1"
				}
			],
			"script": "parameters{\n\tOutputFileName as string,\n\tErrorFileName as string\n}\nsource(output(\n\t\tREGION as string,\n\t\tROUTE as string,\n\t\tAREA as string,\n\t\tELR as string,\n\t\tRAILWAY_ID as string,\n\t\tMILEAGE_FROM as double,\n\t\tMILEAGE_TO as double,\n\t\tASSET_GROUP as string,\n\t\tASSET_TYPE as string,\n\t\tASSET_DESCRIPTION as string,\n\t\tASSET_GUID as string,\n\t\tEXAM_ID as integer,\n\t\tEXAM_TYPE as string,\n\t\tEXAM_GROUP_ID as string,\n\t\tJOB_NUMBER as string,\n\t\tHCE as boolean,\n\t\tBCMI_REQUIRED as string,\n\t\tSPECIAL_REQUIREMENTS as string,\n\t\tNR_COMMENTS as string,\n\t\tTENANTED_ARCHES as string,\n\t\tEXAM_FREQUENCY as string,\n\t\t{REQUIRED_DATE(EARLIEST)} as string,\n\t\tREQUIRED_DATE as string,\n\t\t{REQUIRED_DATE(LATEST)} as string,\n\t\tMAX_TOLERANCE_DATE as string,\n\t\tTASK_LIST_STATUS as string,\n\t\tEXAM_REQUEST_STATUS as string,\n\t\tEXAM_REPORT_STATUS as string,\n\t\tPLANNED_DATE as string,\n\t\tEXAM_DATE as string,\n\t\tOTHER_COMMENT_FROM_SUPPLIER as string,\n\t\tCHANGE_REQUEST_ID as string\n\t),\n\tallowSchemaDrift: true,\n\tvalidateSchema: false,\n\tignoreNoFilesFound: false) ~> SourceTaskList\nsource(output(\n\t\tEXAM_ID as decimal(18,0),\n\t\tASSET_GUID as string,\n\t\tORG_SR_KEY as decimal(18,0),\n\t\tROUTE as string,\n\t\tENG_LINE_REF as decimal(18,0),\n\t\tELR_CODE as string,\n\t\tRAILWAY_ID as string\n\t),\n\tallowSchemaDrift: true,\n\tvalidateSchema: false,\n\tisolationLevel: 'READ_UNCOMMITTED',\n\tquery: 'Select EX.EXAM_ID, EX.ASSET_GUID, OG.ORG_SR_KEY, OG.ROUTE, ENG_LINE_REF, ELR.ELR_CODE, RAILWAY_ID  from CES.EXAM EX\\njoin CES.Asset AST ON AST.ASSET_GUID = EX.ASSET_GUID\\nJoin CES.ORG OG ON OG.ORG_SR_KEY = AST.ORG_SR_KEY\\nJoin CES.ENGINE_LINE_REF ELR ON ELR.ELR_SR_KEY = AST.ENG_LINE_REF',\n\tformat: 'query') ~> CESAsset\nsource(output(\n\t\tsrc_exam_id as decimal(18,0),\n\t\tsrc_asset_guid as string,\n\t\tscr_exam_type_sr_key as decimal(18,0),\n\t\tsrc_exam_type as string\n\t),\n\tallowSchemaDrift: true,\n\tvalidateSchema: false,\n\tisolationLevel: 'READ_UNCOMMITTED',\n\tquery: 'select ex.exam_id as src_exam_id,ex.asset_guid as src_asset_guid,ex.exam_type_sr_key as scr_exam_type_sr_key,ext.exam_type as src_exam_type \\nfrom ces.exam ex \\ninner join ces.exam_type ext on ex.exam_type_sr_key=ext.exam_type_sr_key',\n\tformat: 'query') ~> sourceforexamtype\nSelect3, CESAsset join({Exam ID} == EXAM_ID\n\t&& trim(lower(SourceRoute)) == lower(ROUTE)\n\t&& trim(lower(ELR)) == lower(ELR_CODE)\n\t&& trim(lower({Railway ID})) == lower(RAILWAY_ID)\n\t&& trim({Asset GUID}) == ASSET_GUID,\n\tjoinType:'left',\n\tbroadcast: 'auto')~> JoinCES\nSelect4 split(!(isNull(Route) || isNull(ELR) || isNull({Railway ID}) || isNull({Asset GUID}) || isNull({Exam ID}) || (isNull({Planned Date}) && isNull({Exam Date}))),\n\tdisjoint: false,\n\tpartitionBy('hash', 1)) ~> ConditionalSplitMandatory@(MandatoryValidRows, MandatoryInValidRows)\nConditionalSplitMandatory@MandatoryInValidRows derive(ErrorDesc = concat(\r\n    rtrim(\r\n        concat(\r\n            iif(isNull(Route), 'Route, ',''), \r\n            iif(isNull(ELR), 'ELR, ',''),\r\n            iif(isNull({Railway ID}), 'Railway ID, ',''),\r\n            iif(isNull({Asset GUID}), 'Asset GUID, ',''), \r\n            iif(isNull({Exam ID}), 'Exam ID, ',''),\r\n            iif(isNull({Planned Date}), 'Planned Date and Exam Date, ','')                   \r\n), ', '), ' is NULL')) ~> DCmandatoryError\nJoinCES split(!isNull(ASSET_GUID),\n\tdisjoint: false) ~> ConditionalSplit2@(validRows, InvalidRows)\nConditionalSplit2@validRows split(isNull({Planned Date}) || {Planned Date} >= currentDate('UTC'),\n\tdisjoint: false) ~> ConditionalSplit3@(PlannedDateValidRows, PlannedDateInValidRows)\nConditionalSplit2@InvalidRows derive(ErrorDesc = 'Asset GUID provided is not valid') ~> DCCESValidationError\nConditionalSplit3@PlannedDateInValidRows derive(ErrorDesc = 'The planned date cannot be in the past') ~> DCPlannedDateError\nConditionalSplit3@PlannedDateValidRows split(isNull({Exam Date}) || {Exam Date} <= currentDate('UTC'),\n\tdisjoint: false) ~> ExamdateValidation@(ExamDateValidRows, ExamDateInValidRows)\nExamdateValidation@ExamDateInValidRows derive(ErrorDesc = 'The exam date cannot be greater than current date') ~> DCExamDateError\nDCExamDateError, DCPlannedDateError, DCmandatoryError, DCCESValidationError, DCExamIDError union(byName: true)~> Union1\nUnion1 select(mapColumn(\n\t\tRegion,\n\t\tRoute = SourceRoute,\n\t\tArea,\n\t\tELR,\n\t\t{Railway ID},\n\t\t{Mileage from} = {Mileage From},\n\t\t{Mileage to} = {Mileage To},\n\t\t{Asset Group},\n\t\t{Asset Type},\n\t\t{Asset Description},\n\t\t{Asset GUID},\n\t\t{Exam ID},\n\t\t{Exam Type},\n\t\t{Job number} = {Job Number},\n\t\tHCE,\n\t\t{BCMI required} = {BCMI Required},\n\t\t{Special requirements} = {Special Requirements},\n\t\t{NR Comment},\n\t\t{Tenanted Arches},\n\t\t{Exam Frequency},\n\t\t{Due Date (earliest)} = {Required Date (Earliest)},\n\t\t{Due date} = {Required Date},\n\t\t{Due Date (latest)} = {Required Date (Latest)},\n\t\t{Max Tolerance Date},\n\t\t{Task List Status},\n\t\t{Exam Request Status},\n\t\t{Exam Report Status},\n\t\t{Planned Date},\n\t\t{Exam Date},\n\t\t{Other Comment From Supplier},\n\t\t{Change Request ID},\n\t\tErrorDesc\n\t),\n\tskipDuplicateMapInputs: true,\n\tskipDuplicateMapOutputs: true) ~> Select1\nSelect1 filter(!(isNull(Route) && isNull(ELR) && isNull({Railway ID}) && isNull({Mileage from}) && isNull({Mileage to}) \r\n&& isNull({Asset Group}) && isNull({Asset Type}) && isNull({Asset Description}) && isNull({Asset GUID}) && isNull({Exam ID}) && isNull({Job number}) && \r\nisNull(HCE) && isNull({BCMI required}) && isNull({Special requirements}) && isNull({Tenanted Arches}) && isNull({Exam Frequency}) && isNull({Due Date (earliest)}) \r\n&& isNull({Due date}) && isNull({Due Date (latest)}) && isNull({Max Tolerance Date}) && isNull({Task List Status}) \r\n&& isNull({Exam Request Status}) && isNull({Exam Report Status}) && isNull({Planned Date}) && isNull({Exam Date}) && isNull({Other Comment From Supplier}) && isNull({Change Request ID}) && isNull({Exam Type}))) ~> Filter1\nConditionalSplitexamID@ExamIDValid select(mapColumn(\n\t\tRoute = SourceRoute,\n\t\t{Exam Type} = src_exam_type,\n\t\tELR,\n\t\t{Railway ID},\n\t\t{Asset GUID},\n\t\t{Exam ID},\n\t\t{Planned Date},\n\t\t{Exam Date},\n\t\t{Other Comment From Supplier},\n\t\t{Change Request ID}\n\t),\n\tskipDuplicateMapInputs: true,\n\tskipDuplicateMapOutputs: true) ~> Select2\nConditionalSplitMandatory@MandatoryValidRows select(mapColumn(\n\t\tSourceRoute = Route,\n\t\tELR,\n\t\t{Railway ID},\n\t\t{Asset GUID},\n\t\t{Exam ID},\n\t\t{Planned Date},\n\t\t{Exam Date},\n\t\t{Other Comment From Supplier},\n\t\t{Change Request ID}\n\t),\n\tskipDuplicateMapInputs: true,\n\tskipDuplicateMapOutputs: true) ~> Select3\nSelect2 select(mapColumn(\n\t\texaminationType = {Exam Type},\n\t\tassetGuid = {Asset GUID},\n\t\texamId = {Exam ID},\n\t\tplannedExamDate = {Planned Date},\n\t\tactualExamDate = {Exam Date},\n\t\totherSupplierComment = {Other Comment From Supplier},\n\t\tcrId = {Change Request ID}\n\t),\n\tskipDuplicateMapInputs: true,\n\tskipDuplicateMapOutputs: true) ~> Selectforjson\nExamdateValidation@ExamDateValidRows, sourceforexamtype join(EXAM_ID == src_exam_id\n\t&& {Asset GUID} == src_asset_guid,\n\tjoinType:'left',\n\tbroadcast: 'auto')~> Joinsourceexamtype\nJoinsourceexamtype split(!isNull(EXAM_ID),\n\tdisjoint: false) ~> ConditionalSplitexamID@(ExamIDValid, ExamIDNotValid)\nConditionalSplitexamID@ExamIDNotValid derive(ErrorDesc = 'The combination of AssetGUID and Exam ID provided are not valid') ~> DCExamIDError\nDerivedColumn1 select(mapColumn(\n\t\tRegion = REGION,\n\t\tRoute = ROUTE,\n\t\tArea = AREA,\n\t\tELR,\n\t\t{Railway ID} = RAILWAY_ID,\n\t\t{Mileage From} = MILEAGE_FROM,\n\t\t{Mileage To} = MILEAGE_TO,\n\t\t{Asset Group} = ASSET_GROUP,\n\t\t{Asset Type} = ASSET_TYPE,\n\t\t{Asset Description} = ASSET_DESCRIPTION,\n\t\t{Asset GUID} = ASSET_GUID,\n\t\t{Exam ID} = EXAM_ID,\n\t\t{Exam Type} = EXAM_TYPE,\n\t\tEXAM_GROUP_ID,\n\t\t{Job Number} = JOB_NUMBER,\n\t\tHCE,\n\t\t{BCMI Required} = BCMI_REQUIRED,\n\t\t{Special Requirements} = SPECIAL_REQUIREMENTS,\n\t\t{NR Comment} = NR_COMMENTS,\n\t\t{Tenanted Arches} = TENANTED_ARCHES,\n\t\t{Exam Frequency} = EXAM_FREQUENCY,\n\t\t{Required Date (Earliest)} = {REQUIRED_DATE(EARLIEST)},\n\t\t{Required Date} = REQUIRED_DATE,\n\t\t{Required Date (Latest)} = {REQUIRED_DATE(LATEST)},\n\t\t{Max Tolerance Date} = MAX_TOLERANCE_DATE,\n\t\t{Task List Status} = TASK_LIST_STATUS,\n\t\t{Exam Request Status} = EXAM_REQUEST_STATUS,\n\t\t{Exam Report Status} = EXAM_REPORT_STATUS,\n\t\t{Planned Date} = PLANNED_DATE_DER,\n\t\t{Exam Date} = EXAM_DATE_DER,\n\t\t{Other Comment From Supplier} = OTHER_COMMENT_FROM_SUPPLIER,\n\t\t{Change Request ID} = CHANGE_REQUEST_ID\n\t),\n\tskipDuplicateMapInputs: true,\n\tskipDuplicateMapOutputs: true) ~> Select4\nSourceTaskList derive(EXAM_DATE_DER = toDate(EXAM_DATE, 'yyyy-MM-dd'),\n\t\tPLANNED_DATE_DER = toDate(PLANNED_DATE, 'yyyy-MM-dd')) ~> DerivedColumn1\nSelectforjson sink(allowSchemaDrift: true,\n\tvalidateSchema: true,\n\tformat: 'parquet',\n\tpartitionFileNames:[($OutputFileName)],\n\tumask: 0022,\n\tskipDuplicateMapInputs: true,\n\tskipDuplicateMapOutputs: true,\n\tmapColumn(\n\t\texaminationType,\n\t\tassetGuid,\n\t\texamId,\n\t\tplannedExamDate,\n\t\tactualExamDate,\n\t\totherSupplierComment,\n\t\tcrId\n\t),\n\tpartitionBy('hash', 1)) ~> DQSinkCurated\nFilter1 sink(allowSchemaDrift: true,\n\tvalidateSchema: false,\n\tpartitionFileNames:[($ErrorFileName)],\n\tumask: 0022,\n\tskipDuplicateMapInputs: true,\n\tskipDuplicateMapOutputs: true,\n\tmapColumn(\n\t\tROUTE = Route,\n\t\tELR,\n\t\tRAILWAY_ID = {Railway ID},\n\t\tASSET_GUID = {Asset GUID},\n\t\tEXAM_ID = {Exam ID},\n\t\tPLANNED_DATE = {Planned Date},\n\t\tEXAM_DATE = {Exam Date},\n\t\tOTHER_COMMENT_FROM_SUPPLIER = {Other Comment From Supplier},\n\t\tCHANGE_REQUEST_ID = {Change Request ID},\n\t\tErrorDesc\n\t),\n\tpartitionBy('hash', 1)) ~> DQSinkError"
		}
	}
}