{
	"name": "dataflow_ces_Recommendation_migration",
	"properties": {
		"folder": {
			"name": "CARRS/Recommendation"
		},
		"type": "MappingDataFlow",
		"typeProperties": {
			"sources": [
				{
					"dataset": {
						"referenceName": "ds_adlsgen2_Common_parquet",
						"type": "DatasetReference"
					},
					"name": "CarrsReference"
				},
				{
					"dataset": {
						"referenceName": "ds_adlsgen2_Common_parquet",
						"type": "DatasetReference"
					},
					"name": "CarrsRecommendation"
				},
				{
					"dataset": {
						"referenceName": "ds_SQL_common_query",
						"type": "DatasetReference"
					},
					"name": "CESExam"
				},
				{
					"dataset": {
						"referenceName": "ds_SQL_common_query",
						"type": "DatasetReference"
					},
					"name": "CESvwRef"
				},
				{
					"dataset": {
						"referenceName": "ds_adlsgen2_Common_parquet",
						"type": "DatasetReference"
					},
					"name": "CarrsExamSummary"
				},
				{
					"dataset": {
						"referenceName": "ds_adlsgen2_Common_parquet",
						"type": "DatasetReference"
					},
					"name": "CarrsExamination"
				}
			],
			"sinks": [
				{
					"dataset": {
						"referenceName": "ds_adlsgen2_Insert_Parquet",
						"type": "DatasetReference"
					},
					"name": "SinkDQCurated"
				},
				{
					"dataset": {
						"referenceName": "ds_adlsgen2_common_sink_csv",
						"type": "DatasetReference"
					},
					"name": "SinkError"
				}
			],
			"transformations": [
				{
					"name": "JoinRefTypVal"
				},
				{
					"name": "SelectRefcolumns"
				},
				{
					"name": "FilterREC"
				},
				{
					"name": "FilterFYR"
				},
				{
					"name": "JoinExam"
				},
				{
					"name": "SelectExamsrkey"
				},
				{
					"name": "LKPExamsummary"
				},
				{
					"name": "LkpfilterREC"
				},
				{
					"name": "LkpfilterFYR"
				},
				{
					"name": "RcmnStatusDEr"
				},
				{
					"name": "PriorityYrDer"
				},
				{
					"name": "SelectPriorityYr"
				},
				{
					"name": "SelectRcmnstatus"
				},
				{
					"name": "FilterWKC"
				},
				{
					"name": "LkpfilterWKC"
				},
				{
					"name": "WorkCatDer"
				},
				{
					"name": "SelectWrkCat"
				},
				{
					"name": "LkpfilterRSS"
				},
				{
					"name": "SelectRiskscore"
				},
				{
					"name": "LkpfilterSEV"
				},
				{
					"name": "SelectSeverity"
				},
				{
					"name": "LkpfilterPRB"
				},
				{
					"name": "SelectProbability"
				},
				{
					"name": "LkpfilterEXT"
				},
				{
					"name": "SelectExtent"
				},
				{
					"name": "LkpfilterQUU"
				},
				{
					"name": "SelectQuantity"
				},
				{
					"name": "ExamSRkeyCheck"
				},
				{
					"name": "ExamSrkeyDer"
				},
				{
					"name": "DerivedRefType"
				},
				{
					"name": "Join1"
				},
				{
					"name": "Join2"
				},
				{
					"name": "Join3"
				},
				{
					"name": "Join4"
				},
				{
					"name": "SelectCol"
				},
				{
					"name": "Lookup"
				},
				{
					"name": "SelectWKC"
				},
				{
					"name": "SelectFYR"
				},
				{
					"name": "SelectREC"
				},
				{
					"name": "RcmNumcheck"
				},
				{
					"name": "ConditionalSplit1"
				},
				{
					"name": "ConditionalSplit2"
				},
				{
					"name": "RcmnNumDer"
				},
				{
					"name": "RcmndStatusDer"
				},
				{
					"name": "RcmnDescDer"
				},
				{
					"name": "Union"
				},
				{
					"name": "Selectcolumns"
				},
				{
					"name": "JoinExams"
				},
				{
					"name": "SelectExam"
				}
			],
			"script": "source(output(\n\t\tRV_ID as decimal(22,0),\n\t\tRV_GUID as string,\n\t\tRV_CODE as string,\n\t\tRV_DESC as string,\n\t\tRV_TYPE as string,\n\t\tEFF_END_DATE as date,\n\t\tMODIFIED_DATE as date,\n\t\tMODIFIED_BY_USER_ID as string,\n\t\tDELETED_FLG as string,\n\t\tROW_VER as decimal(22,0),\n\t\tRV_DISPLAY_SEQ as decimal(22,0)\n\t),\n\tallowSchemaDrift: true,\n\tvalidateSchema: false,\n\tignoreNoFilesFound: false,\n\tformat: 'parquet') ~> CarrsReference\nsource(output(\n\t\tEXAM_SUMMARY_ID as decimal(9,0),\n\t\tRECOMMEND_NUM as decimal(9,0),\n\t\tRECOMMEND_DESC as string,\n\t\tLOC_DESC as string,\n\t\tRECOMMEND_QTY as decimal(9,2),\n\t\tRECOMMEND_QTY_UNIT_ID as decimal(9,0),\n\t\tESTIMATED_COST_AMT as decimal(9,1),\n\t\tSEVERITY_ID as decimal(9,0),\n\t\tPROBABILITY_ID as decimal(9,0),\n\t\tRISK_SCORE_ID as decimal(9,0),\n\t\tPRIORITY_YEAR_ID as decimal(9,0),\n\t\tRECOMMEND_STATUS_ID as decimal(9,0),\n\t\tRISK_EXTENT_ID as decimal(9,0),\n\t\tWORK_CAT_ID as decimal(9,0),\n\t\tMODIFIED_DATE as date,\n\t\tMODIFIED_BY_USER_ID as string,\n\t\tNOTE_TEXT as string,\n\t\tRECOMMEND_ID as decimal(9,0),\n\t\tROW_VER as decimal(9,0),\n\t\tDELETED_FLG as string\n\t),\n\tallowSchemaDrift: true,\n\tvalidateSchema: false,\n\tignoreNoFilesFound: false,\n\tformat: 'parquet') ~> CarrsRecommendation\nsource(output(\n\t\tEXAM_ID as decimal(18,0),\n\t\tEXAM_SR_KEY as decimal(18,0)\n\t),\n\tallowSchemaDrift: true,\n\tvalidateSchema: false,\n\tisolationLevel: 'READ_UNCOMMITTED',\n\tquery: 'SELECT EXAM_ID,EXAM_SR_KEY FROM CES.EXAM\\nWHERE ISACTIVE=1',\n\tformat: 'query') ~> CESExam\nsource(output(\n\t\tREF_TYP_SR_KEY as decimal(18,0),\n\t\tREF_TYP_NAME as string,\n\t\tREF_TYP_CODE as string,\n\t\tREF_VAL_SR_KEY as decimal(18,0),\n\t\tREF_VALUE as string\n\t),\n\tallowSchemaDrift: true,\n\tvalidateSchema: false,\n\tisolationLevel: 'READ_UNCOMMITTED',\n\tquery: 'select * from ctl_ces_adl_control.vw_ADF_reference_type_value',\n\tformat: 'query') ~> CESvwRef\nsource(output(\n\t\tCAI_GUID as string,\n\t\tSME_COMMENT_TEXT as string,\n\t\tEXAM_ENG_COMMENT_TEXT as string,\n\t\tDELETED_FLG as string,\n\t\tREPORT_FILE_NAME as string,\n\t\tROW_VER as decimal(22,0),\n\t\tEXAM_TYPE_ID as decimal(22,0),\n\t\tREPORT_CONTRACT_YEAR_ID as decimal(22,0),\n\t\tREPORT_ELEMENT_TYPE_ID as decimal(22,0),\n\t\tREPORT_ASSET_TYPE_GROUP_ID as decimal(22,0),\n\t\tREPORT_STRUCT_DESC as string,\n\t\tREPORT_OS_REF as string,\n\t\tREPORT_SPAN_TEXT as string,\n\t\tREPORT_AREA_ID as decimal(22,0),\n\t\tREPORT_TO_YARDS as decimal(22,0),\n\t\tREPORT_TO_MILES as decimal(22,0),\n\t\tREPORT_FROM_YARDS as decimal(22,0),\n\t\tREPORT_FROM_MILES as decimal(22,0),\n\t\tREPORT_STRUCT_REF as string,\n\t\tREPORT_ELR_CODE as string,\n\t\tALLOCATED_TO_USER_ID as string,\n\t\tALLOCATED_TO_USER_DATE as date,\n\t\tAT_BETWEEN_STATION_TEXT as string,\n\t\tMODIFIED_BY_USER_ID as string,\n\t\tMODIFIED_DATE as date,\n\t\tEXAM_SUMMARY_REF as string,\n\t\tSIGNED_OFF_DATE as date,\n\t\tSIGNED_OFF_BY_NAME as string,\n\t\tENTERED_DATE as date,\n\t\tCOND_ID as decimal(22,0),\n\t\tEXAMINER_GEN_COMMENT_TEXT as string,\n\t\tEXAMINER_REPORT_SIGNED_DATE as date,\n\t\tEXAMINER_NAME as string,\n\t\tEXAM_ORG_ID as decimal(22,0),\n\t\tEXAM_ENG_REPORT_SIGNED_DATE as date,\n\t\tEXAM_ENG_NAME as string,\n\t\tEXAM_STATUS_ID as decimal(22,0),\n\t\tEXAM_COMPLETE_IND as string,\n\t\tEXAM_DATE as date,\n\t\tEXAM_ID as decimal(22,0),\n\t\tEXAM_SUMMARY_ID as decimal(22,0)\n\t),\n\tallowSchemaDrift: true,\n\tvalidateSchema: false,\n\tignoreNoFilesFound: false,\n\tformat: 'parquet') ~> CarrsExamSummary\nsource(output(\n\t\tPREV_EXAM_ID as decimal(22,0),\n\t\tADDITIONAL_EXAM_CONTRACTOR_ID as decimal(22,0),\n\t\tSPECIFIC_EXAM_REQUIREMENTS as string,\n\t\tCOMMENTS_TO_SEC_TEXT as string,\n\t\tNR_INTERNAL_NOTE_TEXT as string,\n\t\tDELETED_FLG as string,\n\t\tEXAM_GROUP_EXAM_TYPE_CYCLE_ID as decimal(22,0),\n\t\tEXAM_REQ_BATCH_ID as decimal(22,0),\n\t\tROW_VER as decimal(22,0),\n\t\tEXAM_CLASSIF_ID as decimal(22,0),\n\t\tEXAM_TYPE_ID as decimal(22,0),\n\t\tEXAM_CONTRACTOR_ID as decimal(22,0),\n\t\tMODIFIED_DATE as date,\n\t\tMODIFIED_BY_USER_ID as string,\n\t\tOVERALL_COND_ID as decimal(22,0),\n\t\tSTATUS_REASON_TEXT as string,\n\t\tEXAM_COMPLETE_DATE as date,\n\t\tEXAM_DUE_DATE as date,\n\t\tEXAM_GROUP_ID as decimal(22,0),\n\t\tEXAM_ID as decimal(22,0)\n\t),\n\tallowSchemaDrift: true,\n\tvalidateSchema: false,\n\tignoreNoFilesFound: false,\n\tformat: 'parquet') ~> CarrsExamination\nCarrsReference, CESvwRef join(upper(RV_TYPE) == upper(REF_TYP_CODE)\n\t&& lower(RV_DESC) == lower(REF_VALUE),\n\tjoinType:'inner',\n\tbroadcast: 'auto')~> JoinRefTypVal\nJoinRefTypVal select(mapColumn(\n\t\tRV_ID,\n\t\tRV_GUID,\n\t\tRV_CODE,\n\t\tRV_DESC,\n\t\tRV_TYPE,\n\t\tREF_TYP_SR_KEY,\n\t\tREF_TYP_NAME,\n\t\tREF_TYP_CODE,\n\t\tREF_VAL_SR_KEY,\n\t\tREF_VALUE\n\t),\n\tskipDuplicateMapInputs: true,\n\tskipDuplicateMapOutputs: true) ~> SelectRefcolumns\nSelectRefcolumns filter(upper(RV_TYPE)=='REC') ~> FilterREC\nSelectRefcolumns filter(upper(RV_TYPE)=='FYR') ~> FilterFYR\nCarrsExamSummary, JoinExams join(CarrsExamSummary@EXAM_ID == CESExam@EXAM_ID,\n\tjoinType:'inner',\n\tbroadcast: 'auto')~> JoinExam\nJoinExam select(mapColumn(\n\t\tEXAM_ID = CESExam@EXAM_ID,\n\t\tEXAM_SR_KEY,\n\t\tEXAM_SUMMARY_ID\n\t),\n\tskipDuplicateMapInputs: true,\n\tskipDuplicateMapOutputs: true) ~> SelectExamsrkey\nCarrsRecommendation, SelectExamsrkey lookup(CarrsRecommendation@EXAM_SUMMARY_ID == SelectExamsrkey@EXAM_SUMMARY_ID,\n\tmultiple: false,\n\tpickup: 'any',\n\tbroadcast: 'auto')~> LKPExamsummary\nLKPExamsummary, SelectREC lookup(RECOMMEND_STATUS_ID == RV_ID,\n\tmultiple: false,\n\tpickup: 'any',\n\tbroadcast: 'auto')~> LkpfilterREC\nSelectRcmnstatus, SelectFYR lookup(PRIORITY_YEAR_ID == SelectFYR@RV_ID,\n\tmultiple: false,\n\tpickup: 'any',\n\tbroadcast: 'auto')~> LkpfilterFYR\nLkpfilterREC derive(RCMN_STATUS = REF_VAL_SR_KEY) ~> RcmnStatusDEr\nLkpfilterFYR derive(PRIORITY_YEAR = SelectFYR@REF_VAL_SR_KEY) ~> PriorityYrDer\nPriorityYrDer select(skipDuplicateMapInputs: true,\n\tskipDuplicateMapOutputs: true) ~> SelectPriorityYr\nRcmnStatusDEr select(mapColumn(\n\t\tEXAM_SUMMARY_ID = CarrsRecommendation@EXAM_SUMMARY_ID,\n\t\tRECOMMEND_NUM,\n\t\tRECOMMEND_DESC,\n\t\tLOC_DESC,\n\t\tRECOMMEND_QTY,\n\t\tRECOMMEND_QTY_UNIT_ID,\n\t\tESTIMATED_COST_AMT,\n\t\tSEVERITY_ID,\n\t\tPROBABILITY_ID,\n\t\tRISK_SCORE_ID,\n\t\tPRIORITY_YEAR_ID,\n\t\tRECOMMEND_STATUS_ID,\n\t\tRISK_EXTENT_ID,\n\t\tWORK_CAT_ID,\n\t\tMODIFIED_DATE,\n\t\tMODIFIED_BY_USER_ID,\n\t\tNOTE_TEXT,\n\t\tRECOMMEND_ID,\n\t\tROW_VER,\n\t\tDELETED_FLG,\n\t\tEXAM_ID,\n\t\tEXAM_SR_KEY,\n\t\tEXAM_SUMMARY_ID = SelectExamsrkey@EXAM_SUMMARY_ID,\n\t\tRV_ID,\n\t\tREF_VAL_SR_KEY,\n\t\tRCMN_STATUS\n\t),\n\tskipDuplicateMapInputs: true,\n\tskipDuplicateMapOutputs: true) ~> SelectRcmnstatus\nSelectRefcolumns filter(upper(RV_TYPE)=='WKC') ~> FilterWKC\nSelectPriorityYr, SelectWKC lookup(WORK_CAT_ID == SelectWKC@RV_ID,\n\tmultiple: false,\n\tpickup: 'any',\n\tbroadcast: 'auto')~> LkpfilterWKC\nLkpfilterWKC derive(WORK_CATEGORY = SelectWKC@REF_VAL_SR_KEY,\n\t\tCREATED_USER = 'CARRS',\n\t\tCREATED_DATE = currentUTC()) ~> WorkCatDer\nWorkCatDer select(mapColumn(\n\t\tEXAM_SUMMARY_ID,\n\t\tRECOMMEND_NUM,\n\t\tRECOMMEND_DESC,\n\t\tLOC_DESC,\n\t\tRECOMMEND_QTY,\n\t\tRECOMMEND_QTY_UNIT_ID,\n\t\tESTIMATED_COST_AMT,\n\t\tSEVERITY_ID,\n\t\tPROBABILITY_ID,\n\t\tRISK_SCORE_ID,\n\t\tPRIORITY_YEAR_ID,\n\t\tRECOMMEND_STATUS_ID,\n\t\tRISK_EXTENT_ID,\n\t\tWORK_CAT_ID,\n\t\tMODIFIED_DATE,\n\t\tMODIFIED_BY_USER_ID,\n\t\tNOTE_TEXT,\n\t\tRECOMMEND_ID,\n\t\tROW_VER,\n\t\tDELETED_FLG,\n\t\tEXAM_ID,\n\t\tEXAM_SR_KEY,\n\t\tRV_ID = SelectPriorityYr@RV_ID,\n\t\tREF_VAL_SR_KEY = SelectPriorityYr@REF_VAL_SR_KEY,\n\t\tRCMN_STATUS,\n\t\tPRIORITY_YEAR,\n\t\tRV_ID = SelectWKC@RV_ID,\n\t\tREF_VAL_SR_KEY = SelectWKC@REF_VAL_SR_KEY,\n\t\tWORK_CATEGORY,\n\t\tCREATED_USER,\n\t\tCREATED_DATE\n\t),\n\tskipDuplicateMapInputs: true,\n\tskipDuplicateMapOutputs: true) ~> SelectWrkCat\nDerivedRefType, CarrsReference lookup(RISK_SCORE_ID == RV_ID\n\t&& RVtypeRiskscore == upper(RV_TYPE),\n\tmultiple: false,\n\tpickup: 'any',\n\tbroadcast: 'auto')~> LkpfilterRSS\nLkpfilterRSS select(mapColumn(\n\t\tEXAM_SUMMARY_ID,\n\t\tRECOMMEND_ID,\n\t\tRISK_SCORE = RV_DESC\n\t),\n\tskipDuplicateMapInputs: true,\n\tskipDuplicateMapOutputs: true) ~> SelectRiskscore\nDerivedRefType, CarrsReference lookup(SEVERITY_ID == RV_ID\n\t&& RVTypeSeverity == upper(RV_TYPE),\n\tmultiple: false,\n\tpickup: 'any',\n\tbroadcast: 'auto')~> LkpfilterSEV\nLkpfilterSEV select(mapColumn(\n\t\tRECOMMEND_ID,\n\t\tSEVERITY = RV_DESC\n\t),\n\tskipDuplicateMapInputs: true,\n\tskipDuplicateMapOutputs: true) ~> SelectSeverity\nDerivedRefType, CarrsReference lookup(PROBABILITY_ID == RV_ID\n\t&& RVTypeProbability == upper(RV_TYPE),\n\tmultiple: false,\n\tpickup: 'any',\n\tbroadcast: 'auto')~> LkpfilterPRB\nLkpfilterPRB select(mapColumn(\n\t\tEXAM_SUMMARY_ID,\n\t\tRECOMMEND_ID,\n\t\tPROBABILITY = RV_DESC\n\t),\n\tskipDuplicateMapInputs: true,\n\tskipDuplicateMapOutputs: true) ~> SelectProbability\nDerivedRefType, CarrsReference lookup(RISK_EXTENT_ID == RV_ID\n\t&& RVTypeExtent == upper(RV_TYPE),\n\tmultiple: false,\n\tpickup: 'any',\n\tbroadcast: 'auto')~> LkpfilterEXT\nLkpfilterEXT select(mapColumn(\n\t\tEXAM_SUMMARY_ID,\n\t\tRECOMMEND_ID,\n\t\tEXTENT = RV_DESC\n\t),\n\tskipDuplicateMapInputs: true,\n\tskipDuplicateMapOutputs: true) ~> SelectExtent\nDerivedRefType, CarrsReference lookup(RECOMMEND_QTY_UNIT_ID == RV_ID\n\t&& RVTypeQuantity == upper(RV_TYPE),\n\tmultiple: false,\n\tpickup: 'any',\n\tbroadcast: 'auto')~> LkpfilterQUU\nLkpfilterQUU select(mapColumn(\n\t\tEXAM_SUMMARY_ID,\n\t\tRECOMMEND_ID,\n\t\tQUANTITY_UNIT = RV_DESC\n\t),\n\tskipDuplicateMapInputs: true,\n\tskipDuplicateMapOutputs: true) ~> SelectQuantity\nSelectcolumns split(!isNull(EXAM_SR_KEY),\n\tdisjoint: false) ~> ExamSRkeyCheck@(ValidExamSRkey, InvalidExamSRkey)\nExamSRkeyCheck@InvalidExamSRkey derive(ErrorDesc = 'Exam SR Key is Null') ~> ExamSrkeyDer\nCarrsRecommendation derive(RVtypeRiskscore = 'RSS',\n\t\tRVTypeSeverity = 'SEV',\n\t\tRVTypeProbability = 'PRB',\n\t\tRVTypeExtent = 'EXT',\n\t\tRVTypeQuantity = 'QUU') ~> DerivedRefType\nSelectSeverity, SelectRiskscore join(SelectSeverity@RECOMMEND_ID == SelectRiskscore@RECOMMEND_ID,\n\tjoinType:'left',\n\tbroadcast: 'auto')~> Join1\nSelectProbability, Join1 join(SelectProbability@RECOMMEND_ID == SelectSeverity@RECOMMEND_ID,\n\tjoinType:'left',\n\tbroadcast: 'auto')~> Join2\nSelectExtent, Join2 join(SelectExtent@RECOMMEND_ID == SelectProbability@RECOMMEND_ID,\n\tjoinType:'left',\n\tbroadcast: 'auto')~> Join3\nSelectQuantity, Join3 join(SelectQuantity@RECOMMEND_ID == SelectExtent@RECOMMEND_ID,\n\tjoinType:'left',\n\tbroadcast: 'auto')~> Join4\nJoin4 select(mapColumn(\n\t\tRECOMMEND_ID = SelectQuantity@RECOMMEND_ID,\n\t\tQUANTITY_UNIT,\n\t\tRECOMMEND_ID = SelectExtent@RECOMMEND_ID,\n\t\tEXTENT,\n\t\tRECOMMEND_ID = SelectProbability@RECOMMEND_ID,\n\t\tPROBABILITY,\n\t\tRECOMMEND_ID = SelectSeverity@RECOMMEND_ID,\n\t\tSEVERITY,\n\t\tRECOMMEND_ID = SelectRiskscore@RECOMMEND_ID,\n\t\tRISK_SCORE\n\t),\n\tskipDuplicateMapInputs: true,\n\tskipDuplicateMapOutputs: true) ~> SelectCol\nSelectWrkCat, SelectCol lookup(SelectWrkCat@RECOMMEND_ID == SelectCol@RECOMMEND_ID,\n\tmultiple: false,\n\tpickup: 'any',\n\tbroadcast: 'auto')~> Lookup\nFilterWKC select(mapColumn(\n\t\tRV_ID,\n\t\tREF_VAL_SR_KEY\n\t),\n\tskipDuplicateMapInputs: true,\n\tskipDuplicateMapOutputs: true) ~> SelectWKC\nFilterFYR select(mapColumn(\n\t\tRV_ID,\n\t\tREF_VAL_SR_KEY\n\t),\n\tskipDuplicateMapInputs: true,\n\tskipDuplicateMapOutputs: true) ~> SelectFYR\nFilterREC select(mapColumn(\n\t\tRV_ID,\n\t\tREF_VAL_SR_KEY\n\t),\n\tskipDuplicateMapInputs: true,\n\tskipDuplicateMapOutputs: true) ~> SelectREC\nExamSRkeyCheck@ValidExamSRkey split(!isNull(RECOMMEND_NUM),\n\tdisjoint: false) ~> RcmNumcheck@(ValidRcmNum, InValidRcmNum)\nRcmNumcheck@ValidRcmNum split(!isNull(RCMN_STATUS),\n\tdisjoint: false) ~> ConditionalSplit1@(ValidRCMNstatus, InvalidRCMNstatus)\nConditionalSplit1@ValidRCMNstatus split(!isNull(RECOMMEND_DESC),\n\tdisjoint: false) ~> ConditionalSplit2@(ValidRcmnDesc, InvalidRcmnDesc)\nRcmNumcheck@InValidRcmNum derive(ErrorDesc = 'RCMND Number is Null') ~> RcmnNumDer\nConditionalSplit1@InvalidRCMNstatus derive(ErrorDesc = 'RCMD Status is Null') ~> RcmndStatusDer\nConditionalSplit2@InvalidRcmnDesc derive(ErrorDesc = 'RCMD Desc is Null') ~> RcmnDescDer\nRcmnDescDer, RcmnNumDer, RcmndStatusDer, ExamSrkeyDer union(byName: true)~> Union\nLookup select(mapColumn(\n\t\tEXAM_SUMMARY_ID,\n\t\tRECOMMEND_NUM,\n\t\tRECOMMEND_DESC,\n\t\tLOC_DESC,\n\t\tRECOMMEND_QTY,\n\t\tRECOMMEND_QTY_UNIT_ID,\n\t\tESTIMATED_COST_AMT,\n\t\tSEVERITY_ID,\n\t\tPROBABILITY_ID,\n\t\tRISK_SCORE_ID,\n\t\tPRIORITY_YEAR_ID,\n\t\tRECOMMEND_STATUS_ID,\n\t\tRISK_EXTENT_ID,\n\t\tWORK_CAT_ID,\n\t\tMODIFIED_DATE,\n\t\tMODIFIED_BY_USER_ID,\n\t\tNOTE_TEXT,\n\t\tRECOMMEND_ID = SelectWrkCat@RECOMMEND_ID,\n\t\tROW_VER,\n\t\tDELETED_FLG,\n\t\tEXAM_ID,\n\t\tEXAM_SR_KEY,\n\t\tRV_ID,\n\t\tREF_VAL_SR_KEY,\n\t\tRCMN_STATUS,\n\t\tPRIORITY_YEAR,\n\t\tWORK_CATEGORY,\n\t\tCREATED_USER,\n\t\tCREATED_DATE,\n\t\tRECOMMEND_NUM = SelectCol@RECOMMEND_ID,\n\t\tQUANTITY_UNIT,\n\t\tEXTENT,\n\t\tPROBABILITY,\n\t\tSEVERITY,\n\t\tRISK_SCORE,\n\t\tDELETED_FLG\n\t),\n\tskipDuplicateMapInputs: true,\n\tskipDuplicateMapOutputs: true) ~> Selectcolumns\nCarrsExamination, CESExam join(CarrsExamination@EXAM_ID == CESExam@EXAM_ID,\n\tjoinType:'inner',\n\tbroadcast: 'auto')~> JoinExams\nJoinExams select(mapColumn(\n\t\tEXAM_ID = CESExam@EXAM_ID,\n\t\tEXAM_SR_KEY\n\t),\n\tskipDuplicateMapInputs: true,\n\tskipDuplicateMapOutputs: true) ~> SelectExam\nConditionalSplit2@ValidRcmnDesc sink(allowSchemaDrift: true,\n\tvalidateSchema: false,\n\tformat: 'parquet',\n\tpartitionFileNames:[(concat('CES_Recommendation_',toString(currentUTC(),'yyyyMMdd'),'.parquet'))],\n\tumask: 0022,\n\tskipDuplicateMapInputs: true,\n\tskipDuplicateMapOutputs: true,\n\tmapColumn(\n\t\tEXAM_SR_KEY,\n\t\tRECOMMEND_NUM,\n\t\tRECOMMEND_ID,\n\t\tRCMN_STATUS,\n\t\tPRIORITY_YEAR,\n\t\tWORK_CATEGORY,\n\t\tRISK_SCORE,\n\t\tSEVERITY,\n\t\tPROBABILITY,\n\t\tEXTENT,\n\t\tQUANTITY_UNIT,\n\t\tCREATED_USER,\n\t\tCREATED_DATE,\n\t\tRECOMMEND_DESC,\n\t\tLOC_DESC,\n\t\tRECOMMEND_QTY,\n\t\tESTIMATED_COST_AMT,\n\t\tDELETED_FLG\n\t),\n\tpartitionBy('hash', 1)) ~> SinkDQCurated\nUnion sink(allowSchemaDrift: true,\n\tvalidateSchema: false,\n\tpartitionFileNames:[(concat('CES_Recommendation_Error_',toString(currentUTC(),'yyyyMMdd'),'.csv'))],\n\tumask: 0022,\n\tskipDuplicateMapInputs: true,\n\tskipDuplicateMapOutputs: true,\n\tpartitionBy('hash', 1)) ~> SinkError"
		}
	}
}