{
	"name": "dataflow_ces_Element_ELR_migration_Transform",
	"properties": {
		"folder": {
			"name": "CARRS/Element_ELR"
		},
		"type": "MappingDataFlow",
		"typeProperties": {
			"sources": [
				{
					"dataset": {
						"referenceName": "ds_adlsgen2_Common_parquet",
						"type": "DatasetReference"
					},
					"name": "CarrsELR"
				},
				{
					"dataset": {
						"referenceName": "ds_sql_common_SQLQuery",
						"type": "DatasetReference"
					},
					"name": "org"
				},
				{
					"dataset": {
						"referenceName": "ds_sql_common_SQLQuery",
						"type": "DatasetReference"
					},
					"name": "Area"
				}
			],
			"sinks": [
				{
					"dataset": {
						"referenceName": "ds_adlsgen2_Insert_Parquet",
						"type": "DatasetReference"
					},
					"name": "SinkDQCurated"
				},
				{
					"dataset": {
						"referenceName": "ds_adlsgen2_common_sink_csv",
						"type": "DatasetReference"
					},
					"name": "sinkError"
				}
			],
			"transformations": [
				{
					"name": "LookupORG"
				},
				{
					"name": "LookupArea"
				},
				{
					"name": "ConditionalSplit1"
				},
				{
					"name": "DerivedColumn2"
				},
				{
					"name": "Select1"
				}
			],
			"script": "source(output(\n\t\tELR_CODE as string,\n\t\tROUTE_NAME as string,\n\t\tAREA_NAME as string,\n\t\tELR_NAME as string,\n\t\tDELETED_FLG as string\n\t),\n\tallowSchemaDrift: true,\n\tvalidateSchema: false,\n\tignoreNoFilesFound: false,\n\tformat: 'parquet') ~> CarrsELR\nsource(output(\n\t\tORG_SR_KEY as decimal(18,0),\n\t\tROUTE as string\n\t),\n\tallowSchemaDrift: true,\n\tvalidateSchema: false,\n\tisolationLevel: 'READ_UNCOMMITTED',\n\tquery: 'Select ORG_SR_KEY, ROUTE from CES.Org',\n\tformat: 'query') ~> org\nsource(output(\n\t\tAREA_SR_KEY as decimal(18,0),\n\t\tAREA_NAME as string\n\t),\n\tallowSchemaDrift: true,\n\tvalidateSchema: false,\n\tisolationLevel: 'READ_UNCOMMITTED',\n\tquery: 'Select AREA_SR_KEY, AREA_NAME from CES.AREA',\n\tformat: 'query') ~> Area\nSelect1, org lookup(lower(route_name) == lower(ROUTE),\n\tmultiple: false,\n\tpickup: 'any',\n\tbroadcast: 'auto')~> LookupORG\nLookupORG, Area lookup(lower(Select1@area_name) == lower(Area@AREA_NAME),\n\tmultiple: false,\n\tpickup: 'any',\n\tbroadcast: 'auto')~> LookupArea\nLookupArea split(!(isNull(AREA_SR_KEY) || isNull(ORG_SR_KEY)),\n\tdisjoint: false) ~> ConditionalSplit1@(ValidRows, ErrorRows)\nConditionalSplit1@ErrorRows derive(ErrorDesc = 'Area_SR_KEY/ORG_SR_KEY IS NULL') ~> DerivedColumn2\nCarrsELR select(mapColumn(\n\t\telr_code = ELR_CODE,\n\t\troute_name = ROUTE_NAME,\n\t\tarea_name = AREA_NAME,\n\t\tELR_NAME,\n\t\tDELETED_FLG\n\t),\n\tskipDuplicateMapInputs: true,\n\tskipDuplicateMapOutputs: true) ~> Select1\nConditionalSplit1@ValidRows sink(allowSchemaDrift: true,\n\tvalidateSchema: false,\n\tformat: 'parquet',\n\tpartitionFileNames:[(concat('CES_ELR_',toString(currentUTC(),'yyyyMMdd'),'.parquet'))],\n\tumask: 0022,\n\tmapColumn(\n\t\telr_code,\n\t\tELR_NAME,\n\t\tORG_SR_KEY,\n\t\tAREA_SR_KEY,\n\t\tDELETED_FLG\n\t),\n\tpartitionBy('hash', 1)) ~> SinkDQCurated\nDerivedColumn2 sink(allowSchemaDrift: true,\n\tvalidateSchema: false,\n\tpartitionFileNames:[(concat('CES_ELR_Error_',toString(currentUTC(),'yyyyMMdd'),'.csv'))],\n\tumask: 0022,\n\tskipDuplicateMapInputs: true,\n\tskipDuplicateMapOutputs: true,\n\tpartitionBy('hash', 1)) ~> sinkError"
		}
	}
}