{
	"name": "dataflow_ces_Photo_Migration_Stage_Raw",
	"properties": {
		"folder": {
			"name": "ALARM/PhotoMetadata"
		},
		"type": "MappingDataFlow",
		"typeProperties": {
			"sources": [
				{
					"dataset": {
						"referenceName": "ds_adlsgen2_common_xlsx",
						"type": "DatasetReference"
					},
					"name": "Photoxlsx"
				}
			],
			"sinks": [
				{
					"dataset": {
						"referenceName": "ds_adlsgen2_Insert_Parquet",
						"type": "DatasetReference"
					},
					"name": "SinkImage"
				}
			],
			"transformations": [
				{
					"name": "AppliedTrim"
				},
				{
					"name": "Select1"
				}
			],
			"script": "source(output(\n\t\tCarrsAssetUID as string,\n\t\tAmeyRegionID as decimal(10,0),\n\t\t{AmeyRouteID (Fk)} as decimal(10,0),\n\t\tExamDate as date,\n\t\tRptType as string,\n\t\tImageID as decimal(10,0),\n\t\tDescription as string,\n\t\tPhotoIndex as decimal(10,0),\n\t\tImageType as string,\n\t\tDefectIndex as decimal(10,0),\n\t\tFilename as string,\n\t\t{File link} as string\n\t),\n\tallowSchemaDrift: true,\n\tvalidateSchema: false,\n\tignoreNoFilesFound: false) ~> Photoxlsx\nPhotoxlsx derive(ASSET_GUID = trim(CarrsAssetUID),\n\t\tEXAM_DATE = ExamDate,\n\t\tEXAM_TYPE = trim(RptType),\n\t\tDESCRIPTION = trim(Description),\n\t\tIMAGE_INDEX = PhotoIndex,\n\t\tIMAGE_TYPE = trim(ImageType),\n\t\tIMAGE_NAME = trim(Filename),\n\t\tIMAGE_LINK = trim({File link})) ~> AppliedTrim\nAppliedTrim select(mapColumn(\n\t\tASSET_GUID,\n\t\tEXAM_DATE,\n\t\tEXAM_TYPE,\n\t\tDESCRIPTION = AppliedTrim@DESCRIPTION,\n\t\tIMAGE_INDEX,\n\t\tIMAGE_TYPE,\n\t\tIMAGE_NAME,\n\t\tIMAGE_LINK\n\t),\n\tskipDuplicateMapInputs: true,\n\tskipDuplicateMapOutputs: true) ~> Select1\nSelect1 sink(allowSchemaDrift: true,\n\tvalidateSchema: false,\n\tformat: 'parquet',\n\tpartitionFileNames:[(concat('ALARM_Image_',toString(currentUTC(),'yyyyMMdd'),'.parquet'))],\n\tpartitionBy('hash', 1),\n\tskipDuplicateMapInputs: true,\n\tskipDuplicateMapOutputs: true) ~> SinkImage"
		}
	}
}