{
	"name": "dataflow_ces_Asset_Sync_Transform",
	"properties": {
		"folder": {
			"name": "CARRS/Asset"
		},
		"type": "MappingDataFlow",
		"typeProperties": {
			"sources": [
				{
					"dataset": {
						"referenceName": "ds_adlsgen2_Common_parquet",
						"type": "DatasetReference"
					},
					"name": "CarrsElement"
				},
				{
					"dataset": {
						"referenceName": "ds_sql_common_SQLQuery",
						"type": "DatasetReference"
					},
					"name": "AssetType"
				},
				{
					"dataset": {
						"referenceName": "ds_adlsgen2_Common_parquet",
						"type": "DatasetReference"
					},
					"name": "CarrsReference"
				},
				{
					"dataset": {
						"referenceName": "ds_sql_common_SQLQuery",
						"type": "DatasetReference"
					},
					"name": "AssetGroup"
				},
				{
					"dataset": {
						"referenceName": "ds_sql_common_SQLQuery",
						"type": "DatasetReference"
					},
					"name": "ORG"
				},
				{
					"dataset": {
						"referenceName": "ds_adlsgen2_common_HCE",
						"type": "DatasetReference"
					},
					"name": "ManualHCEFlag"
				},
				{
					"dataset": {
						"referenceName": "ds_sql_common_SQLQuery",
						"type": "DatasetReference"
					},
					"name": "Area"
				},
				{
					"dataset": {
						"referenceName": "ds_sql_common_SQLQuery",
						"type": "DatasetReference"
					},
					"name": "ViewReferenceTypeValue"
				},
				{
					"dataset": {
						"referenceName": "ds_sql_common_SQLQuery",
						"type": "DatasetReference"
					},
					"name": "ELR"
				},
				{
					"dataset": {
						"referenceName": "ds_adlsgen2_Common_parquet",
						"type": "DatasetReference"
					},
					"name": "TenantedFlag"
				}
			],
			"sinks": [
				{
					"dataset": {
						"referenceName": "ds_adlsgen2_Insert_Parquet",
						"type": "DatasetReference"
					},
					"name": "SinkDQCurated"
				},
				{
					"dataset": {
						"referenceName": "ds_adlsgen2_common_sink_csv",
						"type": "DatasetReference"
					},
					"name": "sinkError"
				}
			],
			"transformations": [
				{
					"name": "DerivedColumnRefType"
				},
				{
					"name": "SelectOperationlStatus"
				},
				{
					"name": "SelectSecondayMat"
				},
				{
					"name": "SelectPrimaryMat"
				},
				{
					"name": "LookupRefStructural"
				},
				{
					"name": "SelectStructuralForm"
				},
				{
					"name": "Join1"
				},
				{
					"name": "Join2"
				},
				{
					"name": "ElementReference"
				},
				{
					"name": "SelectElementReference"
				},
				{
					"name": "ElementJoinReference"
				},
				{
					"name": "SelectParentAssetID"
				},
				{
					"name": "LookUpParentAsset"
				},
				{
					"name": "SelectFinal"
				},
				{
					"name": "lookupHCEFlag"
				},
				{
					"name": "DerivedColumn1"
				},
				{
					"name": "SelectHCEFlagMapping"
				},
				{
					"name": "HCEFlag"
				},
				{
					"name": "GeoJoinArea"
				},
				{
					"name": "SelectAreaSRKey"
				},
				{
					"name": "ConditionalSplit1"
				},
				{
					"name": "AssetGuidErrorDesc"
				},
				{
					"name": "ConditionalSplit2"
				},
				{
					"name": "ElementTypeDescErrorDesc"
				},
				{
					"name": "ConditionalSplit3"
				},
				{
					"name": "AssertGroupIdError"
				},
				{
					"name": "ConditionalSplit4"
				},
				{
					"name": "TerritoryError"
				},
				{
					"name": "ConditionalSplit5"
				},
				{
					"name": "AreaIdError"
				},
				{
					"name": "ConditionalSplit6"
				},
				{
					"name": "EngLineRefError"
				},
				{
					"name": "ConditionalSplit7"
				},
				{
					"name": "StartMilesError"
				},
				{
					"name": "ConditionalSplit8"
				},
				{
					"name": "StartYardsError"
				},
				{
					"name": "ConditionalSplit9"
				},
				{
					"name": "HceFlagError"
				},
				{
					"name": "ErrorRecords"
				},
				{
					"name": "JoinCESReferenceView"
				},
				{
					"name": "SelectReferenceValue"
				},
				{
					"name": "DerivedColumn2"
				},
				{
					"name": "LookUpOutsideparty"
				},
				{
					"name": "JoinTenantedFlag"
				},
				{
					"name": "LookupELR"
				},
				{
					"name": "LookupcesReference"
				},
				{
					"name": "Lookupcarrsreference"
				},
				{
					"name": "Lookupcesreferencevalue"
				},
				{
					"name": "Lookupcarrsreferencevalue"
				},
				{
					"name": "Lookupcesreferenceval"
				},
				{
					"name": "Lookupcarrsref"
				},
				{
					"name": "Lookupcesref"
				},
				{
					"name": "JoinArea"
				},
				{
					"name": "Joinorg"
				},
				{
					"name": "Selectorgroute"
				},
				{
					"name": "Joinorgroute"
				},
				{
					"name": "JoinAssetType"
				}
			],
			"script": "source(output(\n\t\tDELETED_FLG as string,\n\t\tELEMENT_ID as decimal(22,0),\n\t\tCAI_GUID as string,\n\t\tPARENT_ELEMENT_ID as decimal(22,0),\n\t\tOUTSIDE_PARTY_ID as decimal(22,0),\n\t\tAREA_ID as decimal(22,0),\n\t\tGEOG_UNIT_ID as decimal(22,0),\n\t\tELEMENT_NAME as string,\n\t\tSTART_OS_REF as string,\n\t\tEND_OS_REF as string,\n\t\tSTRUC_FORM_ID as decimal(22,0),\n\t\tOP_STATUS_ID as decimal(22,0),\n\t\tMATERIAL_ID as decimal(22,0),\n\t\tSECONDARY_MATERIAL_ID as decimal(22,0),\n\t\tLATEST_SCMI_SCORE_VAL as decimal(22,0),\n\t\tLATEST_SCMI_SCORE_DATE as date,\n\t\tELEMENT_TYPE_DESC as string,\n\t\tASSET_GROUP_ID as decimal(22,0),\n\t\tORG_ID as decimal(22,0),\n\t\tOWNING_PARTY as string,\n\t\tAREA as string,\n\t\tROUTE as string,\n\t\tELR_CODE as string,\n\t\tBUSINESS_REF as string,\n\t\tSTART_MILES as decimal(22,0),\n\t\tSTART_YARDS as decimal(22,0),\n\t\tEND_MILES as decimal(22,0),\n\t\tEND_YARDS as decimal(22,0)\n\t),\n\tallowSchemaDrift: true,\n\tvalidateSchema: false,\n\tignoreNoFilesFound: false,\n\tformat: 'parquet') ~> CarrsElement\nsource(output(\n\t\tASSET_TYPE_SR_KEY as decimal(18,0),\n\t\tASSET_TYPE as string,\n\t\tASSET_TYPE_DESC as string,\n\t\tCREATED_USER as string,\n\t\tCREATED_DATE as date,\n\t\tUPDATED_USER as string,\n\t\tUPDATED_DATE as date,\n\t\tASSET_GROUP_SR_KEY as decimal(18,0),\n\t\tISACTIVE as boolean\n\t),\n\tallowSchemaDrift: true,\n\tvalidateSchema: false,\n\tisolationLevel: 'READ_UNCOMMITTED',\n\tquery: 'Select * from CES.ASSET_TYPE',\n\tformat: 'query') ~> AssetType\nsource(output(\n\t\tRV_ID as decimal(22,0),\n\t\tRV_GUID as string,\n\t\tRV_CODE as string,\n\t\tRV_DESC as string,\n\t\tRV_TYPE as string,\n\t\tEFF_END_DATE as date,\n\t\tMODIFIED_DATE as date,\n\t\tMODIFIED_BY_USER_ID as string,\n\t\tDELETED_FLG as string,\n\t\tROW_VER as decimal(22,0),\n\t\tRV_DISPLAY_SEQ as decimal(22,0)\n\t),\n\tallowSchemaDrift: true,\n\tvalidateSchema: false,\n\tignoreNoFilesFound: false,\n\tformat: 'parquet') ~> CarrsReference\nsource(output(\n\t\tASSET_GROUP_SR_KEY as decimal(18,0),\n\t\tASSET_GROUP as string,\n\t\tASSET_GROUP_DESC as string\n\t),\n\tallowSchemaDrift: true,\n\tvalidateSchema: false,\n\tisolationLevel: 'READ_UNCOMMITTED',\n\tquery: 'Select ASSET_GROUP_SR_KEY, ASSET_GROUP, ASSET_GROUP_DESC from CES.ASSET_GROUP ',\n\tformat: 'query') ~> AssetGroup\nsource(output(\n\t\tORG_SR_KEY as decimal(18,0),\n\t\tREGION as string,\n\t\tROUTE as string\n\t),\n\tallowSchemaDrift: true,\n\tvalidateSchema: false,\n\tisolationLevel: 'READ_UNCOMMITTED',\n\tquery: 'Select ORG_SR_KEY, REGION,ROUTE from CES.ORG',\n\tformat: 'query') ~> ORG\nsource(output(\n\t\tGUID as string,\n\t\tTerritory as string,\n\t\tArea as string,\n\t\t{Railway ID} as string,\n\t\tELR as string,\n\t\tStartMileage as string,\n\t\t{HCE#} as string,\n\t\t{Asset Type} as string,\n\t\tDescription as string,\n\t\tMaterial as string,\n\t\t{Owning Party} as string\n\t),\n\tallowSchemaDrift: true,\n\tvalidateSchema: false,\n\tignoreNoFilesFound: false) ~> ManualHCEFlag\nsource(output(\n\t\tAREA_SR_KEY as decimal(18,0),\n\t\tORG_SR_KEY as decimal(18,0),\n\t\tAREA_NAME as string,\n\t\tCREATED_USER as string,\n\t\tCREATED_DATE as timestamp,\n\t\tUPDATED_USER as string,\n\t\tUPDATED_DATE as timestamp\n\t),\n\tallowSchemaDrift: true,\n\tvalidateSchema: false,\n\tisolationLevel: 'READ_UNCOMMITTED',\n\tquery: 'Select * from CES.Area',\n\tformat: 'query') ~> Area\nsource(output(\n\t\tREF_TYP_SR_KEY as decimal(18,0),\n\t\tREF_TYP_NAME as string,\n\t\tREF_TYP_CODE as string,\n\t\tREF_VAL_SR_KEY as decimal(18,0),\n\t\tREF_VALUE as string\n\t),\n\tallowSchemaDrift: true,\n\tvalidateSchema: false,\n\tisolationLevel: 'READ_UNCOMMITTED',\n\tquery: 'Select * from CTL_CES_ADL_CONTROL.vw_ADF_Reference_Type_Value',\n\tformat: 'query') ~> ViewReferenceTypeValue\nsource(output(\n\t\tELR_SR_KEY as decimal(18,0),\n\t\tELR_CODE as string,\n\t\tELR_AREA_SR_KEY as decimal(18,0),\n\t\tELR_ORG_SR_KEY as decimal(18,0)\n\t),\n\tallowSchemaDrift: true,\n\tvalidateSchema: false,\n\tisolationLevel: 'READ_UNCOMMITTED',\n\tquery: 'Select ELR_SR_KEY, ELR_CODE, AREA_SR_KEY as ELR_AREA_SR_KEY, ORG_SR_KEY as ELR_ORG_SR_KEY from CES.ENGINE_LINE_REF',\n\tformat: 'query') ~> ELR\nsource(output(\n\t\tELEMENT_ID as decimal(22,0),\n\t\tTENANTED_FLG as string\n\t),\n\tallowSchemaDrift: true,\n\tvalidateSchema: false,\n\tignoreNoFilesFound: false,\n\tformat: 'parquet') ~> TenantedFlag\nCarrsElement derive(RVTypeMaterial = 'MAT',\n\t\tRVTypeOperational = 'OPS',\n\t\tRVTypeStructural = 'STF') ~> DerivedColumnRefType\nLookupcesreferencevalue select(mapColumn(\n\t\tELEMENT_ID,\n\t\tOPERATIONAL_STATUS = REF_VAL_SR_KEY\n\t),\n\tskipDuplicateMapInputs: true,\n\tskipDuplicateMapOutputs: true) ~> SelectOperationlStatus\nLookupcesreferenceval select(mapColumn(\n\t\tELEMENT_ID,\n\t\tSECONDARY_MATERIAL = REF_VAL_SR_KEY\n\t),\n\tskipDuplicateMapInputs: true,\n\tskipDuplicateMapOutputs: true) ~> SelectSecondayMat\nLookupcesref select(mapColumn(\n\t\tELEMENT_ID,\n\t\tPRIMARY_MATERIAL = REF_VAL_SR_KEY\n\t),\n\tskipDuplicateMapInputs: true,\n\tskipDuplicateMapOutputs: true) ~> SelectPrimaryMat\nDerivedColumnRefType, CarrsReference lookup(STRUC_FORM_ID == RV_ID,\n\tmultiple: false,\n\tpickup: 'any',\n\tbroadcast: 'auto')~> LookupRefStructural\nLookupcesReference select(mapColumn(\n\t\tELEMENT_ID,\n\t\tSTRUCTURAL_FORM = REF_VAL_SR_KEY\n\t),\n\tskipDuplicateMapInputs: true,\n\tskipDuplicateMapOutputs: true) ~> SelectStructuralForm\nSelectOperationlStatus, SelectStructuralForm join(SelectOperationlStatus@ELEMENT_ID == SelectStructuralForm@ELEMENT_ID,\n\tjoinType:'inner',\n\tbroadcast: 'auto')~> Join1\nSelectSecondayMat, SelectPrimaryMat join(SelectSecondayMat@ELEMENT_ID == SelectPrimaryMat@ELEMENT_ID,\n\tjoinType:'inner',\n\tbroadcast: 'auto')~> Join2\nJoin1, Join2 join(SelectOperationlStatus@ELEMENT_ID == SelectSecondayMat@ELEMENT_ID,\n\tjoinType:'inner',\n\tbroadcast: 'auto')~> ElementReference\nElementReference select(mapColumn(\n\t\tELEMENT_ID = SelectOperationlStatus@ELEMENT_ID,\n\t\tOPERATIONAL_STATUS,\n\t\tSTRUCTURAL_FORM,\n\t\tSECONDARY_MATERIAL,\n\t\tPRIMARY_MATERIAL\n\t),\n\tskipDuplicateMapInputs: true,\n\tskipDuplicateMapOutputs: true) ~> SelectElementReference\nCarrsElement, SelectElementReference join(CarrsElement@ELEMENT_ID == SelectElementReference@ELEMENT_ID,\n\tjoinType:'inner',\n\tbroadcast: 'auto')~> ElementJoinReference\nCarrsElement select(mapColumn(\n\t\tELEMENT_ID,\n\t\tPARENT_ASSET_GUID = CAI_GUID\n\t),\n\tskipDuplicateMapInputs: true,\n\tskipDuplicateMapOutputs: true) ~> SelectParentAssetID\nElementJoinReference, SelectParentAssetID lookup(PARENT_ELEMENT_ID == SelectParentAssetID@ELEMENT_ID,\n\tmultiple: false,\n\tpickup: 'any',\n\tbroadcast: 'auto')~> LookUpParentAsset\nJoinAssetType select(mapColumn(\n\t\tASSET_GUID = CAI_GUID,\n\t\tTENANTED_FLG,\n\t\tOUTSIDE_PARTY = RV_DESC,\n\t\tASSET_NAME = ELEMENT_NAME,\n\t\tSTART_OS_GRID_REF = START_OS_REF,\n\t\tEND_OS_GRID_REF = END_OS_REF,\n\t\tASSET_TYPE_SR_KEY,\n\t\tASSET_GROUP_SR_KEY,\n\t\tORG_SR_KEY,\n\t\tENG_LINE_REF = ELR_SR_KEY,\n\t\tSTART_MILES,\n\t\tSTART_YARDS,\n\t\tEND_MILES,\n\t\tEND_YARDS,\n\t\tRAILWAY_ID = BUSINESS_REF,\n\t\tOPERATIONAL_STATUS,\n\t\tSTRUCTURAL_FORM,\n\t\tSECONDARY_MATERIAL,\n\t\tPRIMARY_MATERIAL,\n\t\tOWNING_PARTY,\n\t\tPARENT_ASSET_GUID,\n\t\tHCE_FLAG = HCEFlag,\n\t\tAREA_SR_KEY,\n\t\tCMI_SCORE = LATEST_SCMI_SCORE_VAL,\n\t\tCMI_DATE = LATEST_SCMI_SCORE_DATE,\n\t\tDELETED_FLG = CarrsElement@DELETED_FLG\n\t),\n\tskipDuplicateMapInputs: false,\n\tskipDuplicateMapOutputs: false) ~> SelectFinal\nCarrsElement, ManualHCEFlag lookup(CAI_GUID == upper(GUID),\n\tmultiple: false,\n\tpickup: 'any',\n\tbroadcast: 'auto')~> lookupHCEFlag\nlookupHCEFlag derive(HCEFlag = iif(isNull(GUID),'N','Y')) ~> DerivedColumn1\nDerivedColumn1 select(mapColumn(\n\t\tELEMENT_ID,\n\t\tHCEFlag\n\t),\n\tskipDuplicateMapInputs: true,\n\tskipDuplicateMapOutputs: true) ~> SelectHCEFlagMapping\nLookUpParentAsset, SelectHCEFlagMapping lookup(CarrsElement@ELEMENT_ID == SelectHCEFlagMapping@ELEMENT_ID,\n\tmultiple: false,\n\tpickup: 'any',\n\tbroadcast: 'auto')~> HCEFlag\nCarrsElement, Area join(lower(AREA) == lower(AREA_NAME),\n\tjoinType:'inner',\n\tbroadcast: 'auto')~> GeoJoinArea\nGeoJoinArea select(mapColumn(\n\t\tGEOG_UNIT_ID,\n\t\tELEMENT_ID,\n\t\tAREA_SR_KEY,\n\t\tAREA_NAME\n\t),\n\tskipDuplicateMapInputs: true,\n\tskipDuplicateMapOutputs: true) ~> SelectAreaSRKey\nSelectFinal split(!isNull(ASSET_GUID),\n\tdisjoint: false) ~> ConditionalSplit1@(AssetGuidValid, AssetGuidError)\nConditionalSplit1@AssetGuidError derive(ErrorDesc = 'CAI_GUID is Null') ~> AssetGuidErrorDesc\nConditionalSplit1@AssetGuidValid split(!isNull(ASSET_TYPE_SR_KEY),\n\tdisjoint: false) ~> ConditionalSplit2@(ElementTypeDescValid, ElementTypeDescError)\nConditionalSplit2@ElementTypeDescError derive(ErrorDesc = 'Element Type description is Null') ~> ElementTypeDescErrorDesc\nConditionalSplit2@ElementTypeDescValid split(!isNull(ASSET_GROUP_SR_KEY),\n\tdisjoint: false) ~> ConditionalSplit3@(AssetGroupIdValid, AssetGroupIdError)\nConditionalSplit3@AssetGroupIdError derive(ErrorDesc = 'Element Type description is Null') ~> AssertGroupIdError\nConditionalSplit3@AssetGroupIdValid split(!isNull(ORG_SR_KEY),\n\tdisjoint: false) ~> ConditionalSplit4@(TERRITORYValid, TERRITORYError)\nConditionalSplit4@TERRITORYError derive(ErrorDesc = 'Route is Null') ~> TerritoryError\nConditionalSplit4@TERRITORYValid split(!isNull(AREA_SR_KEY),\n\tdisjoint: false) ~> ConditionalSplit5@(AREAValid, AREAError)\nConditionalSplit5@AREAError derive(ErrorDesc = 'Area is Null') ~> AreaIdError\nConditionalSplit5@AREAValid split(!isNull(ENG_LINE_REF),\n\tdisjoint: false) ~> ConditionalSplit6@(EngLinrRefValid, EngLinrRefError)\nConditionalSplit6@EngLinrRefError derive(ErrorDesc = 'EngLineRef is Null') ~> EngLineRefError\nConditionalSplit6@EngLinrRefValid split(!isNull(START_MILES),\n\tdisjoint: false) ~> ConditionalSplit7@(StartMilesValid, StartMilesError)\nConditionalSplit7@StartMilesError derive(ErrorDesc = 'Start miles is Null') ~> StartMilesError\nConditionalSplit7@StartMilesValid split(!isNull(START_YARDS),\n\tdisjoint: false) ~> ConditionalSplit8@(StartYardsValid, StartYardsError)\nConditionalSplit8@StartYardsError derive(ErrorDesc = 'Start Yards is Null') ~> StartYardsError\nConditionalSplit8@StartYardsValid split(!isNull(HCE_FLAG),\n\tdisjoint: false) ~> ConditionalSplit9@(HceFlagValid, HceFlagError)\nConditionalSplit9@HceFlagError derive(ErrorDesc = 'HCE Flag is Null') ~> HceFlagError\nAssetGuidErrorDesc, ElementTypeDescErrorDesc, AssertGroupIdError, TerritoryError, AreaIdError, EngLineRefError, StartMilesError, StartYardsError, HceFlagError union(byName: true)~> ErrorRecords\nCarrsReference, ViewReferenceTypeValue join(lower(RV_DESC) == lower(REF_VALUE),\n\tjoinType:'inner',\n\tbroadcast: 'auto')~> JoinCESReferenceView\nJoinCESReferenceView select(mapColumn(\n\t\tRV_ID,\n\t\tRV_CODE,\n\t\tREF_TYP_CODE,\n\t\tREF_VAL_SR_KEY,\n\t\tREF_VALUE\n\t),\n\tskipDuplicateMapInputs: true,\n\tskipDuplicateMapOutputs: true) ~> SelectReferenceValue\nConditionalSplit9@HceFlagValid derive(Migration_CREATED_DATE = currentUTC(),\n\t\tUPDATED_DATE = toDate(''),\n\t\tUPDATED_USER = 'CARRS') ~> DerivedColumn2\nHCEFlag, CarrsReference lookup(OUTSIDE_PARTY_ID == RV_ID,\n\tmultiple: false,\n\tpickup: 'any',\n\tbroadcast: 'auto')~> LookUpOutsideparty\nLookupELR, TenantedFlag join(CarrsElement@ELEMENT_ID == TenantedFlag@ELEMENT_ID,\n\tjoinType:'left',\n\tbroadcast: 'auto')~> JoinTenantedFlag\nJoinorgroute, ELR lookup(CarrsElement@ELR_CODE == ELR@ELR_CODE\n\t&& AREA_SR_KEY == ELR_AREA_SR_KEY\n\t&& ORG_SR_KEY == ELR_ORG_SR_KEY,\n\tmultiple: false,\n\tpickup: 'any',\n\tbroadcast: 'auto')~> LookupELR\nLookupRefStructural, ViewReferenceTypeValue lookup(lower(RV_DESC) == lower(REF_VALUE)\n\t&& RVTypeStructural == REF_TYP_CODE,\n\tmultiple: false,\n\tpickup: 'any',\n\tbroadcast: 'auto')~> LookupcesReference\nDerivedColumnRefType, CarrsReference lookup(STRUC_FORM_ID == RV_ID,\n\tmultiple: false,\n\tpickup: 'any',\n\tbroadcast: 'auto')~> Lookupcarrsreference\nLookupcarrsreference, ViewReferenceTypeValue lookup(lower(RV_DESC) == lower(REF_VALUE)\n\t&& RVTypeOperational == REF_TYP_CODE,\n\tmultiple: false,\n\tpickup: 'any',\n\tbroadcast: 'auto')~> Lookupcesreferencevalue\nDerivedColumnRefType, CarrsReference lookup(STRUC_FORM_ID == RV_ID,\n\tmultiple: false,\n\tpickup: 'any',\n\tbroadcast: 'auto')~> Lookupcarrsreferencevalue\nLookupcarrsreferencevalue, ViewReferenceTypeValue lookup(lower(RV_DESC) == lower(REF_VALUE)\n\t&& RVTypeMaterial == REF_TYP_CODE,\n\tmultiple: false,\n\tpickup: 'any',\n\tbroadcast: 'auto')~> Lookupcesreferenceval\nDerivedColumnRefType, CarrsReference lookup(STRUC_FORM_ID == RV_ID,\n\tmultiple: false,\n\tpickup: 'any',\n\tbroadcast: 'auto')~> Lookupcarrsref\nLookupcarrsref, ViewReferenceTypeValue lookup(lower(RV_DESC) == lower(REF_VALUE)\n\t&& RVTypeMaterial == REF_TYP_CODE,\n\tmultiple: false,\n\tpickup: 'any',\n\tbroadcast: 'auto')~> Lookupcesref\nLookUpOutsideparty, SelectAreaSRKey join(CarrsElement@ELEMENT_ID == SelectAreaSRKey@ELEMENT_ID,\n\tjoinType:'inner',\n\tbroadcast: 'auto')~> JoinArea\nCarrsElement, ORG join(lower(CarrsElement@ROUTE) == lower(ORG@ROUTE),\n\tjoinType:'inner',\n\tbroadcast: 'auto')~> Joinorg\nJoinorg select(mapColumn(\n\t\tELEMENT_ID,\n\t\tORG_SR_KEY,\n\t\tROUTE = ORG@ROUTE\n\t),\n\tskipDuplicateMapInputs: true,\n\tskipDuplicateMapOutputs: true) ~> Selectorgroute\nJoinArea, Selectorgroute join(CarrsElement@ELEMENT_ID == Selectorgroute@ELEMENT_ID,\n\tjoinType:'inner',\n\tbroadcast: 'auto')~> Joinorgroute\nJoinTenantedFlag, AssetType join(lower(ELEMENT_TYPE_DESC) == lower(ASSET_TYPE_DESC),\n\tjoinType:'inner',\n\tbroadcast: 'auto')~> JoinAssetType\nDerivedColumn2 sink(allowSchemaDrift: true,\n\tvalidateSchema: false,\n\tformat: 'parquet',\n\tpartitionFileNames:[(concat('CES_Asset_',toString(currentUTC(),'yyyyMMdd'),'.parquet'))],\n\tumask: 0022,\n\tskipDuplicateMapInputs: true,\n\tskipDuplicateMapOutputs: true,\n\tpartitionBy('hash', 1)) ~> SinkDQCurated\nErrorRecords sink(allowSchemaDrift: true,\n\tvalidateSchema: false,\n\tpartitionFileNames:[(concat('CES_Asset_Error_',toString(currentUTC(),'yyyyMMdd'),'.csv'))],\n\tumask: 0022,\n\tskipDuplicateMapInputs: true,\n\tskipDuplicateMapOutputs: true,\n\tpartitionBy('hash', 1)) ~> sinkError"
		}
	}
}