{
	"name": "dataflow_ces_RiskAssesmentStatus_Raw_Curated",
	"properties": {
		"folder": {
			"name": "RiskAssesmentStatus"
		},
		"type": "MappingDataFlow",
		"typeProperties": {
			"sources": [
				{
					"dataset": {
						"referenceName": "ds_adlsgen2_common_xlsx",
						"type": "DatasetReference"
					},
					"name": "SourceRiskAssesment"
				},
				{
					"dataset": {
						"referenceName": "ds_sql_common_SQLQuery",
						"type": "DatasetReference"
					},
					"name": "SourceExamType"
				},
				{
					"dataset": {
						"referenceName": "ds_SQL_common_query",
						"type": "DatasetReference"
					},
					"name": "CESAsset"
				}
			],
			"sinks": [
				{
					"dataset": {
						"referenceName": "ds_adlsgen2_Insert_Parquet",
						"type": "DatasetReference"
					},
					"name": "DQSinkCurated"
				},
				{
					"dataset": {
						"referenceName": "ds_adlsgen2_common_sink_csv",
						"type": "DatasetReference"
					},
					"name": "DQSinkError"
				}
			],
			"transformations": [
				{
					"name": "ConditionalSplit1"
				},
				{
					"name": "Select1"
				},
				{
					"name": "DerivedColumn1"
				},
				{
					"name": "LookupExamType"
				},
				{
					"name": "DCMandatoryValidation"
				},
				{
					"name": "UnionErrorDesc"
				},
				{
					"name": "Select2"
				},
				{
					"name": "Lookup1"
				},
				{
					"name": "ConditionalSplit2"
				},
				{
					"name": "DCInvlidAssetCombination"
				},
				{
					"name": "Select4"
				},
				{
					"name": "Select5"
				},
				{
					"name": "Select6"
				},
				{
					"name": "RAStatusCheck"
				},
				{
					"name": "SelectRAStatusError"
				},
				{
					"name": "DCRAStatusError"
				},
				{
					"name": "FilterNULLROWS"
				}
			],
			"script": "parameters{\n\tOutputFileName as string,\n\tErrorFileName as string,\n\tUser_ID as string\n}\nsource(output(\n\t\tREGION as string,\n\t\tROUTE as string,\n\t\tAREA as string,\n\t\tELR as string,\n\t\tRAILWAY_ID as string,\n\t\tMILEAGE_FROM as string,\n\t\tMILEAGE_TO as string,\n\t\tASSET_GROUP as string,\n\t\tASSET_TYPE as string,\n\t\tASSET_DESCRIPTION as string,\n\t\tASSET_GUID as string,\n\t\tDETAILED_COMPLIANCE_DATE as string,\n\t\tDETAILED_PLANNED_DATE as string,\n\t\tDETAILED_LATEST_ACTUAL_EXAM_DATE as string,\n\t\tDETAILED_SUPPLIER as string,\n\t\tDETAILED_COMPLIANCE_STATUS as string,\n\t\tDETAILED_RISK_ASSESSMENT_STATUS as string,\n\t\tDETAILED_FREQUENCY as string,\n\t\tVISUAL_COMPLIANCE_DATE as string,\n\t\tVISUAL_PLANNED_DATE as string,\n\t\tVISUAL_LATEST_ACTUAL_EXAM_DATE as string,\n\t\tVISUAL_SUPPLIER as string,\n\t\tVISUAL_COMPLIANCE_STATUS as string,\n\t\tVISUAL_RISK_ASSESSMENT_STATUS as string,\n\t\tVISUAL_FREQUENCY as string,\n\t\tUNDER_WATER_COMPLIANCE_DATE as string,\n\t\tUNDER_WATER_PLANNED_DATE as string,\n\t\tUNDER_WATER_LATEST_ACTUAL_EXAM_DATE as string,\n\t\tUNDER_WATER_SUPPLIER as string,\n\t\tUNDER_WATER_COMPLIANCE_STATUS as string,\n\t\tUNDER_WATER_RISK_ASSESSMENT_STATUS as string,\n\t\tUNDER_WATER_FREQUENCY as string\n\t),\n\tallowSchemaDrift: true,\n\tvalidateSchema: false,\n\tignoreNoFilesFound: false) ~> SourceRiskAssesment\nsource(output(\n\t\tEXAM_TYPE_SR_KEY as decimal(18,0),\n\t\tEXAM_TYPE as string\n\t),\n\tallowSchemaDrift: true,\n\tvalidateSchema: false,\n\tisolationLevel: 'READ_UNCOMMITTED',\n\tquery: 'Select EXAM_TYPE_SR_KEY, EXAM_TYPE from CES.EXAM_TYPE',\n\tformat: 'query') ~> SourceExamType\nsource(output(\n\t\tASSET_GUID as string,\n\t\tRAILWAY_ID as string,\n\t\tELR_CODE as string\n\t),\n\tallowSchemaDrift: true,\n\tvalidateSchema: false,\n\tisolationLevel: 'READ_UNCOMMITTED',\n\tquery: 'Select a.ASSET_GUID, a.RAILWAY_ID, ELR.ELR_CODE from CES.Asset a\\nInner Join CES.ENGINE_LINE_REF ELR ON ELR.ELR_SR_KEY =  a.ENG_LINE_REF',\n\tformat: 'query') ~> CESAsset\nRAStatusCheck@ValidRows split(!(isNull(ELR) || isNull({Railway ID}) || isNull({Asset GUID}) || isNull({Visual Risk Assessment Status})),\n\tdisjoint: false) ~> ConditionalSplit1@(MandatoryValidRows, MandatoryInValidRows)\nConditionalSplit1@MandatoryValidRows select(mapColumn(\n\t\tELR,\n\t\t{Railway ID},\n\t\t{Asset GUID},\n\t\t{visual Risk Assessment Status} = {Visual Risk Assessment Status}\n\t),\n\tskipDuplicateMapInputs: true,\n\tskipDuplicateMapOutputs: true) ~> Select1\nConditionalSplit2@ValidRecords derive(ExamType = 'Visual') ~> DerivedColumn1\nDerivedColumn1, SourceExamType lookup(lower(ExamType) == lower(EXAM_TYPE),\n\tmultiple: false,\n\tpickup: 'any',\n\tbroadcast: 'auto')~> LookupExamType\nSelect2 derive(ErrorDesc = concat(\r\n    rtrim(\r\n        concat(\r\n            iif(isNull(ELR), 'ELR, ',''), \r\n            iif(isNull({Railway ID}), 'Railway ID, ',''),\r\n            iif(isNull({Asset GUID}), 'Asset GUID, ',''), \r\n            iif(isNull({visual Risk Assessment Status}), 'visual Risk Assessment Status, ','')                   \r\n), ', '), ' is NULL')) ~> DCMandatoryValidation\nDCInvlidAssetCombination, DCMandatoryValidation, DCRAStatusError union(byName: true)~> UnionErrorDesc\nConditionalSplit1@MandatoryInValidRows select(mapColumn(\n\t\tELR,\n\t\t{Railway ID},\n\t\t{Asset GUID},\n\t\t{visual Risk Assessment Status} = {Visual Risk Assessment Status}\n\t),\n\tskipDuplicateMapInputs: true,\n\tskipDuplicateMapOutputs: true) ~> Select2\nSelect1, CESAsset lookup(upper(trim({Asset GUID})) == upper(ASSET_GUID)\n\t&& lower(ELR) == lower(ELR_CODE)\n\t&& lower({Railway ID}) == lower(RAILWAY_ID),\n\tmultiple: false,\n\tpickup: 'any',\n\tbroadcast: 'auto')~> Lookup1\nLookup1 split(!isNull(ASSET_GUID),\n\tdisjoint: false) ~> ConditionalSplit2@(ValidRecords, InValidRecords)\nSelect4 derive(ErrorDesc = 'Valid Asset, ELR, RailwayID Combination not found') ~> DCInvlidAssetCombination\nConditionalSplit2@InValidRecords select(mapColumn(\n\t\tELR,\n\t\t{Railway ID},\n\t\t{Asset GUID},\n\t\t{visual Risk Assessment Status}\n\t),\n\tskipDuplicateMapInputs: true,\n\tskipDuplicateMapOutputs: true) ~> Select4\nLookupExamType select(mapColumn(\n\t\tASSET_GUID = {Asset GUID},\n\t\tEXAM_TYPE_SR_KEY\n\t),\n\tskipDuplicateMapInputs: true,\n\tskipDuplicateMapOutputs: true) ~> Select5\nSourceRiskAssesment select(mapColumn(\n\t\tRegion = REGION,\n\t\tRoute = ROUTE,\n\t\tArea = AREA,\n\t\tELR,\n\t\t{Railway ID} = RAILWAY_ID,\n\t\t{Mileage From} = MILEAGE_FROM,\n\t\t{Mileage To} = MILEAGE_TO,\n\t\t{Asset Group} = ASSET_GROUP,\n\t\t{Asset Type} = ASSET_TYPE,\n\t\t{Asset Description} = ASSET_DESCRIPTION,\n\t\t{Asset GUID} = ASSET_GUID,\n\t\tDETAILED_COMPLIANCE_DATE,\n\t\tDETAILED_PLANNED_DATE,\n\t\tDETAILED_LATEST_ACTUAL_EXAM_DATE,\n\t\tDETAILED_SUPPLIER,\n\t\t{Detailed Compliance} = DETAILED_COMPLIANCE_STATUS,\n\t\t{Detailed Risk Assessment Status} = DETAILED_RISK_ASSESSMENT_STATUS,\n\t\t{Detailed Frequecy} = DETAILED_FREQUENCY,\n\t\tVISUAL_COMPLIANCE_DATE,\n\t\tVISUAL_PLANNED_DATE,\n\t\tVISUAL_LATEST_ACTUAL_EXAM_DATE,\n\t\tVISUAL_SUPPLIER,\n\t\t{Visual Compliance} = VISUAL_COMPLIANCE_STATUS,\n\t\t{Visual Risk Assessment Status} = VISUAL_RISK_ASSESSMENT_STATUS,\n\t\t{Visual Frequency} = VISUAL_FREQUENCY,\n\t\tUNDER_WATER_COMPLIANCE_DATE,\n\t\tUNDER_WATER_PLANNED_DATE,\n\t\tUNDER_WATER_LATEST_ACTUAL_EXAM_DATE,\n\t\tUNDER_WATER_SUPPLIER,\n\t\t{Under Water Compliance} = UNDER_WATER_COMPLIANCE_STATUS,\n\t\t{Under Water Risk Assessment Status} = UNDER_WATER_RISK_ASSESSMENT_STATUS,\n\t\t{Under Water Frequency} = UNDER_WATER_FREQUENCY\n\t),\n\tskipDuplicateMapInputs: true,\n\tskipDuplicateMapOutputs: true) ~> Select6\nFilterNULLROWS split(trim(lower({Visual Risk Assessment Status})) == 'completed (data)',\n\tdisjoint: false) ~> RAStatusCheck@(ValidRows, InvalidRows)\nRAStatusCheck@InvalidRows select(mapColumn(\n\t\tELR,\n\t\t{Railway ID},\n\t\t{Asset GUID},\n\t\t{Visual Risk Assessment Status}\n\t),\n\tskipDuplicateMapInputs: true,\n\tskipDuplicateMapOutputs: true) ~> SelectRAStatusError\nSelectRAStatusError derive(ErrorDesc = 'Incorrect RA status - Expected status is Completed (data)') ~> DCRAStatusError\nSelect6 filter(!(isNull(Region) && isNull(Route) && isNull(Area) && isNull(ELR) && isNull({Railway ID}) && isNull({Mileage From}) && isNull({Mileage To}) && isNull({Asset Group}) && isNull({Asset Type}) && isNull({Asset Description}) \n&& isNull({Asset GUID}) && isNull(DETAILED_COMPLIANCE_DATE) && isNull(DETAILED_PLANNED_DATE) && isNull(DETAILED_LATEST_ACTUAL_EXAM_DATE) && isNull(DETAILED_SUPPLIER) && isNull({Detailed Compliance}) && isNull({Detailed Risk Assessment Status}) && isNull({Detailed Frequecy})\n&& isNull({Visual Risk Assessment Status}) && isNull({Visual Frequency}) && isNull(Route) && isNull({Under Water Risk Assessment Status}))) ~> FilterNULLROWS\nSelect5 sink(allowSchemaDrift: true,\n\tvalidateSchema: false,\n\tformat: 'parquet',\n\tpartitionFileNames:[($OutputFileName)],\n\tumask: 0022,\n\tskipDuplicateMapInputs: true,\n\tskipDuplicateMapOutputs: true,\n\tmapColumn(\n\t\tASSET_GUID,\n\t\tEXAM_TYPE_SR_KEY\n\t),\n\tpartitionBy('hash', 1)) ~> DQSinkCurated\nUnionErrorDesc sink(allowSchemaDrift: true,\n\tvalidateSchema: false,\n\tpartitionFileNames:[($ErrorFileName)],\n\tumask: 0022,\n\tskipDuplicateMapInputs: true,\n\tskipDuplicateMapOutputs: true,\n\tmapColumn(\n\t\tELR,\n\t\tRAILWAY_ID = {Railway ID},\n\t\tASSET_GUID = {Asset GUID},\n\t\tVISUAL_RISK_ASSESSMENT_STATUS = {visual Risk Assessment Status},\n\t\tErrorDesc\n\t),\n\tpartitionBy('hash', 1)) ~> DQSinkError"
		}
	}
}