{
	"name": "dataflow_ces_Exam_Sync_Insert_Transform",
	"properties": {
		"folder": {
			"name": "CARRS/Exam"
		},
		"type": "MappingDataFlow",
		"typeProperties": {
			"sources": [
				{
					"dataset": {
						"referenceName": "ds_adlsgen2_Common_parquet",
						"type": "DatasetReference"
					},
					"name": "CarrsExamimation"
				},
				{
					"dataset": {
						"referenceName": "ds_adlsgen2_Common_parquet",
						"type": "DatasetReference"
					},
					"name": "CarrsReferenceValue"
				},
				{
					"dataset": {
						"referenceName": "ds_sql_common_SQLQuery",
						"type": "DatasetReference"
					},
					"name": "ViewReferenceTypeValue"
				},
				{
					"dataset": {
						"referenceName": "ds_sql_common_SQLQuery",
						"type": "DatasetReference"
					},
					"name": "CESExamType"
				},
				{
					"dataset": {
						"referenceName": "ds_sql_common_SQLQuery",
						"type": "DatasetReference"
					},
					"name": "CESSupplier"
				},
				{
					"dataset": {
						"referenceName": "ds_SQL_common_query",
						"type": "DatasetReference"
					},
					"name": "CESExam"
				},
				{
					"dataset": {
						"referenceName": "ds_SQL_common_query",
						"type": "DatasetReference"
					},
					"name": "CESExamGroup"
				},
				{
					"dataset": {
						"referenceName": "ds_SQL_common_query",
						"type": "DatasetReference"
					},
					"name": "CESAsset"
				}
			],
			"sinks": [
				{
					"dataset": {
						"referenceName": "ds_adlsgen2_Insert_Parquet",
						"type": "DatasetReference"
					},
					"name": "SinkDQCurated"
				},
				{
					"dataset": {
						"referenceName": "ds_adlsgen2_common_sink_csv",
						"type": "DatasetReference"
					},
					"name": "sinkError"
				}
			],
			"transformations": [
				{
					"name": "LookupExamType"
				},
				{
					"name": "LookupReference"
				},
				{
					"name": "DerivedColumn"
				},
				{
					"name": "SelectFinalData"
				},
				{
					"name": "LookupCESReqStatus"
				},
				{
					"name": "SelectCESREQReferenceValue"
				},
				{
					"name": "ErrorRecords"
				},
				{
					"name": "JoinCESExam"
				},
				{
					"name": "FilterInsertRecords"
				},
				{
					"name": "CSGUIDValidation"
				},
				{
					"name": "DCGuidError"
				},
				{
					"name": "LookupSuppliers"
				},
				{
					"name": "LookupRef"
				},
				{
					"name": "SelectCESExam"
				},
				{
					"name": "SelectCESREPReferenceValue"
				},
				{
					"name": "SelectCarrsRefValueExamStatus"
				},
				{
					"name": "LookupCESRepStatus"
				},
				{
					"name": "LookupExamGroup"
				},
				{
					"name": "LookupCESAsset"
				},
				{
					"name": "ConditionalSplit1"
				},
				{
					"name": "CesAssetGuidError"
				}
			],
			"script": "parameters{\n\tCuratedFileName as string,\n\tCuratedErrorFileName as string\n}\nsource(output(\n\t\tEXAM_ID as decimal(22,0),\n\t\tEXAM_GROUP_ID as decimal(22,0),\n\t\tSPECIFIC_EXAM_REQUIREMENTS as string,\n\t\tEXAM_DUE_DATE as date,\n\t\tCOMMENTS_TO_SEC_TEXT as string,\n\t\tNR_INTERNAL_NOTE_TEXT as string,\n\t\tDELETED_FLG as string,\n\t\tEXAM_SUMMARY_ID as decimal(22,0),\n\t\tSIGNED_OFF_DATE as date,\n\t\tEXAM_ACTUAL_DATE as date,\n\t\tEXAM_REVIEW_DATE as date,\n\t\tEXAM_SIGNOFF_DATE as date,\n\t\tENTERED_DATE as date,\n\t\tEXAM_STATUS_ID as decimal(22,0),\n\t\tEXAM_COMPLETE_IND as string,\n\t\tEXAMINER_NAME as string,\n\t\tEXAMINER_COMMENT as string,\n\t\tREVIEWER_NAME as string,\n\t\tREVIEWER_COMMENT as string,\n\t\tREPORT_STRUCT_DESC as string,\n\t\tAT_BETWEEN_STATION_TEXT as string,\n\t\tREPORT_SPAN_TEXT as string,\n\t\tCAI_GUID as string,\n\t\tLATEST_SCMI_SCORE_VAL as decimal(22,0),\n\t\tLATEST_SCMI_SCORE_DATE as date,\n\t\tEXAM_TYPE_DESC as string,\n\t\tEXAM_SUMMARY_DOC_LINK_URL as string,\n\t\tORG_NAME as string,\n\t\tEXAM_STATUS_HISTORY as string\n\t),\n\tallowSchemaDrift: true,\n\tvalidateSchema: false,\n\tignoreNoFilesFound: false,\n\tformat: 'parquet') ~> CarrsExamimation\nsource(output(\n\t\tRV_ID as decimal(22,0),\n\t\tRV_GUID as string,\n\t\tRV_CODE as string,\n\t\tRV_DESC as string,\n\t\tRV_TYPE as string,\n\t\tEFF_END_DATE as date,\n\t\tMODIFIED_DATE as date,\n\t\tMODIFIED_BY_USER_ID as string,\n\t\tDELETED_FLG as string,\n\t\tROW_VER as decimal(22,0),\n\t\tRV_DISPLAY_SEQ as decimal(22,0)\n\t),\n\tallowSchemaDrift: true,\n\tvalidateSchema: false,\n\tignoreNoFilesFound: false,\n\tformat: 'parquet') ~> CarrsReferenceValue\nsource(output(\n\t\tREF_TYP_SR_KEY as decimal(18,0),\n\t\tREF_TYP_NAME as string,\n\t\tREF_TYP_CODE as string,\n\t\tREF_VAL_SR_KEY as decimal(18,0),\n\t\tREF_VALUE as string\n\t),\n\tallowSchemaDrift: true,\n\tvalidateSchema: false,\n\tisolationLevel: 'READ_UNCOMMITTED',\n\tquery: 'Select * from [CTL_CES_ADL_CONTROL].vw_ADF_Reference_Type_Value',\n\tformat: 'query') ~> ViewReferenceTypeValue\nsource(output(\n\t\tEXAM_TYPE_SR_KEY as decimal(18,0),\n\t\tEXAM_TYPE as string\n\t),\n\tallowSchemaDrift: true,\n\tvalidateSchema: false,\n\tisolationLevel: 'READ_UNCOMMITTED',\n\tquery: 'Select EXAM_TYPE_SR_KEY, EXAM_TYPE from [CES].Exam_Type',\n\tformat: 'query') ~> CESExamType\nsource(output(\n\t\tSUPPLIER_SR_KEY as decimal(18,0),\n\t\tSUPPLIER_NAME as string\n\t),\n\tallowSchemaDrift: true,\n\tvalidateSchema: false,\n\tisolationLevel: 'READ_UNCOMMITTED',\n\tquery: 'Select SUPPLIER_SR_KEY, SUPPLIER_NAME from [CES].SUPPLIER',\n\tformat: 'query') ~> CESSupplier\nsource(output(\n\t\tCES_EXAM_ID as decimal(18,0),\n\t\tCES_Asset_GUID as string,\n\t\tCES_EXAM_REQ_STATUS as decimal(18,0)\n\t),\n\tallowSchemaDrift: true,\n\tvalidateSchema: false,\n\tisolationLevel: 'READ_COMMITTED',\n\tquery: 'Select EXAM_ID AS CES_EXAM_ID, Asset_GUID AS  CES_Asset_GUID, EXAM_REQ_STATUS as CES_EXAM_REQ_STATUS from CES.Exam',\n\tformat: 'query') ~> CESExam\nsource(output(\n\t\tEXAM_GROUP_SR_KEY as decimal(18,0),\n\t\tCARRS_EXAM_GROUP_ID as decimal(18,0)\n\t),\n\tallowSchemaDrift: true,\n\tvalidateSchema: false,\n\tisolationLevel: 'READ_UNCOMMITTED',\n\tquery: 'Select EXAM_GROUP_SR_KEY, CARRS_EXAM_GROUP_ID from [CES].[EXAM_GROUP]',\n\tformat: 'query') ~> CESExamGroup\nsource(output(\n\t\tastAsset as string,\n\t\tastORG_SR_KEY as decimal(18,0)\n\t),\n\tallowSchemaDrift: true,\n\tvalidateSchema: false,\n\tisolationLevel: 'READ_UNCOMMITTED',\n\tquery: 'Select ASSET_GUID AS astAsset, ORG_SR_KEY AS astORG_SR_KEY from CES.Asset',\n\tformat: 'query') ~> CESAsset\nFilterInsertRecords, CESExamType lookup(lower(EXAM_TYPE_DESC) == lower(EXAM_TYPE),\n\tmultiple: false,\n\tpickup: 'any',\n\tbroadcast: 'auto')~> LookupExamType\nLookupExamType, SelectCarrsRefValueExamStatus lookup(EXAM_STATUS_ID == RV_ID,\n\tmultiple: false,\n\tpickup: 'any',\n\tbroadcast: 'auto')~> LookupReference\nLookupSuppliers derive(CREATED_USER_CUSTOM = 'CARRS',\n\t\tCREATED_DATE_CUSTOM = currentUTC(),\n\t\tEXAM_REQ_STATUS = iif ((lower(EXAM_STATUS_HISTORY) == 'planned')\r\n        ,iif((lower(EXAM_TYPE_DESC) == 'visual' || lower(EXAM_TYPE_DESC) == 'detailed' || lower(EXAM_TYPE_DESC) == 'underwater' \r\n                || lower(EXAM_TYPE_DESC) == 'line of route')\r\n                ,'Planned'\r\n                ,'Scheduled')\r\n        ,EXAM_STATUS_HISTORY),\n\t\tExamReqStatusType = 'ERS',\n\t\tExamReportStatus = iif ((lower(EXAM_STATUS_HISTORY) == 'planned' || lower(EXAM_STATUS_HISTORY) == 'scheduled' || lower(EXAM_STATUS_HISTORY) == 'requested')\r\n        ,''\r\n        ,Carrs_Exam_Status),\n\t\tExamRepStatusType = 'ERP') ~> DerivedColumn\nLookupCESAsset select(mapColumn(\n\t\tEXAM_ID,\n\t\tASSET_GUID = CAI_GUID,\n\t\tEXAM_GROUP_SR_KEY,\n\t\tEXAM_BASELINE_DATE = EXAM_DUE_DATE,\n\t\tEXAM_PLANNED_DATE = EXAM_DUE_DATE,\n\t\tEXAM_ACTUAL_DATE,\n\t\tENTERED_DATE,\n\t\tEXAM_SUBMISSION_DATE = ENTERED_DATE,\n\t\tEXAM_REVIEW_DATE,\n\t\tEXAM_SIGNOFF_DATE,\n\t\tINTERNAL_NOTES = NR_INTERNAL_NOTE_TEXT,\n\t\tCOMMENT_TO_SEC = COMMENTS_TO_SEC_TEXT,\n\t\tEXAM_TYPE_SR_KEY,\n\t\tEXAM_REQ_STATUS = CES_REQ_STATUS_REF_VAL_SR_KEY,\n\t\tEXAM_REQUEST_STATUS_VALUE = CES_REQ_STATUS_REF_VALUE,\n\t\tEXAM_REPORT_STATUS = CES_REP_STATUS_REF_VAL_SR_KEY,\n\t\tEXAM_REPORT_STATUS_VALUE = CES_REP_STATUS_REF_VALUE,\n\t\tEXAM_COMPLETED_IND = EXAM_COMPLETE_IND,\n\t\tEXAMINER_NAME,\n\t\tEXAMINER_COMMENT,\n\t\tREVIEWER_NAME,\n\t\tREVIEWER_COMMENT,\n\t\tSUPPLIER_SR_KEY,\n\t\tSUPPLIER_REPORT_FILENAME = EXAM_SUMMARY_DOC_LINK_URL,\n\t\tCMI_SCORE = LATEST_SCMI_SCORE_VAL,\n\t\tCMI_DATE = LATEST_SCMI_SCORE_DATE,\n\t\tSTRUC_DESCRIPTION = REPORT_STRUCT_DESC,\n\t\tAT_OR_BETWEEN_STATIONS = AT_BETWEEN_STATION_TEXT,\n\t\tSPAN_TEXT = REPORT_SPAN_TEXT,\n\t\tMigration_CREATED_USER = CREATED_USER_CUSTOM,\n\t\tMigration_CREATED_DATE = CREATED_DATE_CUSTOM,\n\t\tDELETED_FLG,\n\t\tEXAM_TYPE_DESC,\n\t\tEXAM_REQUIREMENT = SPECIFIC_EXAM_REQUIREMENTS,\n\t\tCES_Asset_GUID = astAsset\n\t),\n\tskipDuplicateMapInputs: false,\n\tskipDuplicateMapOutputs: false) ~> SelectFinalData\nDerivedColumn, SelectCESREQReferenceValue lookup(lower(EXAM_REQ_STATUS) == lower(CES_REQ_STATUS_REF_VALUE)\n\t&& ExamReqStatusType == CES_REQ_STATUS_REF_TYP_CODE,\n\tmultiple: false,\n\tpickup: 'any',\n\tbroadcast: 'auto')~> LookupCESReqStatus\nViewReferenceTypeValue select(mapColumn(\n\t\tCES_REQ_STATUS_REF_TYP_CODE = REF_TYP_CODE,\n\t\tCES_REQ_STATUS_REF_VAL_SR_KEY = REF_VAL_SR_KEY,\n\t\tCES_REQ_STATUS_REF_VALUE = REF_VALUE\n\t),\n\tskipDuplicateMapInputs: true,\n\tskipDuplicateMapOutputs: true) ~> SelectCESREQReferenceValue\nDCGuidError, CesAssetGuidError union(byName: true)~> ErrorRecords\nCarrsExamimation, SelectCESExam join(EXAM_ID == CES_EXAM_ID\n\t&& CAI_GUID == CES_Exam_Asset_GUID,\n\tjoinType:'left',\n\tbroadcast: 'auto')~> JoinCESExam\nJoinCESExam filter(isNull(CES_EXAM_ID) && DELETED_FLG == 'N') ~> FilterInsertRecords\nSelectFinalData split(!(isNull(ASSET_GUID) || isNull(EXAM_REQ_STATUS)),\n\tdisjoint: false) ~> CSGUIDValidation@(ValidGuid, GuidError)\nCSGUIDValidation@GuidError derive(ErrorDesc = 'GUID is Mandatory, Exam Request Status is Null') ~> DCGuidError\nLookupReference, CESSupplier lookup(lower(ORG_NAME) == lower(SUPPLIER_NAME),\n\tmultiple: false,\n\tpickup: 'any',\n\tbroadcast: 'auto')~> LookupSuppliers\nCESExam, SelectCESREQReferenceValue lookup(CES_EXAM_REQ_STATUS == CES_REQ_STATUS_REF_VAL_SR_KEY,\n\tmultiple: false,\n\tpickup: 'any',\n\tbroadcast: 'auto')~> LookupRef\nLookupRef select(mapColumn(\n\t\tCES_EXAM_ID,\n\t\tCES_Exam_Asset_GUID = CES_Asset_GUID,\n\t\tCES_EXAM_REQ_STATUS,\n\t\tCES_REF_TYP_CODE_EXAM_REQUEST_STATUS = CES_REQ_STATUS_REF_TYP_CODE,\n\t\tCES_REF_VALUE_EXAM_REQUEST_STATUS = CES_REQ_STATUS_REF_VALUE\n\t),\n\tskipDuplicateMapInputs: true,\n\tskipDuplicateMapOutputs: true) ~> SelectCESExam\nViewReferenceTypeValue select(mapColumn(\n\t\tCES_REP_STATUS_REF_TYP_CODE = REF_TYP_CODE,\n\t\tCES_REP_STATUS_REF_VAL_SR_KEY = REF_VAL_SR_KEY,\n\t\tCES_REP_STATUS_REF_VALUE = REF_VALUE\n\t),\n\tskipDuplicateMapInputs: true,\n\tskipDuplicateMapOutputs: true) ~> SelectCESREPReferenceValue\nCarrsReferenceValue select(mapColumn(\n\t\tRV_ID,\n\t\tCarrs_Exam_Status = RV_DESC\n\t),\n\tskipDuplicateMapInputs: true,\n\tskipDuplicateMapOutputs: true) ~> SelectCarrsRefValueExamStatus\nLookupCESReqStatus, SelectCESREPReferenceValue lookup(lower(ExamReportStatus) == lower(CES_REP_STATUS_REF_VALUE)\n\t&& ExamRepStatusType == CES_REP_STATUS_REF_TYP_CODE,\n\tmultiple: false,\n\tpickup: 'any',\n\tbroadcast: 'auto')~> LookupCESRepStatus\nLookupCESRepStatus, CESExamGroup lookup(EXAM_GROUP_ID == CARRS_EXAM_GROUP_ID,\n\tmultiple: false,\n\tpickup: 'any',\n\tbroadcast: 'auto')~> LookupExamGroup\nLookupExamGroup, CESAsset lookup(CAI_GUID == astAsset,\n\tmultiple: false,\n\tpickup: 'any',\n\tbroadcast: 'auto')~> LookupCESAsset\nCSGUIDValidation@ValidGuid split(!(isNull(CES_Asset_GUID)),\n\tdisjoint: false) ~> ConditionalSplit1@(CesAssetValid, CesAssetInValid)\nConditionalSplit1@CesAssetInValid derive(ErrorDesc = 'Asset Guid not available in CES.Asset Table') ~> CesAssetGuidError\nConditionalSplit1@CesAssetValid sink(allowSchemaDrift: true,\n\tvalidateSchema: false,\n\tformat: 'parquet',\n\tpartitionFileNames:[($CuratedFileName)],\n\tumask: 0022,\n\tskipDuplicateMapInputs: true,\n\tskipDuplicateMapOutputs: true,\n\tpartitionBy('hash', 1)) ~> SinkDQCurated\nErrorRecords sink(allowSchemaDrift: true,\n\tvalidateSchema: false,\n\tpartitionFileNames:[($CuratedErrorFileName)],\n\tumask: 0022,\n\tskipDuplicateMapInputs: true,\n\tskipDuplicateMapOutputs: true,\n\tpartitionBy('hash', 1)) ~> sinkError"
		}
	}
}