{
  "$schema": "https://schema.management.azure.com/schemas/2015-01-01/deploymentTemplate.json#",
  "contentVersion": "1.0.0.0",
  "parameters": {
    "ApimServiceName": {
      "type": "string"
    }
  },
  "resources": [
    {
      "properties": {
        "description": "Contain the set of operations/apis to get the task list related information for CES application",
        "authenticationSettings": {
          "subscriptionKeyRequired": false
        },
        "subscriptionKeyParameterNames": {
          "header": "Ocp-Apim-Subscription-Key",
          "query": "subscription-key"
        },
        "apiRevision": "1",
        "isCurrent": true,
        "subscriptionRequired": false,
        "displayName": "Manage TaskList",
        "path": "II/CESAPI/tasklist",
        "protocols": [
          "https"
        ]
      },
      "name": "[concat(parameters('ApimServiceName'), '/manage-task-list')]",
      "type": "Microsoft.ApiManagement/service/apis",
      "apiVersion": "2019-01-01",
      "dependsOn": []
    },
    {
      "properties": {
        "contentType": "application/vnd.oai.openapi.components+json",
        "document": {
          "components": {
            "schemas": {
              "TaskListSuccessResponse": {
                "type": "object",
                "properties": {
                  "success": {
                    "type": "object",
                    "properties": {
                      "status": {
                        "type": "integer"
                      },
                      "detail": {
                        "type": "string"
                      }
                    }
                  }
                }
              },
              "TaskListErrorResponse": {
                "type": "object",
                "properties": {
                  "error": {
                    "type": "object",
                    "properties": {
                      "types": {
                        "type": "string"
                      },
                      "title": {
                        "type": "string"
                      },
                      "status": {
                        "type": "integer"
                      },
                      "detail": {
                        "type": "string"
                      },
                      "instance": {
                        "type": "string"
                      }
                    }
                  }
                }
              },
              "EditExamDateRequest": {
                "type": "array",
                "items": {
                  "type": "object",
                  "properties": {
                    "examkey": {
                      "type": "integer"
                    },
                    "plannedExamDate": {
                      "type": "string"
                    },
                    "actualExamDate": {
                      "type": "string"
                    },
                    "otherSupplierComment": {
                      "type": "string"
                    },
                    "crId": {
                      "type": "integer"
                    }
                  },
                  "required": [
                    "examkey",
                    "plannedExamDate",
                    "actualExamDate",
                    "otherSupplierComment",
                    "crId"
                  ]
                }
              },
              "TaskListStatusRequest": {
                "type": "array",
                "items": {
                  "type": "object",
                  "properties": {
                    "exam_sr_key": {
                      "type": "string"
                    },
                    "task_list_id": {
                      "type": "string"
                    },
                    "task_list_stat": {
                      "type": "string"
                    }
                  },
                  "required": [
                    "exam_sr_key",
                    "task_list_id",
                    "task_list_stat"
                  ]
                }
              }
            }
          }
        }
      },
      "name": "[concat(parameters('ApimServiceName'), '/manage-task-list/1612192274268')]",
      "type": "Microsoft.ApiManagement/service/apis/schemas",
      "apiVersion": "2019-01-01",
      "dependsOn": [
        "[resourceId('Microsoft.ApiManagement/service/apis', parameters('ApimServiceName'), 'manage-task-list')]"
      ]
    },
    {
      "properties": {
        "templateParameters": [],
        "description": "Trigger a run of the logic app.",
        "request": {
          "queryParameters": [],
          "headers": [],
          "representations": [
            {
              "contentType": "multipart/form-data",
              "sample": ""
            }
          ]
        },
        "responses": [
          {
            "statusCode": 200,
            "description": "The Logic App Response.",
            "headers": [],
            "representations": []
          },
          {
            "statusCode": 500,
            "description": "The Logic App Response.",
            "headers": [],
            "representations": []
          },
          {
            "statusCode": 400,
            "description": "The Logic App Response.",
            "headers": [],
            "representations": []
          }
        ],
        "displayName": "postExamDates",
        "method": "POST",
        "urlTemplate": "/examdates"
      },
      "name": "[concat(parameters('ApimServiceName'), '/manage-task-list/manual-invoke')]",
      "type": "Microsoft.ApiManagement/service/apis/operations",
      "apiVersion": "2019-01-01",
      "dependsOn": [
        "[resourceId('Microsoft.ApiManagement/service/apis', parameters('ApimServiceName'), 'manage-task-list')]"
      ]
    },
    {
      "properties": {
        "value": "<policies>\r\n\t<inbound>\r\n\t\t<base />\r\n\t\t<set-variable name=\"isFileName\" value=\"@(context.Request.Headers.GetValueOrDefault(\"X-File-Name\",\"\").Contains(\"CES_TaskListPlannedDateUpload_\") || context.Request.Headers.GetValueOrDefault(\"X-File-Name\",\"\").Contains(\"CES_RiskAssessmentStatus_\"))\" />\r\n\t\t<choose>\r\n\t\t\t<when condition=\"@(context.Variables.GetValueOrDefault<bool>(\"isFileName\"))\" />\r\n\t\t\t<otherwise>\r\n\t\t\t\t<return-response>\r\n\t\t\t\t\t<set-status code=\"400\" reason=\"Bad Request\" />\r\n\t\t\t\t\t<set-body>Incorrect File Name</set-body>\r\n\t\t\t\t</return-response>\r\n\t\t\t</otherwise>\r\n\t\t</choose>\r\n\t\t<set-backend-service base-url=\"{{ces-la-postexamdates}}\" />\r\n\t\t<rewrite-uri template=\"/manual/paths/invoke?api-version=2016-10-01\" />\r\n\t\t<set-header id=\"apim-generated-policy\" name=\"Ocp-Apim-Subscription-Key\" exists-action=\"delete\" />\r\n\t</inbound>\r\n\t<backend>\r\n\t\t<base />\r\n\t</backend>\r\n\t<outbound>\r\n\t\t<base />\r\n\t</outbound>\r\n\t<on-error>\r\n\t\t<base />\r\n\t</on-error>\r\n</policies>",
        "format": "rawxml"
      },
      "name": "[concat(parameters('ApimServiceName'), '/manage-task-list/manual-invoke/policy')]",
      "type": "Microsoft.ApiManagement/service/apis/operations/policies",
      "apiVersion": "2019-01-01",
      "dependsOn": [
        "[resourceId('Microsoft.ApiManagement/service/apis/operations', parameters('ApimServiceName'), 'manage-task-list', 'manual-invoke')]"
      ]
    },
    {
      "properties": {
        "templateParameters": [],
        "description": "Save Planned date and actual exam dates based on ExamKey",
        "request": {
          "queryParameters": [
            {
              "name": "userKey",
              "type": "string",
              "required": true,
              "values": []
            }
          ],
          "headers": [],
          "representations": [
            {
              "contentType": "application/json",
              "sample": "",
              "schemaId": "1612192274268",
              "typeName": "EditExamDateRequest"
            }
          ]
        },
        "responses": [
          {
            "statusCode": 201,
            "description": "",
            "headers": [],
            "representations": [
              {
                "contentType": "application/json",
                "sample": "",
                "schemaId": "1612192274268",
                "typeName": "TaskListSuccessResponse"
              }
            ]
          },
          {
            "statusCode": 400,
            "description": "",
            "headers": [],
            "representations": [
              {
                "contentType": "application/json",
                "sample": "",
                "schemaId": "1612192274268",
                "typeName": "TaskListErrorResponse"
              }
            ]
          },
          {
            "statusCode": 500,
            "description": "",
            "headers": [],
            "representations": []
          },
          {
            "statusCode": 401,
            "description": "",
            "headers": [],
            "representations": []
          },
          {
            "statusCode": 204,
            "description": "",
            "headers": [],
            "representations": []
          }
        ],
        "displayName": "saveExamDates",
        "method": "POST",
        "urlTemplate": "/setexamdates"
      },
      "name": "[concat(parameters('ApimServiceName'), '/manage-task-list/editexamdates')]",
      "type": "Microsoft.ApiManagement/service/apis/operations",
      "apiVersion": "2019-01-01",
      "dependsOn": [
        "[resourceId('Microsoft.ApiManagement/service/apis', parameters('ApimServiceName'), 'manage-task-list')]",
        "[resourceId('Microsoft.ApiManagement/service/apis/schemas', parameters('ApimServiceName'), 'manage-task-list', '1612192274268')]"
      ]
    },
    {
      "properties": {
        "value": "<!--\n    IMPORTANT:\n    - Policy elements can appear only within the <inbound>, <outbound>, <backend> section elements.\n    - To apply a policy to the incoming request (before it is forwarded to the backend service), place a corresponding policy element within the <inbound> section element.\n    - To apply a policy to the outgoing response (before it is sent back to the caller), place a corresponding policy element within the <outbound> section element.\n    - To add a policy, place the cursor at the desired insertion point and select a policy from the sidebar.\n    - To remove a policy, delete the corresponding policy statement from the policy document.\n    - Position the <base> element within a section element to inherit all policies from the corresponding section element in the enclosing scope.\n    - Remove the <base> element to prevent inheriting policies from the corresponding section element in the enclosing scope.\n    - Policies are applied in the order of their appearance, from the top down.\n    - Comments within policy elements are not supported and may disappear. Place your comments between policy elements or at a higher level scope.\n-->\r\n<policies>\r\n\t<inbound>\r\n\t\t<base />\r\n\t\t<set-backend-service id=\"apim-generated-policy\" backend-id=\"{{FnAppCivilManageTaskList}}\" />\r\n\t\t<rewrite-uri template=\"{{SaveExamDatesFunction}}\" />\r\n\t</inbound>\r\n\t<backend>\r\n\t\t<base />\r\n\t</backend>\r\n\t<outbound>\r\n\t\t<base />\r\n\t</outbound>\r\n\t<on-error>\r\n\t\t<base />\r\n\t</on-error>\r\n</policies>",
        "format": "rawxml"
      },
      "name": "[concat(parameters('ApimServiceName'), '/manage-task-list/editexamdates/policy')]",
      "type": "Microsoft.ApiManagement/service/apis/operations/policies",
      "apiVersion": "2019-01-01",
      "dependsOn": [
        "[resourceId('Microsoft.ApiManagement/service/apis/operations', parameters('ApimServiceName'), 'manage-task-list', 'editexamdates')]"
      ]
    },
    {
      "properties": {
        "templateParameters": [],
        "description": "Save the task list status based on task list id",
        "request": {
          "queryParameters": [
            {
              "name": "roleName",
              "type": "string",
              "required": true,
              "values": []
            },
            {
              "name": "userKey",
              "type": "string",
              "required": true,
              "values": []
            }
          ],
          "headers": [],
          "representations": [
            {
              "contentType": "application/json",
              "sample": "",
              "schemaId": "1612192274268",
              "typeName": "TaskListStatusRequest"
            }
          ]
        },
        "responses": [
          {
            "statusCode": 201,
            "description": "",
            "headers": [],
            "representations": []
          },
          {
            "statusCode": 500,
            "description": "",
            "headers": [],
            "representations": []
          },
          {
            "statusCode": 400,
            "description": "",
            "headers": [],
            "representations": [
              {
                "contentType": "application/json",
                "sample": "",
                "schemaId": "1612192274268",
                "typeName": "TaskListErrorResponse"
              }
            ]
          },
          {
            "statusCode": 401,
            "description": "",
            "headers": [],
            "representations": []
          },
          {
            "statusCode": 204,
            "description": "",
            "headers": [],
            "representations": []
          }
        ],
        "displayName": "saveStatus",
        "method": "POST",
        "urlTemplate": "/setstatus"
      },
      "name": "[concat(parameters('ApimServiceName'), '/manage-task-list/savetasklist')]",
      "type": "Microsoft.ApiManagement/service/apis/operations",
      "apiVersion": "2019-01-01",
      "dependsOn": [
        "[resourceId('Microsoft.ApiManagement/service/apis', parameters('ApimServiceName'), 'manage-task-list')]",
        "[resourceId('Microsoft.ApiManagement/service/apis/schemas', parameters('ApimServiceName'), 'manage-task-list', '1612192274268')]"
      ]
    },
    {
      "properties": {
        "value": "<!--\n    IMPORTANT:\n    - Policy elements can appear only within the <inbound>, <outbound>, <backend> section elements.\n    - To apply a policy to the incoming request (before it is forwarded to the backend service), place a corresponding policy element within the <inbound> section element.\n    - To apply a policy to the outgoing response (before it is sent back to the caller), place a corresponding policy element within the <outbound> section element.\n    - To add a policy, place the cursor at the desired insertion point and select a policy from the sidebar.\n    - To remove a policy, delete the corresponding policy statement from the policy document.\n    - Position the <base> element within a section element to inherit all policies from the corresponding section element in the enclosing scope.\n    - Remove the <base> element to prevent inheriting policies from the corresponding section element in the enclosing scope.\n    - Policies are applied in the order of their appearance, from the top down.\n    - Comments within policy elements are not supported and may disappear. Place your comments between policy elements or at a higher level scope.\n-->\r\n<policies>\r\n\t<inbound>\r\n\t\t<base />\r\n\t\t<set-backend-service id=\"apim-generated-policy\" backend-id=\"{{FnAppCivilManageTaskList}}\" />\r\n\t\t<rewrite-uri template=\"{{TaskListStatusFunction}}\" />\r\n\t</inbound>\r\n\t<backend>\r\n\t\t<base />\r\n\t</backend>\r\n\t<outbound>\r\n\t\t<base />\r\n\t</outbound>\r\n\t<on-error>\r\n\t\t<base />\r\n\t</on-error>\r\n</policies>",
        "format": "rawxml"
      },
      "name": "[concat(parameters('ApimServiceName'), '/manage-task-list/savetasklist/policy')]",
      "type": "Microsoft.ApiManagement/service/apis/operations/policies",
      "apiVersion": "2019-01-01",
      "dependsOn": [
        "[resourceId('Microsoft.ApiManagement/service/apis/operations', parameters('ApimServiceName'), 'manage-task-list', 'savetasklist')]"
      ]
    },
    {
      "properties": {
        "templateParameters": [],
        "description": "This api returns the relevant lookups for tasklist.",
        "request": {
          "queryParameters": [
            {
              "name": "isSupplierSearch",
              "description": "",
              "type": "string",
              "required": false,
              "values": []
            }
          ],
          "headers": [
            {
              "name": "X-TaskList-Filters",
              "type": "string",
              "required": false,
              "values": []
            }
          ],
          "representations": []
        },
        "responses": [
          {
            "statusCode": 200,
            "description": "",
            "headers": [],
            "representations": []
          },
          {
            "statusCode": 400,
            "description": "",
            "headers": [],
            "representations": []
          },
          {
            "statusCode": 500,
            "description": "",
            "headers": [],
            "representations": []
          },
          {
            "statusCode": 204,
            "description": "",
            "headers": [],
            "representations": []
          },
          {
            "statusCode": 401,
            "description": "",
            "headers": [],
            "representations": []
          }
        ],
        "displayName": "search",
        "method": "GET",
        "urlTemplate": "/taskListSearch"
      },
      "name": "[concat(parameters('ApimServiceName'), '/manage-task-list/tasklistsearch')]",
      "type": "Microsoft.ApiManagement/service/apis/operations",
      "apiVersion": "2019-01-01",
      "dependsOn": [
        "[resourceId('Microsoft.ApiManagement/service/apis', parameters('ApimServiceName'), 'manage-task-list')]"
      ]
    },
    {
      "properties": {
        "value": "<!--\n    IMPORTANT:\n    - Policy elements can appear only within the <inbound>, <outbound>, <backend> section elements.\n    - To apply a policy to the incoming request (before it is forwarded to the backend service), place a corresponding policy element within the <inbound> section element.\n    - To apply a policy to the outgoing response (before it is sent back to the caller), place a corresponding policy element within the <outbound> section element.\n    - To add a policy, place the cursor at the desired insertion point and select a policy from the sidebar.\n    - To remove a policy, delete the corresponding policy statement from the policy document.\n    - Position the <base> element within a section element to inherit all policies from the corresponding section element in the enclosing scope.\n    - Remove the <base> element to prevent inheriting policies from the corresponding section element in the enclosing scope.\n    - Policies are applied in the order of their appearance, from the top down.\n    - Comments within policy elements are not supported and may disappear. Place your comments between policy elements or at a higher level scope.\n-->\r\n<policies>\r\n\t<inbound>\r\n\t\t<base />\r\n\t\t<set-backend-service id=\"apim-generated-policy\" backend-id=\"{{FnAppCivilManageTaskList}}\" />\r\n\t\t<rewrite-uri template=\"{{TaskListSearchFunction}}\" />\r\n\t</inbound>\r\n\t<backend>\r\n\t\t<base />\r\n\t</backend>\r\n\t<outbound>\r\n\t\t<base />\r\n\t</outbound>\r\n\t<on-error>\r\n\t\t<base />\r\n\t</on-error>\r\n</policies>",
        "format": "rawxml"
      },
      "name": "[concat(parameters('ApimServiceName'), '/manage-task-list/tasklistsearch/policy')]",
      "type": "Microsoft.ApiManagement/service/apis/operations/policies",
      "apiVersion": "2019-01-01",
      "dependsOn": [
        "[resourceId('Microsoft.ApiManagement/service/apis/operations', parameters('ApimServiceName'), 'manage-task-list', 'tasklistsearch')]"
      ]
    },
    {
      "properties": {
        "value": "<!--\n    IMPORTANT:\n    - Policy elements can appear only within the <inbound>, <outbound>, <backend> section elements.\n    - To apply a policy to the incoming request (before it is forwarded to the backend service), place a corresponding policy element within the <inbound> section element.\n    - To apply a policy to the outgoing response (before it is sent back to the caller), place a corresponding policy element within the <outbound> section element.\n    - To add a policy, place the cursor at the desired insertion point and select a policy from the sidebar.\n    - To remove a policy, delete the corresponding policy statement from the policy document.\n    - Position the <base> element within a section element to inherit all policies from the corresponding section element in the enclosing scope.\n    - Remove the <base> element to prevent inheriting policies from the corresponding section element in the enclosing scope.\n    - Policies are applied in the order of their appearance, from the top down.\n    - Comments within policy elements are not supported and may disappear. Place your comments between policy elements or at a higher level scope.\n-->\r\n<policies>\r\n\t<inbound>\r\n\t\t<base />\r\n\t\t<validate-jwt header-name=\"Authorization\" failed-validation-httpcode=\"401\" failed-validation-error-message=\"unauthorized token\">\r\n\t\t\t<openid-config url=\"https://login.microsoftonline.com/{{oAuthTokenIssuerTenantId}}/.well-known/openid-configuration\" />\r\n\t\t\t<issuers>\r\n\t\t\t\t<issuer>https://sts.windows.net/{{oAuthTokenIssuerTenantId}}/</issuer>\r\n\t\t\t</issuers>\r\n\t\t\t<required-claims>\r\n\t\t\t\t<claim name=\"aud\" match=\"any\">\r\n\t\t\t\t\t<value>api://{{CesWebApp}}</value>\r\n\t\t\t\t</claim>\r\n\t\t\t</required-claims>\r\n\t\t</validate-jwt>\r\n\t</inbound>\r\n\t<backend>\r\n\t\t<base />\r\n\t</backend>\r\n\t<outbound>\r\n\t\t<base />\r\n\t</outbound>\r\n\t<on-error>\r\n\t\t<base />\r\n\t</on-error>\r\n</policies>",
        "format": "rawxml"
      },
      "name": "[concat(parameters('ApimServiceName'), '/manage-task-list/policy')]",
      "type": "Microsoft.ApiManagement/service/apis/policies",
      "apiVersion": "2019-01-01",
      "dependsOn": [
        "[resourceId('Microsoft.ApiManagement/service/apis', parameters('ApimServiceName'), 'manage-task-list')]"
      ]
    },
    {
      "properties": {},
      "name": "[concat(parameters('ApimServiceName'), '/cefa/manage-task-list')]",
      "type": "Microsoft.ApiManagement/service/products/apis",
      "apiVersion": "2019-01-01",
      "dependsOn": [
        "[resourceId('Microsoft.ApiManagement/service/apis', parameters('ApimServiceName'), 'manage-task-list')]"
      ]
    }
  ]
}