{
    "type": "object",
    "properties": {
        "region_name": {
            "type": "string"
        },
        "route_id": {
            "type": "number",
            "minimum": 0
         },
        "area_id": {
            "type": "number",
            "minimum": 0
        },
        "supplier_id": {
            "type": "number",
            "minimum": 0
        },
        "exam_type_id": {
            "type": "number",
            "minimum": 0
        },
        "exam_status_id": {
            "type": "number",
            "minimum": 0
        },
        "elr_id": {
            "type": "array",
            "minimum": 0
        },
        "exam_id": {
            "type": "number",
            "minimum": 0
        },
        "start_mileage_from": {
            "type": "number",
            "minimum": -1
        },
        "start_mileage_to": {
            "type": "number",
            "maximum": 99999
        },
        "railway_id": {
            "type": ["string" , "null"]
        },
        "ast_grp_id": {
            "type": "number",
            "minimum": 0
        },
        "ast_typ_id": {
            "type": "array",
            "minItems": 1,
            "uniqueItems": true,
            "items": {
                "type": "number"
            }
        },
        "task_list_stat_id": {
            "type": "number",
            "minimum": 0
        },
        "compliance_date_from": {
            "type": "string", "format": "date"
        },
        "compliance_date_to": {
            "type": "string", "format": "date"
        },
        "tasklist_yr_id": {
            "type": "number",
            "minimum": 0
        },
        "due_date_from": {
            "type": "string", "format": "date"
        },
        "due_date_to": {
            "type": "string", "format": "date"
        },
        "is_export_to_doc": {
            "type": "string",
            "enum": ["Y", "N"]
        },
        "sort_column": {
            "type": "string",
            "enum":["AssetGUID","Region","Route","Area","ELR","StartMileage","EndMileage","RailwayID","AssetDesc","AssetGroup","AssetType","HCEFlg","ExamID",
                    "ExamFrequency","ExamReqStat","ExamRptStat","ExamType","ComplianceDt","Supplier","DueDate","PrecomTolrncDt","PostcomTolrncDt",
                    "BaselinePlnDt","PlannedDt","ExamDt","SubmissionDt","SignOffDt","CRID","SpecExamReq","TenantedArch","TaskListStat","NRInternalNotes",
                    "CommentsToSEC","OtherSupplierComment","PossessionCritical","ExamGroupID","JobNumber"]
        },
        "sort_order": {
            "type": "string",
            "enum": ["asc", "desc"]
        },
        "page_no": {
            "type": "number",
            "minimum": 0
        },
        "rows_per_page": {
            "type": "number"
        }
    },
    "required": [
        "region_name",
        "route_id",
        "area_id",
        "supplier_id",
        "exam_type_id",
        "exam_status_id",
        "elr_id",	
        "start_mileage_from",
        "start_mileage_to",
        "railway_id",
        "ast_grp_id",
        "ast_typ_id",
        "exam_id",
        "task_list_stat_id",
        "compliance_date_from",
        "compliance_date_to",
        "tasklist_yr_id",
        "due_date_from",
        "due_date_to",
        "is_export_to_doc",
        "sort_column",
        "sort_order",
        "page_no",
        "rows_per_page"
    ]
}