{
  "$schema": "https://schema.management.azure.com/schemas/2015-01-01/deploymentTemplate.json#",
  "contentVersion": "1.0.0.0",
  "parameters": {
    "ApimServiceName": {
      "type": "string"
    }
  },
  "resources": [
    {
      "properties": {
        "description": "Contain the set of operations/apis  to get the common master/lookup data for CES application",
        "authenticationSettings": {
          "subscriptionKeyRequired": false
        },
        "subscriptionKeyParameterNames": {
          "header": "Ocp-Apim-Subscription-Key",
          "query": "subscription-key"
        },
        "apiRevision": "1",
        "isCurrent": true,
        "subscriptionRequired": false,
        "displayName": "Manage Lookups",
        "path": "II/CESAPI/lookups",
        "protocols": [
          "https"
        ]
      },
      "name": "[concat(parameters('ApimServiceName'), '/manage-lookups')]",
      "type": "Microsoft.ApiManagement/service/apis",
      "apiVersion": "2019-01-01",
      "dependsOn": []
    },
    {
      "properties": {
        "contentType": "application/vnd.oai.openapi.components+json",
        "document": {
          "components": {
            "schemas": {
              "SearchFullResponse": {
                "type": "object",
                "properties": {
                  "regions": {
                    "type": "array",
                    "items": {
                      "required": [
                        "region_id",
                        "region_name",
                        "routes"
                      ],
                      "type": "object",
                      "properties": {
                        "region_id": {
                          "type": "integer"
                        },
                        "region_name": {
                          "type": "string"
                        },
                        "routes": {
                          "type": "array",
                          "items": {
                            "required": [
                              "route_id",
                              "route_name",
                              "areas"
                            ],
                            "type": "object",
                            "properties": {
                              "route_id": {
                                "type": "integer"
                              },
                              "route_name": {
                                "type": "string"
                              },
                              "areas": {
                                "type": "array",
                                "items": {
                                  "required": [
                                    "area_id",
                                    "area_name",
                                    "elr"
                                  ],
                                  "type": "object",
                                  "properties": {
                                    "area_id": {},
                                    "area_name": {},
                                    "elr": {
                                      "type": "array",
                                      "items": {
                                        "required": [
                                          "elr_id",
                                          "elr_code"
                                        ],
                                        "type": "object",
                                        "properties": {
                                          "elr_id": {},
                                          "elr_code": {}
                                        }
                                      }
                                    }
                                  }
                                }
                              }
                            }
                          }
                        }
                      }
                    }
                  },
                  "asset_groups": {
                    "type": "array",
                    "items": {
                      "required": [
                        "asg_id",
                        "asg_name",
                        "ast"
                      ],
                      "type": "object",
                      "properties": {
                        "asg_id": {
                          "type": "integer"
                        },
                        "asg_name": {
                          "type": "string"
                        },
                        "ast": {
                          "type": "array",
                          "items": {
                            "required": [
                              "ast_id",
                              "ast_name"
                            ],
                            "type": "object",
                            "properties": {
                              "ast_id": {
                                "type": "integer"
                              },
                              "ast_name": {
                                "type": "string"
                              }
                            }
                          }
                        }
                      }
                    }
                  },
                  "oprstats": {
                    "type": "array",
                    "items": {
                      "required": [
                        "opstat_id",
                        "opstat_name"
                      ],
                      "type": "object",
                      "properties": {
                        "opstat_id": {
                          "type": "integer"
                        },
                        "opstat_name": {
                          "type": "string"
                        }
                      }
                    }
                  },
                  "mattyps": {
                    "type": "array",
                    "items": {
                      "required": [
                        "mattyp_id",
                        "mattyp_name"
                      ],
                      "type": "object",
                      "properties": {
                        "mattyp_id": {
                          "type": "integer"
                        },
                        "mattyp_name": {
                          "type": "string"
                        }
                      }
                    }
                  },
                  "hceflg": {
                    "type": "array",
                    "items": {
                      "required": [
                        "hceflg_id",
                        "hceflg_name"
                      ],
                      "type": "object",
                      "properties": {
                        "hceflg_id": {
                          "type": "integer"
                        },
                        "hceflg_name": {
                          "type": "string"
                        }
                      }
                    }
                  }
                }
              },
              "SearchPartialResponse": {
                "type": "object",
                "properties": {
                  "regions": {
                    "type": "array",
                    "items": {
                      "required": [
                        "region_id",
                        "region_name",
                        "routes"
                      ],
                      "type": "object",
                      "properties": {
                        "region_id": {
                          "type": "integer"
                        },
                        "region_name": {
                          "type": "string"
                        },
                        "routes": {
                          "type": "array",
                          "items": {
                            "required": [
                              "route_id",
                              "route_name",
                              "areas"
                            ],
                            "type": "object",
                            "properties": {
                              "route_id": {
                                "type": "integer"
                              },
                              "route_name": {
                                "type": "string"
                              },
                              "areas": {
                                "type": "array",
                                "items": {
                                  "required": [
                                    "area_id",
                                    "area_name",
                                    "elr"
                                  ],
                                  "type": "object",
                                  "properties": {
                                    "area_id": {},
                                    "area_name": {},
                                    "elr": {
                                      "type": "array",
                                      "items": {
                                        "required": [
                                          "elr_id",
                                          "elr_code"
                                        ],
                                        "type": "object",
                                        "properties": {
                                          "elr_id": {},
                                          "elr_code": {}
                                        }
                                      }
                                    }
                                  }
                                }
                              }
                            }
                          }
                        }
                      }
                    }
                  },
                  "asset_groups": {
                    "type": "array",
                    "items": {
                      "required": [
                        "asg_id",
                        "asg_name",
                        "ast"
                      ],
                      "type": "object",
                      "properties": {
                        "asg_id": {
                          "type": "integer"
                        },
                        "asg_name": {
                          "type": "string"
                        },
                        "ast": {
                          "type": "array",
                          "items": {
                            "required": [
                              "ast_id",
                              "ast_name"
                            ],
                            "type": "object",
                            "properties": {
                              "ast_id": {
                                "type": "integer"
                              },
                              "ast_name": {
                                "type": "string"
                              }
                            }
                          }
                        }
                      }
                    }
                  },
                  "oprstats": {
                    "type": "array",
                    "items": {
                      "required": [
                        "opstat_id",
                        "opstat_name"
                      ],
                      "type": "object",
                      "properties": {
                        "opstat_id": {
                          "type": "integer"
                        },
                        "opstat_name": {
                          "type": "string"
                        }
                      }
                    }
                  },
                  "mattyps": {
                    "type": "array",
                    "items": {
                      "required": [
                        "mattyp_id",
                        "mattyp_name"
                      ],
                      "type": "object",
                      "properties": {
                        "mattyp_id": {
                          "type": "integer"
                        },
                        "mattyp_name": {
                          "type": "string"
                        }
                      }
                    }
                  }
                }
              }
            }
          }
        }
      },
      "name": "[concat(parameters('ApimServiceName'), '/manage-lookups/602caf3943d078087803543b')]",
      "type": "Microsoft.ApiManagement/service/apis/schemas",
      "apiVersion": "2019-01-01",
      "dependsOn": [
        "[resourceId('Microsoft.ApiManagement/service/apis', parameters('ApimServiceName'), 'manage-lookups')]"
      ]
    },
    {
      "properties": {
        "contentType": "application/vnd.oai.openapi.components+json",
        "document": {
          "components": {
            "schemas": {
              "SearchFullResponse": {
                "type": "object",
                "properties": {
                  "regions": {
                    "type": "array",
                    "items": {
                      "required": [
                        "region_id",
                        "region_name",
                        "routes"
                      ],
                      "type": "object",
                      "properties": {
                        "region_id": {
                          "type": "integer"
                        },
                        "region_name": {
                          "type": "string"
                        },
                        "routes": {
                          "type": "array",
                          "items": {
                            "required": [
                              "route_id",
                              "route_name",
                              "areas"
                            ],
                            "type": "object",
                            "properties": {
                              "route_id": {
                                "type": "integer"
                              },
                              "route_name": {
                                "type": "string"
                              },
                              "areas": {
                                "type": "array",
                                "items": {
                                  "required": [
                                    "area_id",
                                    "area_name",
                                    "elr"
                                  ],
                                  "type": "object",
                                  "properties": {
                                    "area_id": {},
                                    "area_name": {},
                                    "elr": {
                                      "type": "array",
                                      "items": {
                                        "required": [
                                          "elr_id",
                                          "elr_code"
                                        ],
                                        "type": "object",
                                        "properties": {
                                          "elr_id": {},
                                          "elr_code": {}
                                        }
                                      }
                                    }
                                  }
                                }
                              }
                            }
                          }
                        }
                      }
                    }
                  },
                  "asset_groups": {
                    "type": "array",
                    "items": {
                      "required": [
                        "asg_id",
                        "asg_name",
                        "ast"
                      ],
                      "type": "object",
                      "properties": {
                        "asg_id": {
                          "type": "integer"
                        },
                        "asg_name": {
                          "type": "string"
                        },
                        "ast": {
                          "type": "array",
                          "items": {
                            "required": [
                              "ast_id",
                              "ast_name"
                            ],
                            "type": "object",
                            "properties": {
                              "ast_id": {
                                "type": "integer"
                              },
                              "ast_name": {
                                "type": "string"
                              }
                            }
                          }
                        }
                      }
                    }
                  },
                  "oprstats": {
                    "type": "array",
                    "items": {
                      "required": [
                        "opstat_id",
                        "opstat_name"
                      ],
                      "type": "object",
                      "properties": {
                        "opstat_id": {
                          "type": "integer"
                        },
                        "opstat_name": {
                          "type": "string"
                        }
                      }
                    }
                  },
                  "mattyps": {
                    "type": "array",
                    "items": {
                      "required": [
                        "mattyp_id",
                        "mattyp_name"
                      ],
                      "type": "object",
                      "properties": {
                        "mattyp_id": {
                          "type": "integer"
                        },
                        "mattyp_name": {
                          "type": "string"
                        }
                      }
                    }
                  },
                  "hceflg": {
                    "type": "array",
                    "items": {
                      "required": [
                        "hceflg_id",
                        "hceflg_name"
                      ],
                      "type": "object",
                      "properties": {
                        "hceflg_id": {
                          "type": "integer"
                        },
                        "hceflg_name": {
                          "type": "string"
                        }
                      }
                    }
                  }
                }
              },
              "SearchPartialResponse": {
                "type": "object",
                "properties": {
                  "regions": {
                    "type": "array",
                    "items": {
                      "required": [
                        "region_id",
                        "region_name",
                        "routes"
                      ],
                      "type": "object",
                      "properties": {
                        "region_id": {
                          "type": "integer"
                        },
                        "region_name": {
                          "type": "string"
                        },
                        "routes": {
                          "type": "array",
                          "items": {
                            "required": [
                              "route_id",
                              "route_name",
                              "areas"
                            ],
                            "type": "object",
                            "properties": {
                              "route_id": {
                                "type": "integer"
                              },
                              "route_name": {
                                "type": "string"
                              },
                              "areas": {
                                "type": "array",
                                "items": {
                                  "required": [
                                    "area_id",
                                    "area_name",
                                    "elr"
                                  ],
                                  "type": "object",
                                  "properties": {
                                    "area_id": {},
                                    "area_name": {},
                                    "elr": {
                                      "type": "array",
                                      "items": {
                                        "required": [
                                          "elr_id",
                                          "elr_code"
                                        ],
                                        "type": "object",
                                        "properties": {
                                          "elr_id": {},
                                          "elr_code": {}
                                        }
                                      }
                                    }
                                  }
                                }
                              }
                            }
                          }
                        }
                      }
                    }
                  },
                  "asset_groups": {
                    "type": "array",
                    "items": {
                      "required": [
                        "asg_id",
                        "asg_name",
                        "ast"
                      ],
                      "type": "object",
                      "properties": {
                        "asg_id": {
                          "type": "integer"
                        },
                        "asg_name": {
                          "type": "string"
                        },
                        "ast": {
                          "type": "array",
                          "items": {
                            "required": [
                              "ast_id",
                              "ast_name"
                            ],
                            "type": "object",
                            "properties": {
                              "ast_id": {
                                "type": "integer"
                              },
                              "ast_name": {
                                "type": "string"
                              }
                            }
                          }
                        }
                      }
                    }
                  },
                  "oprstats": {
                    "type": "array",
                    "items": {
                      "required": [
                        "opstat_id",
                        "opstat_name"
                      ],
                      "type": "object",
                      "properties": {
                        "opstat_id": {
                          "type": "integer"
                        },
                        "opstat_name": {
                          "type": "string"
                        }
                      }
                    }
                  },
                  "mattyps": {
                    "type": "array",
                    "items": {
                      "required": [
                        "mattyp_id",
                        "mattyp_name"
                      ],
                      "type": "object",
                      "properties": {
                        "mattyp_id": {
                          "type": "integer"
                        },
                        "mattyp_name": {
                          "type": "string"
                        }
                      }
                    }
                  }
                }
              },
              "UserPreferenceRequest": {
                "type": "object",
                "properties": {
                  "Pref_Data": {
                    "type": "string"
                  }
                }
              },
              "GetUserPreferenceResponse": {
                "type": "array",
                "items": {
                  "required": [
                    "Pref_Data"
                  ],
                  "type": "object",
                  "properties": {
                    "Pref_Data": {
                      "type": "string"
                    }
                  }
                }
              },
              "GetRRAInfoRequest": {
                "type": "object",
                "properties": {
                  "user_id": {
                    "type": "integer"
                  },
                  "supplier_id": {
                    "type": "integer"
                  },
                  "is_new_user": {
                    "type": "string"
                  },
                  "current_user_key": {
                    "type": "string"
                  },
                  "user_default_rra": {
                    "type": "array",
                    "items": {
                      "required": [
                        "region_name",
                        "route_id",
                        "area_id"
                      ],
                      "type": "object",
                      "properties": {
                        "region_name": {
                          "type": "string"
                        },
                        "route_id": {
                          "type": "integer"
                        },
                        "area_id": {
                          "type": "integer"
                        }
                      }
                    }
                  },
                  "user_selected_rra": {
                    "type": "array",
                    "items": {
                      "required": [
                        "region_name",
                        "route_id",
                        "area_id"
                      ],
                      "type": "object",
                      "properties": {
                        "region_name": {
                          "type": "string"
                        },
                        "route_id": {
                          "type": "integer"
                        },
                        "area_id": {
                          "type": "integer"
                        }
                      }
                    }
                  }
                }
              },
              "BasicandadvancesearchGetRequest": {
                "x-apim-inline": true
              },
              "SetuserpreferencePostRequest": {
                "x-apim-inline": true
              },
              "UserpreferenceGetRequest": {
                "x-apim-inline": true
              },
              "AdminInfoGetRequest": {
                "x-apim-inline": true
              },
              "AdminInfoDeleteRequest": {
                "x-apim-inline": true
              },
              "AdminInfoDeleteRequest-1": {
                "x-apim-inline": true
              },
              "SearchGetRequest": {
                "x-apim-inline": true
              }
            }
          }
        }
      },
      "name": "[concat(parameters('ApimServiceName'), '/manage-lookups/6070405b43d0781168b4cb90')]",
      "type": "Microsoft.ApiManagement/service/apis/schemas",
      "apiVersion": "2019-01-01",
      "dependsOn": [
        "[resourceId('Microsoft.ApiManagement/service/apis', parameters('ApimServiceName'), 'manage-lookups')]"
      ]
    },
    {
      "properties": {
        "templateParameters": [],
        "description": "Deleting the user from RRA tables",
        "request": {
          "queryParameters": [
            {
              "name": "userID",
              "type": "integer",
              "required": false,
              "values": []
            },
            {
              "name": "currentUser",
              "type": "string",
              "required": false,
              "values": []
            }
          ],
          "headers": [],
          "representations": []
        },
        "responses": [
          {
            "statusCode": 200,
            "description": "",
            "headers": [],
            "representations": []
          },
          {
            "statusCode": 400,
            "description": "",
            "headers": [],
            "representations": []
          },
          {
            "statusCode": 401,
            "description": "",
            "headers": [],
            "representations": []
          },
          {
            "statusCode": 500,
            "description": "",
            "headers": [],
            "representations": []
          }
        ],
        "displayName": "deleteAdminInfo",
        "method": "DELETE",
        "urlTemplate": "/adminInfo"
      },
      "name": "[concat(parameters('ApimServiceName'), '/manage-lookups/deleteadmininfo')]",
      "type": "Microsoft.ApiManagement/service/apis/operations",
      "apiVersion": "2019-01-01",
      "dependsOn": [
        "[resourceId('Microsoft.ApiManagement/service/apis', parameters('ApimServiceName'), 'manage-lookups')]"
      ]
    },
    {
      "properties": {
        "value": "<!--\n    IMPORTANT:\n    - Policy elements can appear only within the <inbound>, <outbound>, <backend> section elements.\n    - To apply a policy to the incoming request (before it is forwarded to the backend service), place a corresponding policy element within the <inbound> section element.\n    - To apply a policy to the outgoing response (before it is sent back to the caller), place a corresponding policy element within the <outbound> section element.\n    - To add a policy, place the cursor at the desired insertion point and select a policy from the sidebar.\n    - To remove a policy, delete the corresponding policy statement from the policy document.\n    - Position the <base> element within a section element to inherit all policies from the corresponding section element in the enclosing scope.\n    - Remove the <base> element to prevent inheriting policies from the corresponding section element in the enclosing scope.\n    - Policies are applied in the order of their appearance, from the top down.\n    - Comments within policy elements are not supported and may disappear. Place your comments between policy elements or at a higher level scope.\n-->\r\n<policies>\r\n\t<inbound>\r\n\t\t<base />\r\n\t\t<set-backend-service id=\"apim-generated-policy\" backend-id=\"{{FnAppCivilCommon}}\" />\r\n\t\t<rewrite-uri template=\"{{AdminInfoFunction}}\" />\r\n\t</inbound>\r\n\t<backend>\r\n\t\t<base />\r\n\t</backend>\r\n\t<outbound>\r\n\t\t<base />\r\n\t</outbound>\r\n\t<on-error>\r\n\t\t<base />\r\n\t</on-error>\r\n</policies>",
        "format": "rawxml"
      },
      "name": "[concat(parameters('ApimServiceName'), '/manage-lookups/deleteadmininfo/policy')]",
      "type": "Microsoft.ApiManagement/service/apis/operations/policies",
      "apiVersion": "2019-01-01",
      "dependsOn": [
        "[resourceId('Microsoft.ApiManagement/service/apis/operations', parameters('ApimServiceName'), 'manage-lookups', 'deleteadmininfo')]"
      ]
    },
    {
      "properties": {
        "templateParameters": [],
        "description": "Provides RRA & default information for an user ",
        "request": {
          "queryParameters": [
            {
              "name": "userID",
              "description": "To get the admin user information based on User ID",
              "type": "Integer",
              "required": false,
              "values": []
            }
          ],
          "headers": [],
          "representations": []
        },
        "responses": [
          {
            "statusCode": 200,
            "description": "",
            "headers": [],
            "representations": []
          },
          {
            "statusCode": 204,
            "description": "",
            "headers": [],
            "representations": []
          },
          {
            "statusCode": 400,
            "description": "",
            "headers": [],
            "representations": []
          },
          {
            "statusCode": 401,
            "description": "",
            "headers": [],
            "representations": []
          },
          {
            "statusCode": 500,
            "description": "",
            "headers": [],
            "representations": []
          }
        ],
        "displayName": "getAdminInfo",
        "method": "GET",
        "urlTemplate": "/adminInfo"
      },
      "name": "[concat(parameters('ApimServiceName'), '/manage-lookups/admininformation')]",
      "type": "Microsoft.ApiManagement/service/apis/operations",
      "apiVersion": "2019-01-01",
      "dependsOn": [
        "[resourceId('Microsoft.ApiManagement/service/apis', parameters('ApimServiceName'), 'manage-lookups')]"
      ]
    },
    {
      "properties": {
        "value": "<!--\n    IMPORTANT:\n    - Policy elements can appear only within the <inbound>, <outbound>, <backend> section elements.\n    - To apply a policy to the incoming request (before it is forwarded to the backend service), place a corresponding policy element within the <inbound> section element.\n    - To apply a policy to the outgoing response (before it is sent back to the caller), place a corresponding policy element within the <outbound> section element.\n    - To add a policy, place the cursor at the desired insertion point and select a policy from the sidebar.\n    - To remove a policy, delete the corresponding policy statement from the policy document.\n    - Position the <base> element within a section element to inherit all policies from the corresponding section element in the enclosing scope.\n    - Remove the <base> element to prevent inheriting policies from the corresponding section element in the enclosing scope.\n    - Policies are applied in the order of their appearance, from the top down.\n    - Comments within policy elements are not supported and may disappear. Place your comments between policy elements or at a higher level scope.\n-->\r\n<policies>\r\n\t<inbound>\r\n\t\t<base />\r\n\t\t<set-backend-service id=\"apim-generated-policy\" backend-id=\"{{FnAppCivilCommon}}\" />\r\n\t\t<rewrite-uri template=\"{{AdminInfoFunction}}\" />\r\n\t</inbound>\r\n\t<backend>\r\n\t\t<base />\r\n\t</backend>\r\n\t<outbound>\r\n\t\t<base />\r\n\t</outbound>\r\n\t<on-error>\r\n\t\t<base />\r\n\t</on-error>\r\n</policies>",
        "format": "rawxml"
      },
      "name": "[concat(parameters('ApimServiceName'), '/manage-lookups/admininformation/policy')]",
      "type": "Microsoft.ApiManagement/service/apis/operations/policies",
      "apiVersion": "2019-01-01",
      "dependsOn": [
        "[resourceId('Microsoft.ApiManagement/service/apis/operations', parameters('ApimServiceName'), 'manage-lookups', 'admininformation')]"
      ]
    },
    {
      "properties": {
        "templateParameters": [],
        "description": "Saving the RRA information for a new/existing user",
        "request": {
          "queryParameters": [],
          "headers": [],
          "representations": []
        },
        "responses": [
          {
            "statusCode": 201,
            "description": "",
            "headers": [],
            "representations": []
          },
          {
            "statusCode": 400,
            "description": "",
            "headers": [],
            "representations": []
          },
          {
            "statusCode": 401,
            "description": "",
            "headers": [],
            "representations": []
          },
          {
            "statusCode": 500,
            "description": "",
            "headers": [],
            "representations": []
          }
        ],
        "displayName": "saveAdminInfo",
        "method": "POST",
        "urlTemplate": "/adminInfo"
      },
      "name": "[concat(parameters('ApimServiceName'), '/manage-lookups/saveadmininfo')]",
      "type": "Microsoft.ApiManagement/service/apis/operations",
      "apiVersion": "2019-01-01",
      "dependsOn": [
        "[resourceId('Microsoft.ApiManagement/service/apis', parameters('ApimServiceName'), 'manage-lookups')]"
      ]
    },
    {
      "properties": {
        "value": "<!--\n    IMPORTANT:\n    - Policy elements can appear only within the <inbound>, <outbound>, <backend> section elements.\n    - To apply a policy to the incoming request (before it is forwarded to the backend service), place a corresponding policy element within the <inbound> section element.\n    - To apply a policy to the outgoing response (before it is sent back to the caller), place a corresponding policy element within the <outbound> section element.\n    - To add a policy, place the cursor at the desired insertion point and select a policy from the sidebar.\n    - To remove a policy, delete the corresponding policy statement from the policy document.\n    - Position the <base> element within a section element to inherit all policies from the corresponding section element in the enclosing scope.\n    - Remove the <base> element to prevent inheriting policies from the corresponding section element in the enclosing scope.\n    - Policies are applied in the order of their appearance, from the top down.\n    - Comments within policy elements are not supported and may disappear. Place your comments between policy elements or at a higher level scope.\n-->\r\n<policies>\r\n\t<inbound>\r\n\t\t<base />\r\n\t\t<set-backend-service id=\"apim-generated-policy\" backend-id=\"{{FnAppCivilCommon}}\" />\r\n\t\t<rewrite-uri template=\"{{AdminInfoFunction}}\" />\r\n\t</inbound>\r\n\t<backend>\r\n\t\t<base />\r\n\t</backend>\r\n\t<outbound>\r\n\t\t<base />\r\n\t</outbound>\r\n\t<on-error>\r\n\t\t<base />\r\n\t</on-error>\r\n</policies>",
        "format": "rawxml"
      },
      "name": "[concat(parameters('ApimServiceName'), '/manage-lookups/saveadmininfo/policy')]",
      "type": "Microsoft.ApiManagement/service/apis/operations/policies",
      "apiVersion": "2019-01-01",
      "dependsOn": [
        "[resourceId('Microsoft.ApiManagement/service/apis/operations', parameters('ApimServiceName'), 'manage-lookups', 'saveadmininfo')]"
      ]
    },
    {
      "properties": {
        "templateParameters": [],
        "description": "Get the search master data",
        "request": {
          "queryParameters": [
            {
              "name": "userId",
              "description": "User ID",
              "type": "number",
              "required": false,
              "values": []
            }
          ],
          "headers": [],
          "representations": []
        },
        "responses": [
          {
            "statusCode": 200,
            "description": "Ok",
            "headers": [],
            "representations": [
              {
                "contentType": "application/json",
                "schemaId": "6070405b43d0781168b4cb90",
                "typeName": "SearchFullResponse"
              }
            ]
          },
          {
            "statusCode": 204,
            "description": "No Content",
            "headers": [],
            "representations": []
          },
          {
            "statusCode": 206,
            "description": "Partial Content",
            "headers": [],
            "representations": [
              {
                "contentType": "application/json",
                "schemaId": "6070405b43d0781168b4cb90",
                "typeName": "SearchPartialResponse"
              }
            ]
          },
          {
            "statusCode": 400,
            "description": "Bad Request",
            "headers": [],
            "representations": []
          },
          {
            "statusCode": 401,
            "description": "Unauthorized",
            "headers": [],
            "representations": []
          },
          {
            "statusCode": 500,
            "description": "Internal Server Error",
            "headers": [],
            "representations": []
          }
        ],
        "displayName": "search",
        "method": "GET",
        "urlTemplate": "/basicandadvancesearch"
      },
      "name": "[concat(parameters('ApimServiceName'), '/manage-lookups/getsearch')]",
      "type": "Microsoft.ApiManagement/service/apis/operations",
      "apiVersion": "2019-01-01",
      "dependsOn": [
        "[resourceId('Microsoft.ApiManagement/service/apis', parameters('ApimServiceName'), 'manage-lookups')]",
        "[resourceId('Microsoft.ApiManagement/service/apis/schemas', parameters('ApimServiceName'), 'manage-lookups', '6070405b43d0781168b4cb90')]"
      ]
    },
    {
      "properties": {
        "value": "<!--\n    IMPORTANT:\n    - Policy elements can appear only within the <inbound>, <outbound>, <backend> section elements.\n    - To apply a policy to the incoming request (before it is forwarded to the backend service), place a corresponding policy element within the <inbound> section element.\n    - To apply a policy to the outgoing response (before it is sent back to the caller), place a corresponding policy element within the <outbound> section element.\n    - To add a policy, place the cursor at the desired insertion point and select a policy from the sidebar.\n    - To remove a policy, delete the corresponding policy statement from the policy document.\n    - Position the <base> element within a section element to inherit all policies from the corresponding section element in the enclosing scope.\n    - Remove the <base> element to prevent inheriting policies from the corresponding section element in the enclosing scope.\n    - Policies are applied in the order of their appearance, from the top down.\n    - Comments within policy elements are not supported and may disappear. Place your comments between policy elements or at a higher level scope.\n-->\r\n<policies>\r\n\t<inbound>\r\n\t\t<base />\r\n\t\t<set-backend-service id=\"apim-generated-policy\" backend-id=\"{{FnAppCivilCommon}}\" />\r\n\t\t<rewrite-uri template=\"{{SearchFunction}}\" />\r\n\t</inbound>\r\n\t<backend>\r\n\t\t<base />\r\n\t</backend>\r\n\t<outbound>\r\n\t\t<base />\r\n\t</outbound>\r\n\t<on-error>\r\n\t\t<base />\r\n\t</on-error>\r\n</policies>",
        "format": "rawxml"
      },
      "name": "[concat(parameters('ApimServiceName'), '/manage-lookups/getsearch/policy')]",
      "type": "Microsoft.ApiManagement/service/apis/operations/policies",
      "apiVersion": "2019-01-01",
      "dependsOn": [
        "[resourceId('Microsoft.ApiManagement/service/apis/operations', parameters('ApimServiceName'), 'manage-lookups', 'getsearch')]"
      ]
    },
    {
      "properties": {
        "templateParameters": [],
        "description": "Provides the information of users (user ID) for RRA search ",
        "request": {
          "queryParameters": [],
          "headers": [
            {
              "name": "X-RRA-AdminUser-Filters",
              "description": "RRA search filters",
              "type": "string",
              "required": true,
              "values": []
            }
          ],
          "representations": []
        },
        "responses": [
          {
            "statusCode": 200,
            "description": "",
            "headers": [],
            "representations": []
          },
          {
            "statusCode": 204,
            "description": "",
            "headers": [],
            "representations": []
          },
          {
            "statusCode": 400,
            "description": "",
            "headers": [],
            "representations": []
          },
          {
            "statusCode": 401,
            "description": "",
            "headers": [],
            "representations": []
          },
          {
            "statusCode": 500,
            "description": "",
            "headers": [],
            "representations": []
          }
        ],
        "displayName": "searchAdminInfo",
        "method": "GET",
        "urlTemplate": "/search"
      },
      "name": "[concat(parameters('ApimServiceName'), '/manage-lookups/searchadmininfo')]",
      "type": "Microsoft.ApiManagement/service/apis/operations",
      "apiVersion": "2019-01-01",
      "dependsOn": [
        "[resourceId('Microsoft.ApiManagement/service/apis', parameters('ApimServiceName'), 'manage-lookups')]"
      ]
    },
    {
      "properties": {
        "value": "<!--\n    IMPORTANT:\n    - Policy elements can appear only within the <inbound>, <outbound>, <backend> section elements.\n    - To apply a policy to the incoming request (before it is forwarded to the backend service), place a corresponding policy element within the <inbound> section element.\n    - To apply a policy to the outgoing response (before it is sent back to the caller), place a corresponding policy element within the <outbound> section element.\n    - To add a policy, place the cursor at the desired insertion point and select a policy from the sidebar.\n    - To remove a policy, delete the corresponding policy statement from the policy document.\n    - Position the <base> element within a section element to inherit all policies from the corresponding section element in the enclosing scope.\n    - Remove the <base> element to prevent inheriting policies from the corresponding section element in the enclosing scope.\n    - Policies are applied in the order of their appearance, from the top down.\n    - Comments within policy elements are not supported and may disappear. Place your comments between policy elements or at a higher level scope.\n-->\r\n<policies>\r\n\t<inbound>\r\n\t\t<base />\r\n\t\t<set-backend-service id=\"apim-generated-policy\" backend-id=\"{{FnAppCivilCommon}}\" />\r\n\t\t<rewrite-uri template=\"{{AdminInfoForSelectedRRA}}\" />\r\n\t</inbound>\r\n\t<backend>\r\n\t\t<base />\r\n\t</backend>\r\n\t<outbound>\r\n\t\t<base />\r\n\t</outbound>\r\n\t<on-error>\r\n\t\t<base />\r\n\t</on-error>\r\n</policies>",
        "format": "rawxml"
      },
      "name": "[concat(parameters('ApimServiceName'), '/manage-lookups/searchadmininfo/policy')]",
      "type": "Microsoft.ApiManagement/service/apis/operations/policies",
      "apiVersion": "2019-01-01",
      "dependsOn": [
        "[resourceId('Microsoft.ApiManagement/service/apis/operations', parameters('ApimServiceName'), 'manage-lookups', 'searchadmininfo')]"
      ]
    },
    {
      "properties": {
        "value": "<!--\n    IMPORTANT:\n    - Policy elements can appear only within the <inbound>, <outbound>, <backend> section elements.\n    - To apply a policy to the incoming request (before it is forwarded to the backend service), place a corresponding policy element within the <inbound> section element.\n    - To apply a policy to the outgoing response (before it is sent back to the caller), place a corresponding policy element within the <outbound> section element.\n    - To add a policy, place the cursor at the desired insertion point and select a policy from the sidebar.\n    - To remove a policy, delete the corresponding policy statement from the policy document.\n    - Position the <base> element within a section element to inherit all policies from the corresponding section element in the enclosing scope.\n    - Remove the <base> element to prevent inheriting policies from the corresponding section element in the enclosing scope.\n    - Policies are applied in the order of their appearance, from the top down.\n    - Comments within policy elements are not supported and may disappear. Place your comments between policy elements or at a higher level scope.\n-->\r\n<policies>\r\n\t<inbound>\r\n\t\t<base />\r\n\t\t<validate-jwt header-name=\"Authorization\" failed-validation-httpcode=\"401\" failed-validation-error-message=\"unauthorized token\">\r\n\t\t\t<openid-config url=\"https://login.microsoftonline.com/{{oAuthTokenIssuerTenantId}}/.well-known/openid-configuration\" />\r\n\t\t\t<issuers>\r\n\t\t\t\t<issuer>https://sts.windows.net/{{oAuthTokenIssuerTenantId}}/</issuer>\r\n\t\t\t</issuers>\r\n\t\t\t<required-claims>\r\n\t\t\t\t<claim name=\"aud\" match=\"any\">\r\n\t\t\t\t\t<value>api://{{CesWebApp}}</value>\r\n\t\t\t\t</claim>\r\n\t\t\t</required-claims>\r\n\t\t</validate-jwt>\r\n\t</inbound>\r\n\t<backend>\r\n\t\t<base />\r\n\t</backend>\r\n\t<outbound>\r\n\t\t<base />\r\n\t</outbound>\r\n\t<on-error>\r\n\t\t<base />\r\n\t</on-error>\r\n</policies>",
        "format": "rawxml"
      },
      "name": "[concat(parameters('ApimServiceName'), '/manage-lookups/policy')]",
      "type": "Microsoft.ApiManagement/service/apis/policies",
      "apiVersion": "2019-01-01",
      "dependsOn": [
        "[resourceId('Microsoft.ApiManagement/service/apis', parameters('ApimServiceName'), 'manage-lookups')]"
      ]
    },
    {
      "properties": {},
      "name": "[concat(parameters('ApimServiceName'), '/cefa/manage-lookups')]",
      "type": "Microsoft.ApiManagement/service/products/apis",
      "apiVersion": "2019-01-01",
      "dependsOn": [
        "[resourceId('Microsoft.ApiManagement/service/apis', parameters('ApimServiceName'), 'manage-lookups')]"
      ]
    }
  ]
}