{
    "type": "object",
    "properties": {
        "regions": {
            "type": "array",
            "minItems": 1,
            "items": {
                "type": "object",
                "properties": {
                    "region_id": {
                        "type": "integer"
                    },
                    "region_name": {
                        "type": "string"
                    },
                    "routes": {
                        "type": "array",
                        "minItems": 1,
                        "items": {
                            "type": "object",
                            "properties": {
                                "route_id": {
                                    "type": "integer"
                                },
                                "route_name": {
                                    "type": "string"
                                },
                                "areas": {
                                    "type": "array",
                                    "minItems": 1,
                                    "items": {
                                        "type": "object",
                                        "properties": {
                                            "area_id": {},
                                            "area_name": {},
                                            "elr": {
                                                "type": "array",
                                                "minItems": 1,
                                                "items": {
                                                    "type": "object",
                                                    "properties": {
                                                        "elr_id": {},
                                                        "elr_code": {}
                                                    },
                                                    "required": [
                                                        "elr_id",
                                                        "elr_code"
                                                    ]
                                                }
                                            }
                                        },
                                        "required": [
                                            "area_id",
                                            "area_name",
                                            "elr"
                                        ]
                                    }
                                }
                            },
                            "required": [
                                "route_id",
                                "route_name",
                                "areas"
                            ]
                        }
                    }
                },
                "required": [
                    "region_id",
                    "region_name",
                    "routes"
                ]
            }
        },
        "asset_groups": {
            "type": "array",
            "minItems": 1,
            "items": {
                "type": "object",
                "properties": {
                    "asg_id": {
                        "type": "integer"
                    },
                    "asg_name": {
                        "type": "string"
                    },
                    "ast": {
                        "type": "array",
                        "minItems": 1,
                        "items": {
                            "type": "object",
                            "properties": {
                                "ast_id": {
                                    "type": "integer"
                                },
                                "ast_name": {
                                    "type": "string"
                                }
                            },
                            "required": [
                                "ast_id",
                                "ast_name"
                            ]
                        }
                    }
                },
                "required": [
                    "asg_id",
                    "asg_name",
                    "ast"
                ]
            }
        },
        "oprstats": {
            "type": "array",
            "minItems": 1,
            "items": {
                "type": "object",
                "properties": {
                    "opstat_id": {
                        "type": "integer"
                    },
                    "opstat_name": {
                        "type": "string"
                    }
                },
                "required": [
                    "opstat_id",
                    "opstat_name"
                ]
            }
        },
        "ownparty": {
            "type": "array",
            "minItems": 1,
            "items": {
                "type": "object",
                "properties": {
                    "ownparty_id": {
                        "type": "integer"
                    },
                    "ownparty_name": {
                        "type": "string"
                    }
                },
                "required": [
                    "ownparty_id",
                    "ownparty_name"
                ]
            }
        },
        "mattyps": {
            "type": "array",
            "minItems": 1,
            "items": {
                "type": "object",
                "properties": {
                    "mattyp_id": {
                        "type": "integer"
                    },
                    "mattyp_name": {
                        "type": "string"
                    }
                },
                "required": [
                    "mattyp_id",
                    "mattyp_name"
                ]
            }
        },
        "hceflg": {
            "type": "array",
            "minItems": 1,
            "items": {
                "type": "object",
                "properties": {
                    "hceflg_id": {
                        "type": "integer"
                    },
                    "hceflg_name": {
                        "type": "string"
                    }
                },
                "required": [
                    "hceflg_id",
                    "hceflg_name"
                ]
            }
        },
        "strccarries": {
            "type": "array",
            "minItems": 1,
            "items": {
                "type": "object",
                "properties": {
                    "strccarries_id": {
                        "type": "integer"
                    },
                    "strccarries_name": {}
                },
                "required": [
                    "strccarries_id",
                    "strccarries_name"
                ]
            }
        },
        "strcover": {
            "type": "array",
            "minItems": 1,
            "items": {
                "type": "object",
                "properties": {
                    "strcover_id": {
                        "type": "integer"
                    },
                    "strcover_name": {}
                },
                "required": [
                    "strcover_id",
                    "strcover_name"
                ]
            }
        }
    },
    "required": [
        "regions",
        "oprstats",
        "ownparty",
        "mattyps",
        "hceflg",
        "strccarries",
        "asset_groups",
        "strcover"       
    ]
}