{
  "$schema": "https://schema.management.azure.com/schemas/2015-01-01/deploymentTemplate.json#",
  "contentVersion": "1.0.0.0",
  "parameters": {
    "ApimServiceName": {
      "type": "string"
    },
    "ces-d-la-postexamdata_manual-invoke_6001770a10cd8258e09066b1": {
      "type": "string"
    },
    "ces-d-la-postexamdata_manual-invoke_6001999e0afca5dceadef54f": {
      "type": "string"
    },
    "ces-la-postexamdata": {
      "type": "string"
    },
    "ces-la-postexamdata-signature": {
      "type": "string"
    },
    "ces-la-postexamdates": {
      "type": "string"
    },
    "ces-la-postexamdates-signature": {
      "type": "string"
    },
    "CesSuppliersApp": {
      "type": "string"
    },
    "CesWebApp": {
      "type": "string"
    },
    "fnp-uks-dev-ces-funcedst0001-key": {
      "type": "string"
    },
    "fnp-uks-dev-ces-funcedst0002-key": {
      "type": "string"
    },
    "fnp-uks-dev-ces-funcedst0003-key": {
      "type": "string"
    },
    "fnp-uks-dev-ces-funcedst0004-key": {
      "type": "string"
    },
    "fnp-uks-dev-ces-funcedst0005_manual-invoke_6017ce9889ba4520667e5611": {
      "type": "string"
    },
    "fnp-uks-dev-ces-funcedst0005_manual-invoke_6017cf2c60468aeb96aaed4b": {
      "type": "string"
    },
    "fnp-uks-dev-ces-funcedst0005_manual-invoke-1_6017cf43b3286bbaad37cf8d": {
      "type": "string"
    },
    "fnp-uks-dev-ces-funcedst0005-key": {
      "type": "string"
    },
    "fnp-uks-dev-ces-funcedst0006-key": {
      "type": "string"
    },
    "fnp-uks-dev-ces-funcedst0007-key": {
      "type": "string"
    },
    "Logger-Credentials--5fb174f643d07813b819a510": {
      "type": "string"
    },
    "Logger-Credentials--5fb1750c43d07813b819a514": {
      "type": "string"
    },
    "Logger-Credentials--5fb17cfd43d07813b819a517": {
      "type": "string"
    },
    "oAuthTokenIssuerTenantId": {
      "type": "string"
    }
    
  },
  "resources": [
 {
      "properties": {
        "tags": [],
        "secret": true,
        "displayName": "ces-d-la-postexamdata_manual-invoke_6001770a10cd8258e09066b1",
        "value": "parameters('ces-d-la-postexamdata_manual-invoke_6001770a10cd8258e09066b1')"
       
      },
      "name": "[concat(parameters('ApimServiceName'), '/6001770a10cd8258e09066b1')]",
      "type": "Microsoft.ApiManagement/service/properties",
      "apiVersion": "2019-01-01"
    },
    {
      "properties": {
        "tags": [],
        "secret": true,
        "displayName": "ces-d-la-postexamdata_manual-invoke_6001999e0afca5dceadef54f",
        "value": "parameters('ces-d-la-postexamdata_manual-invoke_6001999e0afca5dceadef54f')"
      },
      "name": "[concat(parameters('ApimServiceName'), '/6001999e0afca5dceadef54f')]",
      "type": "Microsoft.ApiManagement/service/properties",
      "apiVersion": "2019-01-01"
    },
    {
      "properties": {
        "tags": [],
        "secret": false,
        "displayName": "ces-la-postexamdata",
        "value": "parameters('ces-la-postexamdata')"
         },
      "name": "[concat(parameters('ApimServiceName'), '/ces-la-postexamdata')]",
      "type": "Microsoft.ApiManagement/service/properties",
      "apiVersion": "2019-01-01"
    },
    {
      "properties": {
        "tags": [],
        "secret": false,
        "displayName": "ces-la-postexamdata-signature",
        "value": "parameters('ces-la-postexamdata-signature')"
      },
      "name": "[concat(parameters('ApimServiceName'), '/ces-la-postexamdata-signature')]",
      "type": "Microsoft.ApiManagement/service/properties",
      "apiVersion": "2019-01-01"
    },
    {
      "properties": {
        "tags": [],
        "secret": false,
        "displayName": "ces-la-postexamdates",
        "value": "parameters('ces-la-postexamdates')"
      },
      "name": "[concat(parameters('ApimServiceName'), '/ces-la-postexamdates')]",
      "type": "Microsoft.ApiManagement/service/properties",
      "apiVersion": "2019-01-01"
    },
    {
      "properties": {
        "tags": [],
        "secret": false,
        "displayName": "ces-la-postexamdates-signature",
        "value": "parameters('ces-la-postexamdates-signature')"
      },
      "name": "[concat(parameters('ApimServiceName'), '/ces-la-postexamdates-signature')]",
      "type": "Microsoft.ApiManagement/service/properties",
      "apiVersion": "2019-01-01"
    },
    {
      "properties": {
        "tags": [],
        "secret": false,
        "displayName": "CesSuppliersApp",
        "value": "parameters('CesSuppliersApp')"
      },
      "name": "[concat(parameters('ApimServiceName'), '/CesSuppliersApp')]",
      "type": "Microsoft.ApiManagement/service/properties",
      "apiVersion": "2019-01-01"
    },
    {
      "properties": {
        "tags": [],
        "secret": false,
        "displayName": "CesWebApp",
        "value": "parameters('CesWebApp')"
      },
      "name": "[concat(parameters('ApimServiceName'), '/CesWebApp')]",
      "type": "Microsoft.ApiManagement/service/properties",
      "apiVersion": "2019-01-01"
    },
    {
      "properties": {
        "tags": [
          "key",
          "function",
          "auto"
        ],
        "secret": true,
        "displayName": "fnp-uks-dev-ces-funcedst0001-key",
        "value": "parameters('fnp-uks-dev-ces-funcedst0001-key')"
      },
      "name": "[concat(parameters('ApimServiceName'), '/fnp-uks-dev-ces-funcedst0001-key')]",
      "type": "Microsoft.ApiManagement/service/properties",
      "apiVersion": "2019-01-01"
    },
    {
      "properties": {
        "tags": [
          "key",
          "function",
          "auto"
        ],
        "secret": true,
        "displayName": "fnp-uks-dev-ces-funcedst0002-key",
        "value": "parameters('fnp-uks-dev-ces-funcedst0002-key')"
      },
      "name": "[concat(parameters('ApimServiceName'), '/fnp-uks-dev-ces-funcedst0002-key')]",
      "type": "Microsoft.ApiManagement/service/properties",
      "apiVersion": "2019-01-01"
    },
    {
      "properties": {
        "tags": [
          "key",
          "function",
          "auto"
        ],
        "secret": true,
        "displayName": "fnp-uks-dev-ces-funcedst0003-key",
        "value": "parameters('fnp-uks-dev-ces-funcedst0003-key')"
      },
      "name": "[concat(parameters('ApimServiceName'), '/fnp-uks-dev-ces-funcedst0003-key')]",
      "type": "Microsoft.ApiManagement/service/properties",
      "apiVersion": "2019-01-01"
    },
    {
      "properties": {
        "tags": [
          "key",
          "function",
          "auto"
        ],
        "secret": true,
        "displayName": "fnp-uks-dev-ces-funcedst0004-key",
        "value": "parameters('fnp-uks-dev-ces-funcedst0004-key')"
      },
      "name": "[concat(parameters('ApimServiceName'), '/fnp-uks-dev-ces-funcedst0004-key')]",
      "type": "Microsoft.ApiManagement/service/properties",
      "apiVersion": "2019-01-01"
    },
    {
      "properties": {
        "tags": [],
        "secret": true,
        "displayName": "fnp-uks-dev-ces-funcedst0005_manual-invoke_6017ce9889ba4520667e5611",
        "value": "parameters('fnp-uks-dev-ces-funcedst0005_manual-invoke_6017ce9889ba4520667e5611')"
      },
      "name": "[concat(parameters('ApimServiceName'), '/6017ce9889ba4520667e5611')]",
      "type": "Microsoft.ApiManagement/service/properties",
      "apiVersion": "2019-01-01"
    },
    {
      "properties": {
        "tags": [],
        "secret": true,
        "displayName": "fnp-uks-dev-ces-funcedst0005_manual-invoke_6017cf2c60468aeb96aaed4b",
        "value": "parameters('fnp-uks-dev-ces-funcedst0005_manual-invoke_6017cf2c60468aeb96aaed4b')"
      },
      "name": "[concat(parameters('ApimServiceName'), '/6017cf2c60468aeb96aaed4b')]",
      "type": "Microsoft.ApiManagement/service/properties",
      "apiVersion": "2019-01-01"
    },
    {
      "properties": {
        "tags": [],
        "secret": true,
        "displayName": "fnp-uks-dev-ces-funcedst0005_manual-invoke-1_6017cf43b3286bbaad37cf8d",
        "value":  "parameters('fnp-uks-dev-ces-funcedst0005_manual-invoke-1_6017cf43b3286bbaad37cf8d')"
      },
      "name": "[concat(parameters('ApimServiceName'), '/6017cf43b3286bbaad37cf8d')]",
      "type": "Microsoft.ApiManagement/service/properties",
      "apiVersion": "2019-01-01"
    },
    {
      "properties": {
        "tags": [
          "key",
          "function",
          "auto"
        ],
        "secret": true,
        "displayName": "fnp-uks-dev-ces-funcedst0005-key",
        "value": "parameters('fnp-uks-dev-ces-funcedst0005-key')"
      },
      "name": "[concat(parameters('ApimServiceName'), '/fnp-uks-dev-ces-funcedst0005-key')]",
      "type": "Microsoft.ApiManagement/service/properties",
      "apiVersion": "2019-01-01"
    },
    {
      "properties": {
        "tags": [
          "key",
          "function",
          "auto"
        ],
        "secret": true,
        "displayName": "fnp-uks-dev-ces-funcedst0006-key",
        "value": "parameters('fnp-uks-dev-ces-funcedst0006-key')"
      },
      "name": "[concat(parameters('ApimServiceName'), '/fnp-uks-dev-ces-funcedst0006-key')]",
      "type": "Microsoft.ApiManagement/service/properties",
      "apiVersion": "2019-01-01"
    },
    {
      "properties": {
        "tags": [
          "key",
          "function",
          "auto"
        ],
        "secret": true,
        "displayName": "fnp-uks-dev-ces-funcedst0007-key",
        "value": "parameters('fnp-uks-dev-ces-funcedst0007-key')"
      },
      "name": "[concat(parameters('ApimServiceName'), '/fnp-uks-dev-ces-funcedst0007-key')]",
      "type": "Microsoft.ApiManagement/service/properties",
      "apiVersion": "2019-01-01"
    },
    {
      "properties": {
        "secret": true,
        "displayName": "Logger-Credentials--5fb174f643d07813b819a510",
        "value": "parameters('Logger-Credentials--5fb174f643d07813b819a510')"
      },
      "name": "[concat(parameters('ApimServiceName'), '/5fb174f643d07813b819a50f')]",
      "type": "Microsoft.ApiManagement/service/properties",
      "apiVersion": "2019-01-01"
    },
    {
      "properties": {
        "secret": true,
        "displayName": "Logger-Credentials--5fb1750c43d07813b819a514",
        "value":  "parameters('Logger-Credentials--5fb1750c43d07813b819a514')"
      },
      "name": "[concat(parameters('ApimServiceName'), '/5fb1750c43d07813b819a513')]",
      "type": "Microsoft.ApiManagement/service/properties",
      "apiVersion": "2019-01-01"
    },
    {
      "properties": {
        "secret": true,
        "displayName": "Logger-Credentials--5fb17cfd43d07813b819a517",
        "value": "parameters('Logger-Credentials--5fb17cfd43d07813b819a517')"
      },
      "name": "[concat(parameters('ApimServiceName'), '/5fb17cfd43d07813b819a516')]",
      "type": "Microsoft.ApiManagement/service/properties",
      "apiVersion": "2019-01-01"
    },
    {
      "properties": {
        "tags": [],
        "secret": true,
        "displayName": "manage-task-list_manual-invoke_6017f24e938fa562f8494324",
        "value": "parameters('manage-task-list_manual-invoke_6017f24e938fa562f8494324')"
      },
      "name": "[concat(parameters('ApimServiceName'), '/6017f24e938fa562f8494324')]",
      "type": "Microsoft.ApiManagement/service/properties",
      "apiVersion": "2019-01-01"
    },
    {
      "properties": {
        "tags": [],
        "secret": false,
        "displayName": "oAuthTokenIssuerTenantId",
        "value": "parameters('oAuthTokenIssuerTenantId')"
      },
      "name": "[concat(parameters('ApimServiceName'), '/oAuthTokenIssuerTenantId')]",
      "type": "Microsoft.ApiManagement/service/properties",
      "apiVersion": "2019-01-01"
    }
   
  ]
}