{
  "$schema": "https://schema.management.azure.com/schemas/2015-01-01/deploymentTemplate.json#",
  "contentVersion": "1.0.0.0",
  "parameters": {

    "ApimServiceName": {
      "value": ""
    },
    "ces-d-la-postexamdata_manual-invoke_6001770a10cd8258e09066b1": {
      "value": ""
    },
    "ces-d-la-postexamdata_manual-invoke_6001999e0afca5dceadef54f": {
      "value": ""
    },
    "ces-la-postexamdata": {
      "value": ""
    },   
    "ces-la-postexamdata-signature": {
      "value": ""
    },
    "ces-la-postexamdates":{
      "value": ""
    },
    "ces-la-postexamdates-signature": {
      "value": ""
    },
    "CesSuppliersApp": {
      "value": ""
    },
    "CesWebApp": {
      "value": ""
    },
    
      "fnp-uks-dev-ces-funcedst0001-key": {
      "value": ""
    },
    
      "fnp-uks-dev-ces-funcedst0002-key": {
      "value": ""
    },
      "fnp-uks-dev-ces-funcedst0003-key": {
      "value": ""
    },
      "fnp-uks-dev-ces-funcedst0004-key": {
      "value": ""
    },
      "fnp-uks-dev-ces-funcedst0005_manual-invoke_6017ce9889ba4520667e5611": {
      "value": ""
    },
      "fnp-uks-dev-ces-funcedst0005_manual-invoke_6017cf2c60468aeb96aaed4b": {
      "value": ""
    },
      "fnp-uks-dev-ces-funcedst0005_manual-invoke-1_6017cf43b3286bbaad37cf8d": {
      "value": ""
    },
      "fnp-uks-dev-ces-funcedst0005-key": {
      "value": ""
    },
      "fnp-uks-dev-ces-funcedst0006-key": {
      "value": ""
    },
      "fnp-uks-dev-ces-funcedst0007-key": {
      "value": ""
    },
      "Logger-Credentials--5fb174f643d07813b819a510": {
      "value": ""
    },
      "Logger-Credentials--5fb1750c43d07813b819a514": {
      "value": ""
    },
      "Logger-Credentials--5fb17cfd43d07813b819a517": {
      "value": ""
    },
      "oAuthTokenIssuerTenantId": {
      "value": ""
    }

  },
  "resources": []
}