{
    "$schema": "https://schema.management.azure.com/schemas/2019-04-01/deploymentTemplate.json#",
    "contentVersion": "1.0.0.0",
    "parameters": {
      "globalpolicyLink": {
        "type": "string"
      },
      "productdetailsLink": {
        "type": "string"
      },
      "assetdetailsLink": {
        "type": "string"
      },
      "complianceLink": {
        "type": "string"
      },
      "defectsLink": {
        "type": "string"
      },
      "lookupsLink": {
        "type": "string"
      },
      "suppliersLink": {
        "type": "string"
      },
      "tasklistLink": {
        "type": "string"
      },
      "userrolesLink": {
        "type": "string"
      },
      "blobapiLink": {
        "type": "string"
      },
      "ApimServiceName": {
        "type": "string"
      }
  
    },
    "functions": [],
    "variables": {},
    "resources": [
      {
        "name": "GlobalPolicy-LinkedTemplate",
        "type": "Microsoft.Resources/deployments",
        "apiVersion": "2018-05-01",
        "properties": {
          "mode": "Incremental",
          "templateLink": {
            "uri": "[parameters('globalpolicyLink')]"
          },
          "parameters": {
            "ApimServiceName": {
              "value": "[parameters('ApimServiceName')]"
            }
          }
        }
      }, 
     
      {
        "name": "ProductDetails-LinkedTemplate",
        "type": "Microsoft.Resources/deployments",
        "apiVersion": "2018-05-01",
        "properties": {
          "mode": "Incremental",
          "templateLink": {
            "uri": "[parameters('productdetailsLink')]"
          },
          "parameters": {
            "ApimServiceName": {
              "value": "[parameters('ApimServiceName')]"
            }
          }
        }
      },

      {
        "name": "Assetdetails-LinkedTemplate",
        "type": "Microsoft.Resources/deployments",
        "apiVersion": "2018-05-01",
        "properties": {
          "mode": "Incremental",
          "templateLink": {
            "uri": "[parameters('assetdetailsLink')]"
          },
          "parameters": {
            "ApimServiceName": {
              "value": "[parameters('ApimServiceName')]"
            }
          }
        }
      },
  
      {
        "name": "Compliance-LinkedTemplate",
        "type": "Microsoft.Resources/deployments",
        "apiVersion": "2018-05-01",
        "properties": {
          "mode": "Incremental",
          "templateLink": {
            "uri": "[parameters('complianceLink')]"
          },
          "parameters": {
            "ApimServiceName": {
              "value": "[parameters('ApimServiceName')]"
            }
          }
        }
      },
      {
        "name": "Defect-LinkedTemplate",
        "type": "Microsoft.Resources/deployments",
        "apiVersion": "2018-05-01",
        "properties": {
          "mode": "Incremental",
          "templateLink": {
            "uri": "[parameters('defectsLink')]"
          },
          "parameters": {
            "ApimServiceName": {
              "value": "[parameters('ApimServiceName')]"
            }
          }
        }
      },
      {
        "name": "Lookups-LinkedTemplate",
        "type": "Microsoft.Resources/deployments",
        "apiVersion": "2018-05-01",
        "properties": {
          "mode": "Incremental",
          "templateLink": {
            "uri": "[parameters('lookupsLink')]"
          },
          "parameters": {
            "ApimServiceName": {
              "value": "[parameters('ApimServiceName')]"
            }
          }
        }
      },
      {
        "name": "Suppliers-LinkedTemplate",
        "type": "Microsoft.Resources/deployments",
        "apiVersion": "2018-05-01",
        "properties": {
          "mode": "Incremental",
          "templateLink": {
            "uri": "[parameters('suppliersLink')]"
          },
          "parameters": {
            "ApimServiceName": {
              "value": "[parameters('ApimServiceName')]"
            }
          }
        }
      },
      {
        "name": "TaskList-LinkedTemplate",
        "type": "Microsoft.Resources/deployments",
        "apiVersion": "2018-05-01",
        "properties": {
          "mode": "Incremental",
          "templateLink": {
            "uri": "[parameters('tasklistLink')]"
          },
          "parameters": {
            "ApimServiceName": {
              "value": "[parameters('ApimServiceName')]"
            }
          }
        }
      },
      {
        "name": "Userroles-LinkedTemplate",
        "type": "Microsoft.Resources/deployments",
        "apiVersion": "2018-05-01",
        "properties": {
          "mode": "Incremental",
          "templateLink": {
            "uri": "[parameters('userrolesLink')]"
          },
          "parameters": {
            "ApimServiceName": {
              "value": "[parameters('ApimServiceName')]"
            }
          }
        }
      },
      {
        "name": "BlobAPI-LinkedTemplate",
        "type": "Microsoft.Resources/deployments",
        "apiVersion": "2018-05-01",
        "properties": {
          "mode": "Incremental",
          "templateLink": {
            "uri": "[parameters('blobapiLink')]"
          },
          "parameters": {
            "ApimServiceName": {
              "value": "[parameters('ApimServiceName')]"
            }
          }
        }
      }

    ],
    "outputs": {}
  }