{
    "$schema": "https://schema.management.azure.com/schemas/2015-01-01/deploymentParameters.json#",
    "contentVersion": "1.0.0.0",
    "parameters": {

      "globalpolicyLink": {
        "value": ""
      },
      "productdetailsLink": {
        "value": ""
      },
      "assetdetailsLink": {
        "value": ""
      },
      "complianceLink": {
        "value": ""
      },
      "defectsLink": {
        "value": ""
      },
      "lookupsLink": {
        "value": ""
      },
      "suppliersLink": {
        "value": ""
      },
      "tasklistLink": {
        "value": ""
      },
      "userrolesLink": {
        "value": ""
      },
      "blobapiLink": {
        "value": ""
      },
      "ApimServiceName": {
        "value": "nr-ii-devopssandbox-apim"
      }
  
    }
  }
