{
  "$schema": "https://schema.management.azure.com/schemas/2015-01-01/deploymentTemplate.json#",
  "contentVersion": "1.0.0.0",
  "parameters": {
    "ApimServiceName": {
      "type": "string"
    },
    "ActionDetailsFunction": {
      "type": "string"
    },
    "AssetDetailsFunction": {
      "type": "string"
    },
    "AssetsFunction": {
      "type": "string"
    },
    "DefectManageFunction": {
      "type": "string"
    },
    "DefectsByAssetFunction": {
      "type": "string"
    },
    "DefectsFunction": {
      "type": "string"
    },
    "DisplayRecommendationDetailsFunction": {
      "type": "string"
    },
    "DisplayTaskDetailsFunction": {
      "type": "string"
    },
    "PostExamDatesFunction": {
      "type": "string"
    },
    "RiskAssessmentFunction": {
      "type": "string"
    },
    "RiskAssessmentUnderWaterFunction": {
      "type": "string"
    },
    "SearchFunction": {
      "type": "string"
    },
    "SearchNonCompliantAsset": {
      "type": "string"
    },
    "TaskListSearchFunction": {
      "type": "string"
    },
    "TaskListStatusFunction": {
      "type": "string"
    },
    "UserInfoFunction": {
      "type": "string"
    },
    "UserPreferenceFunction": {
      "type": "string"
    },
    "viewAssetDetailsFunction": {
      "type": "string"
    }, 
    "FnAppCivilCommon": {
      "type": "string"
    },
    "FnAppCivilManageAsset": {
      "type": "string"
    },
    "FnAppCivilManageCompliance": {
      "type": "string"
    },
    "FnAppCivilManageDefect": {
      "type": "string"
    },
    "FnAppCivilManageTaskList": {
      "type": "string"
    },
    "FnAppCivilSupplier": {
      "type": "string"
    },
    "FnAppCivilUser": {
      "type": "string"
    },
    "cesLaPostexamdata": {
      "type": "string"
    },
    "cesLaPostexamdates": {
      "type": "string"
    },
    "AmeySuppliersApp": {
      "type": "string"
    },
    "BridgewaySuppliersApp": {
      "type": "string"
    },
    "Method4SuppliersApp": {
      "type": "string"
    },
    "XeiadSuppliersApp": {
      "type": "string"
    },
    "CesSuppliersApp": {
      "type": "string"
    },
    "CesWebApp": {
      "type": "string"
    },
    "CesSuppliersClientApp": {
      "type": "string"
    },
    "oAuthTokenIssuerTenantId": {
      "type": "string"
    },
    "storageaccount":{
      "type": "string"
    },
    "CEFAContainerName":{
      "type": "string"
    },    
    "NonComplianceStructureReportsFunction":{
      "type": "string"
    },
    "ProgressReportsFunction":{
      "type": "string"
    }
    ,
    "CloseDefectsFunction":{
      "type": "string"
    }
    ,
    "SaveAssetCommentFunction":{
      "type": "string"
    }
  },
  "resources": [
    {
      "properties": {
        "tags": [],
        "secret": false,
        "displayName": "ActionDetailsFunction",
        "value": "[parameters('ActionDetailsFunction')]"
      },
      "name": "[concat(parameters('ApimServiceName'), '/ActionDetailsFunction')]",
      "type": "Microsoft.ApiManagement/service/properties",
      "apiVersion": "2019-01-01"
    },
    {
      "properties": {
        "tags": [],
        "secret": false,
        "displayName": "AssetDetailsFunction",
        "value": "[parameters('AssetDetailsFunction')]"
      },
      "name": "[concat(parameters('ApimServiceName'), '/AssetDetailsFunction')]",
      "type": "Microsoft.ApiManagement/service/properties",
      "apiVersion": "2019-01-01"
    },
    {
      "properties": {
        "tags": [],
        "secret": false,
        "displayName": "AssetsFunction",
        "value": "[parameters('AssetsFunction')]"
      },
      "name": "[concat(parameters('ApimServiceName'), '/AssetsFunction')]",
      "type": "Microsoft.ApiManagement/service/properties",
      "apiVersion": "2019-01-01"
    },
   
    {
      "properties": {
        "tags": [],
        "secret": false,
        "displayName": "DefectManageFunction",
        "value": "[parameters('DefectManageFunction')]"
      },
      "name": "[concat(parameters('ApimServiceName'), '/DefectManageFunction')]",
      "type": "Microsoft.ApiManagement/service/properties",
      "apiVersion": "2019-01-01"
    },
    {
      "properties": {
        "tags": [],
        "secret": false,
        "displayName": "DefectsByAssetFunction",
        "value": "[parameters('DefectsByAssetFunction')]"
      },
      "name": "[concat(parameters('ApimServiceName'), '/DefectsByAssetFunction')]",
      "type": "Microsoft.ApiManagement/service/properties",
      "apiVersion": "2019-01-01"
    },
    {
      "properties": {
        "tags": [],
        "secret": false,
        "displayName": "DefectsFunction",
        "value": "[parameters('DefectsFunction')]"
      },
      "name": "[concat(parameters('ApimServiceName'), '/DefectsFunction')]",
      "type": "Microsoft.ApiManagement/service/properties",
      "apiVersion": "2019-01-01"
    },
    {
      "properties": {
        "tags": [],
        "secret": false,
        "displayName": "DisplayRecommendationDetailsFunction",
        "value": "[parameters('DisplayRecommendationDetailsFunction')]"
      },
      "name": "[concat(parameters('ApimServiceName'), '/DisplayRecommendationDetailsFunction')]",
      "type": "Microsoft.ApiManagement/service/properties",
      "apiVersion": "2019-01-01"
    },
    {
      "properties": {
        "tags": [],
        "secret": false,
        "displayName": "DisplayTaskDetailsFunction",
        "value": "[parameters('DisplayTaskDetailsFunction')]"
      },
      "name": "[concat(parameters('ApimServiceName'), '/DisplayTaskDetailsFunction')]",
      "type": "Microsoft.ApiManagement/service/properties",
      "apiVersion": "2019-01-01"
    },
    
    {
      "properties": {
        "tags": [],
        "secret": false,
        "displayName": "PostExamDatesFunction",
        "value": "[parameters('PostExamDatesFunction')]"
      },
      "name": "[concat(parameters('ApimServiceName'), '/PostExamDatesFunction')]",
      "type": "Microsoft.ApiManagement/service/properties",
      "apiVersion": "2019-01-01"
    },
    {
      "properties": {
        "tags": [],
        "secret": false,
        "displayName": "RiskAssessmentFunction",
        "value": "[parameters('RiskAssessmentFunction')]"
      },
      "name": "[concat(parameters('ApimServiceName'), '/RiskAssessmentFunction')]",
      "type": "Microsoft.ApiManagement/service/properties",
      "apiVersion": "2019-01-01"
    },
    {
      "properties": {
        "tags": [],
        "secret": false,
        "displayName": "RiskAssessmentUnderWaterFunction",
        "value": "[parameters('RiskAssessmentUnderWaterFunction')]"
      },
      "name": "[concat(parameters('ApimServiceName'), '/RiskAssessmentUnderWaterFunction')]",
      "type": "Microsoft.ApiManagement/service/properties",
      "apiVersion": "2019-01-01"
    },
    {
      "properties": {
        "tags": [],
        "secret": false,
        "displayName": "SearchFunction",
        "value": "[parameters('SearchFunction')]"
      },
      "name": "[concat(parameters('ApimServiceName'), '/SearchFunction')]",
      "type": "Microsoft.ApiManagement/service/properties",
      "apiVersion": "2019-01-01"
    },
    {
      "properties": {
        "tags": [],
        "secret": false,
        "displayName": "SearchNonCompliantAsset",
        "value": "[parameters('SearchNonCompliantAsset')]"
      },
      "name": "[concat(parameters('ApimServiceName'), '/SearchNonCompliantAsset')]",
      "type": "Microsoft.ApiManagement/service/properties",
      "apiVersion": "2019-01-01"
    },
    {
      "properties": {
        "tags": [],
        "secret": false,
        "displayName": "AdminRoleInfoFunction",
        "value": "/getAdminRoleInformation"
      },
      "name": "[concat(parameters('ApimServiceName'), '/AdminRoleInfoFunction')]",
      "type": "Microsoft.ApiManagement/service/properties",
      "apiVersion": "2019-01-01"
    },

    {
      "properties": {
        "tags": [],
        "secret": false,
        "displayName": "RiskAssessmentHistoricRecords",
        "value": "/riskAssessmentHistoricRecords"
      },
      "name": "[concat(parameters('ApimServiceName'), '/RiskAssessmentHistoricRecords')]",
      "type": "Microsoft.ApiManagement/service/properties",
      "apiVersion": "2019-01-01"
    },

    {
      "properties": {
        "tags": [],
        "secret": false,
        "displayName": "AdminInfoFunction",
        "value": "/getAdminInformation"
      },
      "name": "[concat(parameters('ApimServiceName'), '/AdminInfoFunction')]",
      "type": "Microsoft.ApiManagement/service/properties",
      "apiVersion": "2019-01-01"
    },

    {
      "properties": {
        "tags": [],
        "secret": false,
        "displayName": "AdminInfoForSelectedRRA",
        "value": "/getAdminInfoSelectedRRA"
      },
      "name": "[concat(parameters('ApimServiceName'), '/AdminInfoForSelectedRRA')]",
      "type": "Microsoft.ApiManagement/service/properties",
      "apiVersion": "2019-01-01"
    },

    {
      "properties": {
        "tags": [],
        "secret": false,
        "displayName": "SaveExamDatesFunction",
        "value": "/postExamDates"
      },
      "name": "[concat(parameters('ApimServiceName'), '/SaveExamDatesFunction')]",
      "type": "Microsoft.ApiManagement/service/properties",
      "apiVersion": "2019-01-01"
    },

    {
      "properties": {
        "tags": [],
        "secret": false,
        "displayName": "GetTaskListFunction",
        "value": "/getTaskListDetails"
      },
      "name": "[concat(parameters('ApimServiceName'), '/GetTaskListFunction')]",
      "type": "Microsoft.ApiManagement/service/properties",
      "apiVersion": "2019-01-01"
    },

    {
      "properties": {
        "tags": [],
        "secret": false,
        "displayName": "AssetDetailsSupplierFunction",
        "value": "/getAssetDetails"
      },
      "name": "[concat(parameters('ApimServiceName'), '/AssetDetailsSupplierFunction')]",
      "type": "Microsoft.ApiManagement/service/properties",
      "apiVersion": "2019-01-01"
    },
    {
      "properties": {
        "tags": [],
        "secret": false,
        "displayName": "RecommendationDetailsFunction",
        "value": "/getRecommendationDetails"
      },
      "name": "[concat(parameters('ApimServiceName'), '/RecommendationDetailsFunction')]",
      "type": "Microsoft.ApiManagement/service/properties",
      "apiVersion": "2019-01-01"
    },
    {
      "properties": {
        "tags": [],
        "secret": false,
        "displayName": "getDefectDetails",
        "value": "/getDefectDetails"
      },
      "name": "[concat(parameters('ApimServiceName'), '/getDefectDetails')]",
      "type": "Microsoft.ApiManagement/service/properties",
      "apiVersion": "2019-01-01"
    },

    {
      "properties": {
        "tags": [],
        "secret": false,
        "displayName": "GetExamDataStatusFunction",
        "value": "/getExamDataStatus"
      },
      "name": "[concat(parameters('ApimServiceName'), '/GetExamDataStatus')]",
      "type": "Microsoft.ApiManagement/service/properties",
      "apiVersion": "2019-01-01"
    },

    {
      "properties": {
        "tags": [],
        "secret": false,
        "displayName": "TaskListSearchFunction",
        "value": "[parameters('TaskListSearchFunction')]"
      },
      "name": "[concat(parameters('ApimServiceName'), '/TaskListSearchFunction')]",
      "type": "Microsoft.ApiManagement/service/properties",
      "apiVersion": "2019-01-01"
    },

    {
      "properties": {
        "tags": [],
        "secret": false,
        "displayName": "TaskListStatusFunction",
        "value": "[parameters('TaskListStatusFunction')]"
      },
      "name": "[concat(parameters('ApimServiceName'), '/TaskListStatusFunction')]",
      "type": "Microsoft.ApiManagement/service/properties",
      "apiVersion": "2019-01-01"
    },

    {
      "properties": {
        "tags": [],
        "secret": false,
        "displayName": "UserInfoFunction",
        "value": "[parameters('UserInfoFunction')]"
      },
      "name": "[concat(parameters('ApimServiceName'), '/userInfoFunction')]",
      "type": "Microsoft.ApiManagement/service/properties",
      "apiVersion": "2019-01-01"
    },

    {
      "properties": {
        "tags": [],
        "secret": false,
        "displayName": "UserPreferenceFunction",
        "value": "[parameters('UserPreferenceFunction')]"
      },
      "name": "[concat(parameters('ApimServiceName'), '/UserPreferenceFunction')]",
      "type": "Microsoft.ApiManagement/service/properties",
      "apiVersion": "2019-01-01"
    },

    {
      "properties": {
        "tags": [],
        "secret": false,
        "displayName": "viewAssetDetailsFunction",
        "value": "[parameters('viewAssetDetailsFunction')]"
      },
      "name": "[concat(parameters('ApimServiceName'), '/viewAssetDetailsFunction')]",
      "type": "Microsoft.ApiManagement/service/properties",
      "apiVersion": "2019-01-01"
    },

    {
      "properties": {
        "tags": [],
        "secret": false,
        "displayName": "FnAppCivilCommon",
        "value": "[parameters('FnAppCivilCommon')]"
      },
      "name": "[concat(parameters('ApimServiceName'), '/FnAppCivilCommon')]",
      "type": "Microsoft.ApiManagement/service/properties",
      "apiVersion": "2019-01-01"
    },

    {
      "properties": {
        "tags": [],
        "secret": false,
        "displayName": "FnAppCivilManageAsset",
        "value": "[parameters('FnAppCivilManageAsset')]"
      },
      "name": "[concat(parameters('ApimServiceName'), '/FnAppCivilManageAsset')]",
      "type": "Microsoft.ApiManagement/service/properties",
      "apiVersion": "2019-01-01"
    },
    {
      "properties": {
        "tags": [],
        "secret": false,
        "displayName": "FnAppCivilManageCompliance",
        "value": "[parameters('FnAppCivilManageCompliance')]"
      },
      "name": "[concat(parameters('ApimServiceName'), '/FnAppCivilManageCompliance')]",
      "type": "Microsoft.ApiManagement/service/properties",
      "apiVersion": "2019-01-01"
    },
    {
      "properties": {
        "tags": [],
        "secret": false,
        "displayName": "FnAppCivilManageDefect",
        "value": "[parameters('FnAppCivilManageDefect')]"
      },
      "name": "[concat(parameters('ApimServiceName'), '/FnAppCivilManageDefect')]",
      "type": "Microsoft.ApiManagement/service/properties",
      "apiVersion": "2019-01-01"
    },
    {
      "properties": {
        "tags": [],
        "secret": false,
        "displayName": "FnAppCivilManageTaskList",
        "value": "[parameters('FnAppCivilManageTaskList')]"
      },
      "name": "[concat(parameters('ApimServiceName'), '/FnAppCivilManageTaskList')]",
      "type": "Microsoft.ApiManagement/service/properties",
      "apiVersion": "2019-01-01"
    },
    {
      "properties": {
        "tags": [],
        "secret": false,
        "displayName": "FnAppCivilSupplier",
        "value": "[parameters('FnAppCivilSupplier')]"
      },
      "name": "[concat(parameters('ApimServiceName'), '/FnAppCivilSupplier')]",
      "type": "Microsoft.ApiManagement/service/properties",
      "apiVersion": "2019-01-01"
    },
    {
      "properties": {
        "tags": [],
        "secret": false,
        "displayName": "FnAppCivilUser",
        "value": "[parameters('FnAppCivilUser')]"
      },
      "name": "[concat(parameters('ApimServiceName'), '/FnAppCivilUser')]",
      "type": "Microsoft.ApiManagement/service/properties",
      "apiVersion": "2019-01-01"
    },
        {
      "properties": {
        "tags": [],
        "secret": false,
        "displayName": "ces-la-postexamdata",
        "value": "[parameters('cesLaPostexamdata')]"
         },
      "name": "[concat(parameters('ApimServiceName'), '/ces-la-postexamdata')]",
      "type": "Microsoft.ApiManagement/service/properties",
      "apiVersion": "2019-01-01"
    },
    {
      "properties": {
        "tags": [],
        "secret": false,
        "displayName": "ces-la-postexamdates",
        "value": "[parameters('cesLaPostexamdates')]"
      },
      "name": "[concat(parameters('ApimServiceName'), '/ces-la-postexamdates')]",
      "type": "Microsoft.ApiManagement/service/properties",
      "apiVersion": "2019-01-01"
    },
    {
      "properties": {
        "tags": [],
        "secret": false,
        "displayName": "CesSuppliersApp",
        "value": "[parameters('CesSuppliersApp')]"
      },
      "name": "[concat(parameters('ApimServiceName'), '/CesSuppliersApp')]",
      "type": "Microsoft.ApiManagement/service/properties",
      "apiVersion": "2019-01-01"
    },
    {
      "properties": {
        "tags": [],
        "secret": false,
        "displayName": "AmeySuppliersApp",
        "value": "[parameters('AmeySuppliersApp')]"
      },
      "name": "[concat(parameters('ApimServiceName'), '/AmeySuppliersApp')]",
      "type": "Microsoft.ApiManagement/service/properties",
      "apiVersion": "2019-01-01"
    },
    {
      "properties": {
        "tags": [],
        "secret": false,
        "displayName": "Method4SuppliersApp",
        "value": "[parameters('Method4SuppliersApp')]"
      },
      "name": "[concat(parameters('ApimServiceName'), '/Method4SuppliersApp')]",
      "type": "Microsoft.ApiManagement/service/properties",
      "apiVersion": "2019-01-01"
    },
    {
      "properties": {
        "tags": [],
        "secret": false,
        "displayName": "BridgewaySuppliersApp",
        "value": "[parameters('BridgewaySuppliersApp')]"
      },
      "name": "[concat(parameters('ApimServiceName'), '/BridgewaySuppliersApp')]",
      "type": "Microsoft.ApiManagement/service/properties",
      "apiVersion": "2019-01-01"
    },
    {
      "properties": {
        "tags": [],
        "secret": false,
        "displayName": "XeiadSuppliersApp",
        "value": "[parameters('XeiadSuppliersApp')]"
      },
      "name": "[concat(parameters('ApimServiceName'), '/XeiadSuppliersApp')]",
      "type": "Microsoft.ApiManagement/service/properties",
      "apiVersion": "2019-01-01"
    },
    {
      "properties": {
        "tags": [],
        "secret": false,
        "displayName": "CesWebApp",
        "value": "[parameters('CesWebApp')]"
      },
      "name": "[concat(parameters('ApimServiceName'), '/CesWebApp')]",
      "type": "Microsoft.ApiManagement/service/properties",
      "apiVersion": "2019-01-01"
    },

    {
      "properties": {
        "tags": [],
        "secret": false,
        "displayName": "CesSuppliersClientApp",
        "value": "[parameters('CesSuppliersClientApp')]"
      },
      "name": "[concat(parameters('ApimServiceName'), '/CesSuppliersClientApp')]",
      "type": "Microsoft.ApiManagement/service/properties",
      "apiVersion": "2019-01-01"
    },

    {
      "properties": {
        "tags": [],
        "secret": false,
        "displayName": "oAuthTokenIssuerTenantId",
        "value": "[parameters('oAuthTokenIssuerTenantId')]"
      },
      "name": "[concat(parameters('ApimServiceName'), '/oAuthTokenIssuerTenantId')]",
      "type": "Microsoft.ApiManagement/service/properties",
      "apiVersion": "2019-01-01"
    },

    {
      "properties": {
        "tags": [],
        "secret": false,
        "displayName": "storageaccount",
        "value": "[parameters('storageaccount')]"
      },
      "name": "[concat(parameters('ApimServiceName'), '/storageaccount')]",
      "type": "Microsoft.ApiManagement/service/properties",
      "apiVersion": "2019-01-01"
    },

    {
      "properties": {
        "tags": [],
        "secret": false,
        "displayName": "CEFAContainerName",
        "value": "[parameters('CEFAContainerName')]"
      },
      "name": "[concat(parameters('ApimServiceName'), '/CEFAContainerName')]",
      "type": "Microsoft.ApiManagement/service/properties",
      "apiVersion": "2019-01-01"
    },

    {
      "properties": {
        "tags": [],
        "secret": false,
        "displayName": "ExamDataValidationFunction",
        "value": "/laPostExamDataValidation"
      },
      "name": "[concat(parameters('ApimServiceName'), '/ExamDataValidationFunction')]",
      "type": "Microsoft.ApiManagement/service/properties",
      "apiVersion": "2019-01-01"
    },
    
    {
      "properties": {
        "tags": [],
        "secret": false,
        "displayName": "AssetImageUploadFunction",
        "value": "/uploadImage"
      },
      "name": "[concat(parameters('ApimServiceName'), '/AssetImageUploadFunction')]",
      "type": "Microsoft.ApiManagement/service/properties",
      "apiVersion": "2019-01-01"
    },
    {
      "properties": {
        "tags": [],
        "secret": false,
        "displayName": "NonComplianceStructureReportsFunction",
        "value": "/nonComplianceStructureReports"
      },
      "name": "[concat(parameters('ApimServiceName'), '/NonComplianceStructureReportsFunction')]",
      "type": "Microsoft.ApiManagement/service/properties",
      "apiVersion": "2019-01-01"
    },
     {
      "properties": {
        "tags": [],
        "secret": false,
        "displayName": "ProgressReportsFunction",
        "value": "/progressReport"
      },
      "name": "[concat(parameters('ApimServiceName'), '/ProgressReportsFunction')]",
      "type": "Microsoft.ApiManagement/service/properties",
      "apiVersion": "2019-01-01"
    },
    {
      "properties": {
        "tags": [],
        "secret": false,
        "displayName": "CloseDefectsFunction",
        "value": "[parameters('CloseDefectsFunction')]"
      },
      "name": "[concat(parameters('ApimServiceName'), '/CloseDefectsFunction')]",
      "type": "Microsoft.ApiManagement/service/properties",
      "apiVersion": "2019-01-01"
    },
    {
      "properties": {
        "tags": [],
        "secret": false,
        "displayName": "SaveAssetCommentFunction",
        "value": "[parameters('SaveAssetCommentFunction')]"
      },
      "name": "[concat(parameters('ApimServiceName'), '/SaveAssetCommentFunction')]",
      "type": "Microsoft.ApiManagement/service/properties",
      "apiVersion": "2019-01-01"
    }
  ]
}