{
  "$schema": "https://schema.management.azure.com/schemas/2015-01-01/deploymentTemplate.json#",
  "contentVersion": "1.0.0.0",
  "parameters": {
    "ApimServiceName": {
      "value": ""
    },
    "ActionDetailsFunction": {
      "value": "///getActionDetails"
    },
    "AssetDetailsFunction": {
      "value": "//GetAssetDetails"
    },
    "AssetsFunction": {
      "value": "//getAssets"
    },
    "DefectManageFunction": {
      "value": "//defectTracker"
    },
    "DefectsByAssetFunction": {
      "value": "//getDefectDetails"
    },
    "DefectsFunction": {
      "value": "//getDefectTrackerAssets"
    },

    "DisplayRecommendationDetailsFunction": {
      "value": "//getDisplayRecommendation"
    },
    "DisplayTaskDetailsFunction": {
      "value": "//displayTaskList"
    },   
    "PostExamDatesFunction": {
      "value": "//postExamDates"
    },
    "RiskAssessmentFunction": {
      "value": "//riskAssessment"
    },
    "RiskAssessmentUnderWaterFunction": {
      "value": "//riskAssessmentUnderWater"
    },
   "SearchFunction": {
      "value": "//getSearchLookup"
    },
     "SearchNonCompliantAsset": {
      "value": "//searchNonCompliantAsset"
    },
    "TaskListSearchFunction": {
      "value": "//getTaskListAssets"
    },
    
    "TaskListStatusFunction": {
      "value": "//postTaskListStatus"
    },
    "UserInfoFunction": {
      "value": "//getUserInfo"
    },
    "UserPreferenceFunction": {
      "value": "//userPreference"
    },
    "viewAssetDetailsFunction": {
      "value": "//viewNonComplianceAssets"
    },
     "FnAppCivilCommon": {
      "value": ""
    },
      "FnAppCivilManageAsset": {
      "value": ""
    },
      "FnAppCivilManageCompliance": {
      "value": ""
    },
      "FnAppCivilManageDefect": {
      "value": ""
    },
      "FnAppCivilManageTaskList": {
      "value": ""
    },
      "FnAppCivilSupplier": {
      "value": ""
    },
      "FnAppCivilUser": {
      "value": ""
    },
     
    "cesLaPostexamdata": {
      "value": "https://prod-11.uksouth.logic.azure.com:443/workflows/dc0fef03d8d4486ba52268eb09031586/triggers/"
    },   
    "cesLaPostexamdates":{
      "value": "https://prod-14.uksouth.logic.azure.com:443/workflows/642918ba1d15437491b9ad50bd7ac0e6/triggers/"
    },
    "CesSuppliersApp": {
      "value": "bdfab35e-b1b1-41a1-8c93-3ef099640d67"
    },
    "AmeySuppliersApp": {
      "value": "fe724bd1-207f-4eae-b359-f4e4fefc80b9"
    },
    "BridgewaySuppliersApp": {
      "value": "b6e38864-7b6c-4433-acd9-793ba34a4dd3"
    },
    "Method4SuppliersApp": {
      "value": "8a389bfd-cf94-4f3f-a79d-40cd8ecfbae4"
    },
    "XeiadSuppliersApp": {
      "value": "1ed4d7e2-1102-493b-96bf-89f9147c7ce6"
    },
    "CesWebApp": {
      "value": "22a68909-207c-4f65-a646-9a875c9d9a99"
    },
    "CesSuppliersClientApp": {
      "value": "b7789d1f-defb-4f49-9681-bbea38b8a5e3"
    },
    "oAuthTokenIssuerTenantId":{
      "value": "c22cc3e1-5d7f-4f4d-be03-d5a158cc9409"
    },
    "storageaccount":{
      "value":"sacuksnprdiicesdev0001"
    },
    "CEFAContainerName":{
      "value":"ces-adls"
    },
      "NonComplianceStructureReportsFunction": {
      "value": "//nonComplianceStructureReports"
    },
     "ProgressReportsFunction": {
      "value": "//progressReport"
    },
    "CloseDefectsFunction": {
     "value": "/closeDefect"
   },
   "SaveAssetCommentFunction": {
    "value": "//saveAssetComment"
  }
  },
  "resources": []
}