{
	"name": "trigger_purge",
	"properties": {
		"annotations": [],
		"runtimeState": "Started",
		"pipelines": [
			{
				"pipelineReference": {
					"referenceName": "ppl_archive_yearmonth",
					"type": "PipelineReference"
				}
			},
			{
				"pipelineReference": {
					"referenceName": "ppl_delete_yearmonth",
					"type": "PipelineReference"
				}
			}
		],
		"type": "ScheduleTrigger",
		"typeProperties": {
			"recurrence": {
				"frequency": "Month",
				"interval": 1,
				"startTime": "2020-12-10T06:20:00Z",
				"timeZone": "UTC",
				"schedule": {
					"minutes": [
						0
					],
					"hours": [
						1
					],
					"monthDays": [
						1
					]
				}
			}
		}
	}
}