{
	"name": "trigger_Event_PostExamdata",
	"properties": {
		"annotations": [],
		"runtimeState": "Started",
		"pipelines": [
			{
				"pipelineReference": {
					"referenceName": "ppl_ces_PostExamfiles_Master",
					"type": "PipelineReference"
				},
				"parameters": {
					"triggeringFolderPath": "@triggerBody().folderPath",
					"triggeringFileName": "@triggerBody().fileName"
				}
			}
		],
		"type": "BlobEventsTrigger",
		"typeProperties": {
			"blobPathBeginsWith": "/ces-func/blobs/Arrival/ExamDataUpload/",
			"blobPathEndsWith": ".txt",
			"ignoreEmptyBlobs": true,
			"scope": "/subscriptions/1103c789-a004-4dbf-ae60-e98e7c14296d/resourceGroups/RES-II-CESDEV/providers/Microsoft.Storage/storageAccounts/sacuksdevcessql0002",
			"events": [
				"Microsoft.Storage.BlobCreated"
			]
		}
	}
}