{
	"name": "trigger_Event_RiskAssessment",
	"properties": {
		"annotations": [],
		"runtimeState": "Started",
		"pipelines": [
			{
				"pipelineReference": {
					"referenceName": "ppl_ces_RiskAssesmentStatus_Master",
					"type": "PipelineReference"
				},
				"parameters": {
					"triggeringFileName": "@triggerBody().fileName",
					"triggeringFolderPath": "@triggerBody().folderPath"
				}
			}
		],
		"type": "BlobEventsTrigger",
		"typeProperties": {
			"blobPathBeginsWith": "/ces-func/blobs/Arrival/RiskAssessmentStatus/",
			"blobPathEndsWith": ".xlsx",
			"ignoreEmptyBlobs": true,
			"scope": "/subscriptions/02875d88-c22b-4572-a761-5609a9158103/resourceGroups/res-uks-nprd-ii-civldev0001/providers/Microsoft.Storage/storageAccounts/sacuksnprdiisqlces0003",
			"events": [
				"Microsoft.Storage.BlobCreated"
			]
		}
	}
}