{
	"name": "trigger_ces_Alarm_Migration",
	"properties": {
		"annotations": [],
		"runtimeState": "Started",
		"pipelines": [
			{
				"pipelineReference": {
					"referenceName": "ppl_ces_Alarm_Migration_Master",
					"type": "PipelineReference"
				}
			}
		],
		"type": "BlobEventsTrigger",
		"typeProperties": {
			"blobPathBeginsWith": "/ces-adls-stage/blobs/Full/Alarm/",
			"ignoreEmptyBlobs": true,
			"scope": "/subscriptions/02875d88-c22b-4572-a761-5609a9158103/resourceGroups/res-uks-nprd-ii-civldev0001/providers/Microsoft.Storage/storageAccounts/sacuksnprdiicesdev0001",
			"events": [
				"Microsoft.Storage.BlobCreated"
			]
		}
	}
}