{
  "$schema": "https://schema.management.azure.com/schemas/2015-01-01/deploymentTemplate.json#",
  "contentVersion": "1.0.0.0",
  "parameters": {
    "ApimServiceName": {
      "type": "string"
    }
  },
  "resources": [
    {
      "properties": {
        "description": "Contain the set of operations/apis consumed by external suppliers",
        "authenticationSettings": {
          "subscriptionKeyRequired": false
        },
        "subscriptionKeyParameterNames": {
          "header": "Ocp-Apim-Subscription-Key",
          "query": "subscription-key"
        },
        "apiRevision": "1",
        "isCurrent": true,
        "subscriptionRequired": false,
        "displayName": "Manage Suppliers",
        "path": "II/CESAPI/supplier",
        "protocols": [
          "https"
        ]
      },
      "name": "[concat(parameters('ApimServiceName'), '/manage-suppliers')]",
      "type": "Microsoft.ApiManagement/service/apis",
      "apiVersion": "2019-01-01",
      "dependsOn": []
    },
    {
      "properties": {
        "contentType": "application/vnd.oai.openapi.components+json",
        "document": {
          "components": {
            "schemas": {
              "PostExaminationDateSuccessResponse": {
                "type": "object",
                "properties": {
                  "success": {
                    "type": "object",
                    "properties": {
                      "status": {
                        "type": "integer"
                      },
                      "detail": {
                        "type": "string"
                      },
                      "data": {
                        "type": "string"
                      }
                    }
                  }
                }
              },
              "PostExaminationDateErrorResponse": {
                "type": "object",
                "properties": {
                  "error": {
                    "type": "object",
                    "properties": {
                      "types": {
                        "type": "string"
                      },
                      "title": {
                        "type": "string"
                      },
                      "status": {
                        "type": "integer"
                      },
                      "detail": {
                        "type": "string"
                      },
                      "instance": {
                        "type": "string"
                      }
                    }
                  }
                }
              },
              "defectDetails": {
                "type": "object",
                "properties": {
                  "searchdatacount": {
                    "type": "object",
                    "properties": {
                      "currentpage": {
                        "type": "integer"
                      },
                      "totalcount": {
                        "type": "integer"
                      },
                      "totalpages": {
                        "type": "integer"
                      }
                    }
                  },
                  "defectsearchresult": {
                    "type": "array",
                    "items": {
                      "type": "object",
                      "properties": {
                        "elr": {
                          "type": "string"
                        },
                        "asset_guid": {
                          "type": "string"
                        },
                        "railway_id": {
                          "type": "string"
                        },
                        "open_defects": {
                          "type": "integer"
                        },
                        "total_defects": {
                          "type": "integer"
                        },
                        "highest_open_defect_score": {
                          "type": "integer"
                        },
                        "defectresult": {
                          "type": "array",
                          "items": {
                            "type": "object",
                            "properties": {
                              "defect_id": {
                                "type": "integer"
                              },
                              "description": {
                                "type": "string"
                              },
                              "location": {
                                "type": "string"
                              },
                              "loc_major": {},
                              "loc_minor": {},
                              "defectdtls": {
                                "type": "array",
                                "items": {
                                  "type": "object",
                                  "properties": {
                                    "exam_date": {
                                      "type": "string"
                                    },
                                    "exam_id": {
                                      "type": "integer"
                                    },
                                    "access_gained": {
                                      "type": "string"
                                    },
                                    "exam_type": {
                                      "type": "string"
                                    },
                                    "recommendation_number": {},
                                    "risk_score": {
                                      "type": "string"
                                    },
                                    "access_required": {
                                      "type": "string"
                                    },
                                    "deterioration": {
                                      "type": "string"
                                    },
                                    "repaired": {
                                      "type": "string"
                                    },
                                    "closure_flg": {
                                      "type": "string"
                                    },
                                    "recommendation_comments": {}
                                  },
                                  "required": [
                                    "exam_date",
                                    "exam_id",
                                    "access_gained",
                                    "exam_type",
                                    "recommendation_number",
                                    "risk_score",
                                    "access_required",
                                    "deterioration",
                                    "repaired",
                                    "closure_flg",
                                    "recommendation_comments"
                                  ]
                                }
                              }
                            },
                            "required": [
                              "defect_id",
                              "description",
                              "location",
                              "loc_major",
                              "loc_minor",
                              "defectdtls"
                            ]
                          }
                        }
                      },
                      "required": [
                        "elr",
                        "asset_guid",
                        "railway_id",
                        "open_defects",
                        "total_defects",
                        "highest_open_defect_score",
                        "defectresult"
                      ]
                    }
                  }
                }
              },
              "recommendationFiltersRequest": {
                "type": "object",
                "properties": {
                  "region_name": {
                    "type": "string"
                  },
                  "route_name": {
                    "type": "string"
                  },
                  "pageno": {
                    "type": "integer"
                  },
                  "rowsperpage": {
                    "type": "integer"
                  }
                }
              },
              "GetRecommendationResponse": {
                "type": "object",
                "properties": {
                  "searchdatacount": {
                    "type": "object",
                    "properties": {
                      "currentpage": {
                        "type": "integer"
                      },
                      "totalcount": {
                        "type": "integer"
                      },
                      "totalpages": {
                        "type": "integer"
                      }
                    }
                  },
                  "searchresult": {
                    "type": "array",
                    "items": {
                      "type": "object",
                      "properties": {
                        "elr": {
                          "type": "string"
                        },
                        "assetGuid": {
                          "type": "string"
                        },
                        "railway_id": {
                          "type": "string"
                        },
                        "recommendationdtls": {
                          "type": "array",
                          "items": {
                            "type": "object",
                            "properties": {
                              "recommendationNo": {
                                "type": "string"
                              },
                              "recommendationDesc": {
                                "type": "string"
                              },
                              "location": {
                                "type": "string"
                              },
                              "work_category": {
                                "type": "string"
                              },
                              "quantity": {
                                "type": "string"
                              },
                              "riskScore": {
                                "type": "integer"
                              },
                              "recommendationStatus": {
                                "type": "string"
                              },
                              "actiondtls": {
                                "type": "array",
                                "items": {
                                  "type": "object",
                                  "properties": {
                                    "actionNo": {
                                      "type": "string"
                                    },
                                    "workStatus": {
                                      "type": "string"
                                    },
                                    "priorityYear": {
                                      "type": "string"
                                    },
                                    "riskScore": {
                                      "type": "integer"
                                    },
                                    "notes": {
                                      "type": "string"
                                    }
                                  },
                                  "required": [
                                    "actionNo",
                                    "workStatus",
                                    "priorityYear",
                                    "riskScore",
                                    "notes"
                                  ]
                                }
                              }
                            },
                            "required": [
                              "recommendationNo",
                              "recommendationDesc",
                              "location",
                              "work_category",
                              "quantity",
                              "riskScore",
                              "recommendationStatus",
                              "actiondtls"
                            ]
                          }
                        }
                      },
                      "required": [
                        "elr",
                        "assetGuid",
                        "railway_id",
                        "recommendationdtls"
                      ]
                    }
                  }
                }
              },
              "PostExaminationDateRequest": {
                "type": "array",
                "items": [
                  {
                    "type": "object",
                    "properties": {
                      "assetGuid": {
                        "type": "string"
                      },
                      "examinationType": {
                        "type": "string"
                      },
                      "examId": {
                        "type": "integer"
                      },
                      "plannedExamDate": {
                        "type": "string"
                      },
                      "actualExamDate": {
                        "type": "string"
                      }
                    },
                    "required": [
                      "assetGuid",
                      "examinationType",
                      "examId",
                      "plannedExamDate",
                      "actualExamDate"
                    ]
                  },
                  {
                    "type": "object",
                    "properties": {
                      "assetGuid": {
                        "type": "string"
                      },
                      "examinationType": {
                        "type": "string"
                      },
                      "examId": {
                        "type": "integer"
                      },
                      "plannedExamDate": {
                        "type": "string"
                      },
                      "actualExamDate": {
                        "type": "string"
                      }
                    },
                    "required": [
                      "assetGuid",
                      "examinationType",
                      "examId",
                      "plannedExamDate",
                      "actualExamDate"
                    ]
                  },
                  {
                    "type": "object",
                    "properties": {
                      "assetGuid": {
                        "type": "string"
                      },
                      "examinationType": {
                        "type": "string"
                      },
                      "examId": {
                        "type": "integer"
                      },
                      "plannedExamDate": {
                        "type": "string"
                      },
                      "actualExamDate": {
                        "type": "string"
                      }
                    },
                    "required": [
                      "assetGuid",
                      "examinationType",
                      "examId",
                      "plannedExamDate",
                      "actualExamDate"
                    ]
                  }
                ],
                "example": [
                  {
                    "assetGuid": "string",
                    "examinationType": "string",
                    "examId": 0,
                    "plannedExamDate": "string",
                    "actualExamDate": "string"
                  }
                ]
              },
              "TaskListDetailsResponse": {
                "type": "object",
                "properties": {
                  "searchdatacount": {
                    "type": "object",
                    "properties": {
                      "currentpage": {
                        "type": "integer"
                      },
                      "totalcount": {
                        "type": "integer"
                      },
                      "totalpages": {
                        "type": "integer"
                      }
                    }
                  },
                  "data": {
                    "type": "array",
                    "items": {
                      "type": "object",
                      "properties": {
                        "region": {
                          "type": "string"
                        },
                        "route": {
                          "type": "string"
                        },
                        "area": {
                          "type": "string"
                        },
                        "elr": {
                          "type": "string"
                        },
                        "startMileage": {
                          "type": "number"
                        },
                        "endMileage": {},
                        "railwayId": {
                          "type": "string"
                        },
                        "assetDescription": {
                          "type": "string"
                        },
                        "assetGroup": {
                          "type": "string"
                        },
                        "assetType": {
                          "type": "string"
                        },
                        "assetGuid": {
                          "type": "string"
                        },
                        "taskListStatus": {
                          "type": "string"
                        },
                        "examinationType": {
                          "type": "string"
                        },
                        "examId": {
                          "type": "integer"
                        },
                        "examFrequency": {
                          "type": "string"
                        },
                        "requiredDate": {
                          "type": "string"
                        },
                        "earliestRequiredDate": {
                          "type": "string"
                        },
                        "latestRequiredDate": {
                          "type": "string"
                        },
                        "maxToleranceDate": {
                          "type": "string"
                        },
                        "plannedDate": {},
                        "cRID": {},
                        "jobNumber": {},
                        "specificRequirement": {},
                        "commentsToSec": {},
                        "examGroupId": {},
                        "hce": {
                          "type": "string"
                        },
                        "bcmiRequired": {},
                        "nrComment": {},
                        "tenantedArches": {
                          "type": "string"
                        },
                        "examRequestStatus": {
                          "type": "string"
                        },
                        "examReportStatus": {},
                        "examDate": {}
                      },
                      "required": [
                        "region",
                        "route",
                        "area",
                        "elr",
                        "startMileage",
                        "endMileage",
                        "railwayId",
                        "assetDescription",
                        "assetGroup",
                        "assetType",
                        "assetGuid",
                        "taskListStatus",
                        "examinationType",
                        "examId",
                        "examFrequency",
                        "requiredDate",
                        "earliestRequiredDate",
                        "latestRequiredDate",
                        "maxToleranceDate",
                        "plannedDate",
                        "cRID",
                        "jobNumber",
                        "specificRequirement",
                        "commentsToSec",
                        "examGroupId",
                        "hce",
                        "bcmiRequired",
                        "nrComment",
                        "tenantedArches",
                        "examRequestStatus",
                        "examReportStatus",
                        "examDate"
                      ]
                    }
                  }
                }
              },
              "assetDetailsResponse": {
                "type": "object",
                "properties": {
                  "searchdatacount": {
                    "type": "object",
                    "properties": {
                      "currentpage": {
                        "type": "integer"
                      },
                      "totalcount": {
                        "type": "integer"
                      },
                      "totalpages": {
                        "type": "integer"
                      }
                    }
                  },
                  "searchresult": {
                    "type": "array",
                    "items": {
                      "type": "object",
                      "properties": {
                        "region": {
                          "type": "string"
                        },
                        "route": {
                          "type": "string"
                        },
                        "area": {
                          "type": "string"
                        },
                        "elr": {
                          "type": "string"
                        },
                        "asset_guid": {
                          "type": "string"
                        },
                        "railway_id": {
                          "type": "string"
                        },
                        "asset_group": {
                          "type": "string"
                        },
                        "asset_type": {
                          "type": "string"
                        },
                        "start_mileage": {
                          "type": "number"
                        },
                        "end_mileage": {},
                        "primary_material": {
                          "type": "string"
                        },
                        "owning_party": {
                          "type": "string"
                        },
                        "gps_start": {},
                        "gps_end": {},
                        "structure_carries": {
                          "type": "string"
                        },
                        "structure_over": {
                          "type": "string"
                        },
                        "hce_flag": {
                          "type": "string"
                        },
                        "cmi_score": {
                          "type": "integer"
                        },
                        "tenanted_flg": {
                          "type": "string"
                        },
                        "exam_type": {
                          "type": "string"
                        },
                        "comp_status": {
                          "type": "string"
                        },
                        "possession": {},
                        "rrv": {},
                        "ladder": {},
                        "confined_space": {},
                        "3rd_party": {},
                        "line_block": {},
                        "mewp": {},
                        "scaffold": {},
                        "water_permit": {},
                        "traffic_mngt": {},
                        "rope_access": {},
                        "cctv": {},
                        "safety_boat": {}
                      },
                      "required": [
                        "region",
                        "route",
                        "area",
                        "elr",
                        "asset_guid",
                        "railway_id",
                        "asset_group",
                        "asset_type",
                        "start_mileage",
                        "end_mileage",
                        "primary_material",
                        "owning_party",
                        "gps_start",
                        "gps_end",
                        "structure_carries",
                        "structure_over",
                        "hce_flag",
                        "cmi_score",
                        "tenanted_flg",
                        "exam_type",
                        "comp_status",
                        "possession",
                        "rrv",
                        "ladder",
                        "confined_space",
                        "3rd_party",
                        "line_block",
                        "mewp",
                        "scaffold",
                        "water_permit",
                        "traffic_mngt",
                        "rope_access",
                        "cctv",
                        "safety_boat"
                      ]
                    }
                  }
                }
              },
              "examDataValidationRequest": {
                "type": "array",
                "items": {
                  "type": "object",
                  "properties": {
                    "Content-Disposition": {
                      "type": "string"
                    },
                    "Content-Type": {
                      "type": "string"
                    }
                  },
                  "required": [
                    "Content-Disposition",
                    "Content-Type"
                  ]
                }
              },
              "PostExamDataRequest": {
                "type": "array",
                "items": {
                  "type": "object",
                  "properties": {
                    "headers": {
                      "type": "object",
                      "properties": {
                        "Content-Disposition": {
                          "type": "string"
                        },
                        "Content-Type": {
                          "type": "string"
                        }
                      }
                    },
                    "body": {
                      "type": "object",
                      "properties": {
                        "$content-type": {
                          "type": "string"
                        },
                        "$content": {
                          "type": "string"
                        }
                      }
                    }
                  },
                  "required": [
                    "headers",
                    "body"
                  ]
                }
              }
            }
          }
        }
      },
      "name": "[concat(parameters('ApimServiceName'), '/manage-suppliers/602cb2a543d0780878035447')]",
      "type": "Microsoft.ApiManagement/service/apis/schemas",
      "apiVersion": "2019-01-01",
      "dependsOn": [
        "[resourceId('Microsoft.ApiManagement/service/apis', parameters('ApimServiceName'), 'manage-suppliers')]"
      ]
    },
    {
      "properties": {
        "templateParameters": [],
        "description": "To get all the asset details.",
        "request": {
          "queryParameters": [],
          "headers": [
            {
              "name": "X-Asset-Supplier-Filters",
              "description": "asset filters",
              "type": "",
              "required": true,
              "values": []
            }
          ],
          "representations": []
        },
        "responses": [
          {
            "statusCode": 200,
            "description": "",
            "headers": [],
            "representations": [
              {
                "contentType": "application/json",
                "schemaId": "602cb2a543d0780878035447",
                "typeName": "assetDetailsResponse"
              }
            ]
          },
          {
            "statusCode": 204,
            "description": "",
            "headers": [],
            "representations": []
          },
          {
            "statusCode": 400,
            "description": "",
            "headers": [],
            "representations": []
          },
          {
            "statusCode": 401,
            "description": "",
            "headers": [],
            "representations": []
          },
          {
            "statusCode": 500,
            "description": "",
            "headers": [],
            "representations": []
          }
        ],
        "displayName": "assetDetails",
        "method": "GET",
        "urlTemplate": "/assetData"
      },
      "name": "[concat(parameters('ApimServiceName'), '/manage-suppliers/assetdetails')]",
      "type": "Microsoft.ApiManagement/service/apis/operations",
      "apiVersion": "2019-01-01",
      "dependsOn": [
        "[resourceId('Microsoft.ApiManagement/service/apis', parameters('ApimServiceName'), 'manage-suppliers')]",
        "[resourceId('Microsoft.ApiManagement/service/apis/schemas', parameters('ApimServiceName'), 'manage-suppliers', '602cb2a543d0780878035447')]"
      ]
    },
    {
      "properties": {
        "value": "<!--\n    IMPORTANT:\n    - Policy elements can appear only within the <inbound>, <outbound>, <backend> section elements.\n    - To apply a policy to the incoming request (before it is forwarded to the backend service), place a corresponding policy element within the <inbound> section element.\n    - To apply a policy to the outgoing response (before it is sent back to the caller), place a corresponding policy element within the <outbound> section element.\n    - To add a policy, place the cursor at the desired insertion point and select a policy from the sidebar.\n    - To remove a policy, delete the corresponding policy statement from the policy document.\n    - Position the <base> element within a section element to inherit all policies from the corresponding section element in the enclosing scope.\n    - Remove the <base> element to prevent inheriting policies from the corresponding section element in the enclosing scope.\n    - Policies are applied in the order of their appearance, from the top down.\n    - Comments within policy elements are not supported and may disappear. Place your comments between policy elements or at a higher level scope.\n-->\r\n<policies>\r\n\t<inbound>\r\n\t\t<base />\r\n\t\t<cache-lookup vary-by-developer=\"true\" vary-by-developer-groups=\"false\" allow-private-response-caching=\"true\" must-revalidate=\"true\" downstream-caching-type=\"none\" caching-type=\"internal\">\r\n\t\t\t<vary-by-header>X-Asset-Supplier-Filters</vary-by-header>\r\n\t\t</cache-lookup>\r\n\t\t<set-backend-service id=\"apim-generated-policy\" backend-id=\"{{FnAppCivilSupplier}}\" />\r\n\t\t<rewrite-uri template=\"{{AssetDetailsSupplierFunction}}\" />\r\n\t</inbound>\r\n\t<backend>\r\n\t\t<base />\r\n\t</backend>\r\n\t<outbound>\r\n\t\t<base />\r\n\t\t<cache-store duration=\"120\" />\r\n\t</outbound>\r\n\t<on-error>\r\n\t\t<base />\r\n\t</on-error>\r\n</policies>",
        "format": "rawxml"
      },
      "name": "[concat(parameters('ApimServiceName'), '/manage-suppliers/assetdetails/policy')]",
      "type": "Microsoft.ApiManagement/service/apis/operations/policies",
      "apiVersion": "2019-01-01",
      "dependsOn": [
        "[resourceId('Microsoft.ApiManagement/service/apis/operations', parameters('ApimServiceName'), 'manage-suppliers', 'assetdetails')]"
      ]
    },
    {
      "properties": {
        "templateParameters": [],
        "description": "This api will return the defect details based on input request.",
        "request": {
          "queryParameters": [],
          "headers": [
            {
              "name": "X-Defect-Supplier-Filters",
              "description": "Defect Details Filter parameters",
              "type": "string",
              "required": true,
              "values": []
            }
          ],
          "representations": []
        },
        "responses": [
          {
            "statusCode": 200,
            "description": "",
            "headers": [],
            "representations": []
          },
          {
            "statusCode": 204,
            "description": "",
            "headers": [],
            "representations": []
          },
          {
            "statusCode": 400,
            "description": "",
            "headers": [],
            "representations": []
          },
          {
            "statusCode": 401,
            "description": "",
            "headers": [],
            "representations": []
          },
          {
            "statusCode": 500,
            "description": "",
            "headers": [],
            "representations": []
          }
        ],
        "displayName": "defectDetails",
        "method": "GET",
        "urlTemplate": "/defectDetails"
      },
      "name": "[concat(parameters('ApimServiceName'), '/manage-suppliers/defectdetails')]",
      "type": "Microsoft.ApiManagement/service/apis/operations",
      "apiVersion": "2019-01-01",
      "dependsOn": [
        "[resourceId('Microsoft.ApiManagement/service/apis', parameters('ApimServiceName'), 'manage-suppliers')]"
      ]
    },
    {
      "properties": {
        "value": "<!--\nIMPORTANT:\n- Policy elements can appear only within the <inbound>, <outbound>, <backend> section elements.\n- To apply a policy to the incoming request (before it is forwarded to the backend service), place a corresponding policy element within the <inbound> section element.\n- To apply a policy to the outgoing response (before it is sent back to the caller), place a corresponding policy element within the <outbound> section element.\n- To add a policy, place the cursor at the desired insertion point and select a policy from the sidebar.\n- To remove a policy, delete the corresponding policy statement from the policy document.\n- Position the <base> element within a section element to inherit all policies from the corresponding section element in the enclosing scope.\n- Remove the <base> element to prevent inheriting policies from the corresponding section element in the enclosing scope.\n- Policies are applied in the order of their appearance, from the top down.\n- Comments within policy elements are not supported and may disappear. Place your comments between policy elements or at a higher level scope.\n-->\r\n<policies>\r\n\t<inbound>\r\n\t\t<base />\r\n\t\t<cache-lookup vary-by-developer=\"true\" vary-by-developer-groups=\"false\" allow-private-response-caching=\"true\" must-revalidate=\"true\" downstream-caching-type=\"none\" caching-type=\"internal\">\r\n\t\t\t<vary-by-header>X-Defect-Supplier-Filters</vary-by-header>\r\n\t\t</cache-lookup>\r\n\t\t<set-backend-service id=\"apim-generated-policy\" backend-id=\"{{FnAppCivilSupplier}}\" />\r\n\t\t<rewrite-uri template=\"{{getDefectDetails}}\" />\r\n\t</inbound>\r\n\t<backend>\r\n\t\t<base />\r\n\t</backend>\r\n\t<outbound>\r\n\t\t<base />\r\n\t\t<cache-store duration=\"300\" />\r\n\t</outbound>\r\n\t<on-error>\r\n\t\t<base />\r\n\t</on-error>\r\n</policies>",
        "format": "rawxml"
      },
      "name": "[concat(parameters('ApimServiceName'), '/manage-suppliers/defectdetails/policy')]",
      "type": "Microsoft.ApiManagement/service/apis/operations/policies",
      "apiVersion": "2019-01-01",
      "dependsOn": [
        "[resourceId('Microsoft.ApiManagement/service/apis/operations', parameters('ApimServiceName'), 'manage-suppliers', 'defectdetails')]"
      ]
    },
    {
      "properties": {
        "templateParameters": [],
        "description": "This API validates the input received from logic app.",
        "request": {
          "queryParameters": [],
          "headers": [],
          "representations": [
            {
              "contentType": "application/json",
              "schemaId": "602cb2a543d0780878035447",
              "typeName": "examDataValidationRequest"
            }
          ]
        },
        "responses": [
          {
            "statusCode": 200,
            "description": "",
            "headers": [],
            "representations": []
          },
          {
            "statusCode": 400,
            "description": "",
            "headers": [],
            "representations": []
          },
          {
            "statusCode": 401,
            "description": "",
            "headers": [],
            "representations": []
          },
          {
            "statusCode": 500,
            "description": "",
            "headers": [],
            "representations": []
          }
        ],
        "displayName": "examDataLAValidation",
        "method": "POST",
        "urlTemplate": "/examDataValidation"
      },
      "name": "[concat(parameters('ApimServiceName'), '/manage-suppliers/examdatalavalidation')]",
      "type": "Microsoft.ApiManagement/service/apis/operations",
      "apiVersion": "2019-01-01",
      "dependsOn": [
        "[resourceId('Microsoft.ApiManagement/service/apis', parameters('ApimServiceName'), 'manage-suppliers')]",
        "[resourceId('Microsoft.ApiManagement/service/apis/schemas', parameters('ApimServiceName'), 'manage-suppliers', '602cb2a543d0780878035447')]"
      ]
    },
    {
      "properties": {
        "value": "<!--\n    IMPORTANT:\n    - Policy elements can appear only within the <inbound>, <outbound>, <backend> section elements.\n    - To apply a policy to the incoming request (before it is forwarded to the backend service), place a corresponding policy element within the <inbound> section element.\n    - To apply a policy to the outgoing response (before it is sent back to the caller), place a corresponding policy element within the <outbound> section element.\n    - To add a policy, place the cursor at the desired insertion point and select a policy from the sidebar.\n    - To remove a policy, delete the corresponding policy statement from the policy document.\n    - Position the <base> element within a section element to inherit all policies from the corresponding section element in the enclosing scope.\n    - Remove the <base> element to prevent inheriting policies from the corresponding section element in the enclosing scope.\n    - Policies are applied in the order of their appearance, from the top down.\n    - Comments within policy elements are not supported and may disappear. Place your comments between policy elements or at a higher level scope.\n-->\r\n<policies>\r\n\t<inbound>\r\n\t\t<base />\r\n\t\t<set-backend-service id=\"apim-generated-policy\" backend-id=\"{{FnAppCivilSupplier}}\" />\r\n\t\t<rewrite-uri template=\"{{ExamDataValidationFunction}}\" />\r\n\t</inbound>\r\n\t<backend>\r\n\t\t<base />\r\n\t</backend>\r\n\t<outbound>\r\n\t\t<base />\r\n\t</outbound>\r\n\t<on-error>\r\n\t\t<base />\r\n\t</on-error>\r\n</policies>",
        "format": "rawxml"
      },
      "name": "[concat(parameters('ApimServiceName'), '/manage-suppliers/examdatalavalidation/policy')]",
      "type": "Microsoft.ApiManagement/service/apis/operations/policies",
      "apiVersion": "2019-01-01",
      "dependsOn": [
        "[resourceId('Microsoft.ApiManagement/service/apis/operations', parameters('ApimServiceName'), 'manage-suppliers', 'examdatalavalidation')]"
      ]
    },
    {
      "properties": {
        "templateParameters": [
          {
            "name": "fileName",
            "type": "",
            "required": true,
            "values": []
          }
        ],
        "description": "Get the Examination data status",
        "request": {
          "queryParameters": [],
          "headers": [],
          "representations": []
        },
        "responses": [
          {
            "statusCode": 200,
            "description": "",
            "headers": [],
            "representations": []
          },
          {
            "statusCode": 400,
            "description": "",
            "headers": [],
            "representations": []
          },
          {
            "statusCode": 500,
            "description": "",
            "headers": [],
            "representations": []
          },
          {
            "statusCode": 401,
            "description": "",
            "headers": [],
            "representations": []
          },
          {
            "statusCode": 404,
            "description": "",
            "headers": [],
            "representations": []
          },
          {
            "statusCode": 204,
            "description": "",
            "headers": [],
            "representations": []
          }
        ],
        "displayName": "examDataStatus",
        "method": "GET",
        "urlTemplate": "/ExamData/{fileName}"
      },
      "name": "[concat(parameters('ApimServiceName'), '/manage-suppliers/getexamdatastatus')]",
      "type": "Microsoft.ApiManagement/service/apis/operations",
      "apiVersion": "2019-01-01",
      "dependsOn": [
        "[resourceId('Microsoft.ApiManagement/service/apis', parameters('ApimServiceName'), 'manage-suppliers')]"
      ]
    },
    {
      "properties": {
        "value": "<!--\nIMPORTANT:\n- Policy elements can appear only within the <inbound>, <outbound>, <backend> section elements.\n- To apply a policy to the incoming request (before it is forwarded to the backend service), place a corresponding policy element within the <inbound> section element.\n- To apply a policy to the outgoing response (before it is sent back to the caller), place a corresponding policy element within the <outbound> section element.\n- To add a policy, place the cursor at the desired insertion point and select a policy from the sidebar.\n- To remove a policy, delete the corresponding policy statement from the policy document.\n- Position the <base> element within a section element to inherit all policies from the corresponding section element in the enclosing scope.\n- Remove the <base> element to prevent inheriting policies from the corresponding section element in the enclosing scope.\n- Policies are applied in the order of their appearance, from the top down.\n- Comments within policy elements are not supported and may disappear. Place your comments between policy elements or at a higher level scope.\n-->\r\n<policies>\r\n\t<inbound>\r\n\t\t<base />\r\n\t\t<set-backend-service id=\"apim-generated-policy\" backend-id=\"{{FnAppCivilSupplier}}\" />\r\n\t\t<rewrite-uri template=\"{{GetExamDataStatusFunction}}\" />\r\n\t\t<set-query-parameter name=\"fileName\" exists-action=\"override\">\r\n\t\t\t<value>@(context.Request.MatchedParameters[\"fileName\"])</value>\r\n\t\t</set-query-parameter>\r\n\t</inbound>\r\n\t<backend>\r\n\t\t<base />\r\n\t</backend>\r\n\t<outbound>\r\n\t\t<base />\r\n\t</outbound>\r\n\t<on-error>\r\n\t\t<base />\r\n\t</on-error>\r\n</policies>",
        "format": "rawxml"
      },
      "name": "[concat(parameters('ApimServiceName'), '/manage-suppliers/getexamdatastatus/policy')]",
      "type": "Microsoft.ApiManagement/service/apis/operations/policies",
      "apiVersion": "2019-01-01",
      "dependsOn": [
        "[resourceId('Microsoft.ApiManagement/service/apis/operations', parameters('ApimServiceName'), 'manage-suppliers', 'getexamdatastatus')]"
      ]
    },
    {
      "properties": {
        "templateParameters": [],
        "description": "Trigger a run of the logic app.",
        "request": {
          "queryParameters": [],
          "headers": [],
          "representations": [
            {
              "contentType": "multipart/form-data"
            }
          ]
        },
        "responses": [
          {
            "statusCode": 200,
            "description": "The Logic App Response.",
            "headers": [],
            "representations": []
          },
          {
            "statusCode": 400,
            "description": "The Logic App Response.",
            "headers": [],
            "representations": []
          },
          {
            "statusCode": 500,
            "description": "The Logic App Response.",
            "headers": [],
            "representations": []
          }
        ],
        "displayName": "postExamData",
        "method": "POST",
        "urlTemplate": "/ExamData"
      },
      "name": "[concat(parameters('ApimServiceName'), '/manage-suppliers/manual-invoke')]",
      "type": "Microsoft.ApiManagement/service/apis/operations",
      "apiVersion": "2019-01-01",
      "dependsOn": [
        "[resourceId('Microsoft.ApiManagement/service/apis', parameters('ApimServiceName'), 'manage-suppliers')]"
      ]
    },
    {
      "properties": {
        "value": "<!--\n    IMPORTANT:\n    - Policy elements can appear only within the <inbound>, <outbound>, <backend> section elements.\n    - To apply a policy to the incoming request (before it is forwarded to the backend service), place a corresponding policy element within the <inbound> section element.\n    - To apply a policy to the outgoing response (before it is sent back to the caller), place a corresponding policy element within the <outbound> section element.\n    - To add a policy, place the cursor at the desired insertion point and select a policy from the sidebar.\n    - To remove a policy, delete the corresponding policy statement from the policy document.\n    - Position the <base> element within a section element to inherit all policies from the corresponding section element in the enclosing scope.\n    - Remove the <base> element to prevent inheriting policies from the corresponding section element in the enclosing scope.\n    - Policies are applied in the order of their appearance, from the top down.\n    - Comments within policy elements are not supported and may disappear. Place your comments between policy elements or at a higher level scope.\n-->\r\n<policies>\r\n\t<inbound>\r\n\t\t<base />\r\n\t\t<set-header name=\"X-Supplier-Id\" exists-action=\"append\">\r\n\t\t\t<value>@{\n            string appid = \"unknown\";\n            string authHeader = context.Request.Headers.GetValueOrDefault(\"Authorization\", \"\");\n            if (authHeader?.Length > 0)\n            {\n                string[] authHeaderParts = authHeader.Split(' ');\n                if (authHeaderParts?.Length == 2 && authHeaderParts[0].Equals(\"Bearer\", StringComparison.InvariantCultureIgnoreCase))\n                {\n                    Jwt jwt;\n                    if (authHeaderParts[1].TryParseJwt(out jwt))\n                    {\n                        appid = (jwt.Claims.GetValueOrDefault(\"appid\", \"unknown\"));\n                    }\n                }\n            }\n            return appid;\n            }</value>\r\n\t\t</set-header>\r\n\t\t<set-backend-service base-url=\"{{ces-la-postexamdata}}\" />\r\n\t\t<rewrite-uri template=\"/manual/paths/invoke?api-version=2016-10-01\" />\r\n\t\t<set-header id=\"apim-generated-policy\" name=\"Ocp-Apim-Subscription-Key\" exists-action=\"delete\" />\r\n\t</inbound>\r\n\t<backend>\r\n\t\t<base />\r\n\t</backend>\r\n\t<outbound>\r\n\t\t<base />\r\n\t</outbound>\r\n\t<on-error>\r\n\t\t<base />\r\n\t</on-error>\r\n</policies>",
        "format": "rawxml"
      },
      "name": "[concat(parameters('ApimServiceName'), '/manage-suppliers/manual-invoke/policy')]",
      "type": "Microsoft.ApiManagement/service/apis/operations/policies",
      "apiVersion": "2019-01-01",
      "dependsOn": [
        "[resourceId('Microsoft.ApiManagement/service/apis/operations', parameters('ApimServiceName'), 'manage-suppliers', 'manual-invoke')]"
      ]
    },
    {
      "properties": {
        "templateParameters": [],
        "description": "Get all recommendations details",
        "request": {
          "queryParameters": [],
          "headers": [
            {
              "name": "X-Recommendation-Supplier-Filters",
              "description": "Recommendation filters",
              "type": "",
              "required": true,
              "values": []
            }
          ],
          "representations": []
        },
        "responses": [
          {
            "statusCode": 200,
            "description": "Ok",
            "headers": [],
            "representations": [
              {
                "contentType": "application/json",
                "schemaId": "602cb2a543d0780878035447",
                "typeName": "GetRecommendationResponse"
              }
            ]
          },
          {
            "statusCode": 204,
            "description": "No Content",
            "headers": [],
            "representations": []
          },
          {
            "statusCode": 500,
            "description": "Internal Server Error",
            "headers": [],
            "representations": []
          },
          {
            "statusCode": 400,
            "description": "Bad Request",
            "headers": [],
            "representations": []
          },
          {
            "statusCode": 401,
            "description": "Unauthorized",
            "headers": [],
            "representations": []
          }
        ],
        "displayName": "recommendations",
        "method": "GET",
        "urlTemplate": "/recommendations"
      },
      "name": "[concat(parameters('ApimServiceName'), '/manage-suppliers/recommendations')]",
      "type": "Microsoft.ApiManagement/service/apis/operations",
      "apiVersion": "2019-01-01",
      "dependsOn": [
        "[resourceId('Microsoft.ApiManagement/service/apis', parameters('ApimServiceName'), 'manage-suppliers')]",
        "[resourceId('Microsoft.ApiManagement/service/apis/schemas', parameters('ApimServiceName'), 'manage-suppliers', '602cb2a543d0780878035447')]"
      ]
    },
    {
      "properties": {
        "value": "<!--\n    IMPORTANT:\n    - Policy elements can appear only within the <inbound>, <outbound>, <backend> section elements.\n    - To apply a policy to the incoming request (before it is forwarded to the backend service), place a corresponding policy element within the <inbound> section element.\n    - To apply a policy to the outgoing response (before it is sent back to the caller), place a corresponding policy element within the <outbound> section element.\n    - To add a policy, place the cursor at the desired insertion point and select a policy from the sidebar.\n    - To remove a policy, delete the corresponding policy statement from the policy document.\n    - Position the <base> element within a section element to inherit all policies from the corresponding section element in the enclosing scope.\n    - Remove the <base> element to prevent inheriting policies from the corresponding section element in the enclosing scope.\n    - Policies are applied in the order of their appearance, from the top down.\n    - Comments within policy elements are not supported and may disappear. Place your comments between policy elements or at a higher level scope.\n-->\r\n<policies>\r\n\t<inbound>\r\n\t\t<base />\r\n\t\t<cache-lookup vary-by-developer=\"true\" vary-by-developer-groups=\"false\" allow-private-response-caching=\"true\" must-revalidate=\"true\" downstream-caching-type=\"none\" caching-type=\"internal\">\r\n\t\t\t<vary-by-header>x-recommendation-supplier-filters</vary-by-header>\r\n\t\t</cache-lookup>\r\n\t\t<set-backend-service id=\"apim-generated-policy\" backend-id=\"{{FnAppCivilSupplier}}\" />\r\n\t\t<rewrite-uri template=\"{{RecommendationDetailsFunction}}\" />\r\n\t</inbound>\r\n\t<backend>\r\n\t\t<base />\r\n\t</backend>\r\n\t<outbound>\r\n\t\t<base />\r\n\t\t<cache-store duration=\"300\" />\r\n\t</outbound>\r\n\t<on-error>\r\n\t\t<base />\r\n\t</on-error>\r\n</policies>",
        "format": "rawxml"
      },
      "name": "[concat(parameters('ApimServiceName'), '/manage-suppliers/recommendations/policy')]",
      "type": "Microsoft.ApiManagement/service/apis/operations/policies",
      "apiVersion": "2019-01-01",
      "dependsOn": [
        "[resourceId('Microsoft.ApiManagement/service/apis/operations', parameters('ApimServiceName'), 'manage-suppliers', 'recommendations')]"
      ]
    },
    {
      "properties": {
        "templateParameters": [],
        "description": "Save Planned, Baseline and Actual Exam Dates",
        "request": {
          "queryParameters": [],
          "headers": [],
          "representations": [
            {
              "contentType": "application/json",
              "schemaId": "602cb2a543d0780878035447",
              "typeName": "PostExaminationDateRequest"
            }
          ]
        },
        "responses": [
          {
            "statusCode": 201,
            "description": "Created",
            "headers": [],
            "representations": [
              {
                "contentType": "application/json",
                "schemaId": "602cb2a543d0780878035447",
                "typeName": "PostExaminationDateSuccessResponse"
              }
            ]
          },
          {
            "statusCode": 400,
            "description": "Bad Request",
            "headers": [],
            "representations": [
              {
                "contentType": "application/json",
                "sample": "{\r\n  \"error\": {\r\n    \"types\": \"string\",\r\n    \"title\": \"string\",\r\n    \"status\": 0,\r\n    \"detail\": \"string\",\r\n    \"instance\": \"string\"\r\n  }\r\n}",
                "schemaId": "602cb2a543d0780878035447",
                "typeName": "PostExaminationDateErrorResponse"
              }
            ]
          },
          {
            "statusCode": 401,
            "description": "Unauthorized",
            "headers": [],
            "representations": []
          },
          {
            "statusCode": 500,
            "description": "Internal Server Error",
            "headers": [],
            "representations": [
              {
                "contentType": "application/json",
                "sample": "{\r\n  \"error\": {\r\n    \"types\": \"string\",\r\n    \"title\": \"string\",\r\n    \"status\": 0,\r\n    \"detail\": \"string\",\r\n    \"instance\": \"string\"\r\n  }\r\n}",
                "schemaId": "602cb2a543d0780878035447",
                "typeName": "PostExaminationDateErrorResponse"
              }
            ]
          }
        ],
        "displayName": "saveExamDates",
        "method": "POST",
        "urlTemplate": "/Tasklist"
      },
      "name": "[concat(parameters('ApimServiceName'), '/manage-suppliers/post-postexamdates')]",
      "type": "Microsoft.ApiManagement/service/apis/operations",
      "apiVersion": "2019-01-01",
      "dependsOn": [
        "[resourceId('Microsoft.ApiManagement/service/apis', parameters('ApimServiceName'), 'manage-suppliers')]",
        "[resourceId('Microsoft.ApiManagement/service/apis/schemas', parameters('ApimServiceName'), 'manage-suppliers', '602cb2a543d0780878035447')]"
      ]
    },
    {
      "properties": {
        "value": "<!--\n    IMPORTANT:\n    - Policy elements can appear only within the <inbound>, <outbound>, <backend> section elements.\n    - To apply a policy to the incoming request (before it is forwarded to the backend service), place a corresponding policy element within the <inbound> section element.\n    - To apply a policy to the outgoing response (before it is sent back to the caller), place a corresponding policy element within the <outbound> section element.\n    - To add a policy, place the cursor at the desired insertion point and select a policy from the sidebar.\n    - To remove a policy, delete the corresponding policy statement from the policy document.\n    - Position the <base> element within a section element to inherit all policies from the corresponding section element in the enclosing scope.\n    - Remove the <base> element to prevent inheriting policies from the corresponding section element in the enclosing scope.\n    - Policies are applied in the order of their appearance, from the top down.\n    - Comments within policy elements are not supported and may disappear. Place your comments between policy elements or at a higher level scope.\n-->\r\n<policies>\r\n\t<inbound>\r\n\t\t<base />\r\n\t\t<set-backend-service id=\"apim-generated-policy\" backend-id=\"{{FnAppCivilSupplier}}\" />\r\n\t\t<rewrite-uri template=\"{{PostExamDatesFunction}}\" />\r\n\t\t<set-header name=\"X-Supplier-Id\" exists-action=\"append\">\r\n\t\t\t<value>@{\n            string appid = \"unknown\";\n            string authHeader = context.Request.Headers.GetValueOrDefault(\"Authorization\", \"\");\n            if (authHeader?.Length > 0)\n            {\n                string[] authHeaderParts = authHeader.Split(' ');\n                if (authHeaderParts?.Length == 2 && authHeaderParts[0].Equals(\"Bearer\", StringComparison.InvariantCultureIgnoreCase))\n                {\n                    Jwt jwt;\n                    if (authHeaderParts[1].TryParseJwt(out jwt))\n                    {\n                        appid = (jwt.Claims.GetValueOrDefault(\"appid\", \"unknown\"));\n                    }\n                }\n            }\n            return appid;\n            }</value>\r\n\t\t</set-header>\r\n\t</inbound>\r\n\t<backend>\r\n\t\t<base />\r\n\t</backend>\r\n\t<outbound>\r\n\t\t<base />\r\n\t</outbound>\r\n\t<on-error>\r\n\t\t<base />\r\n\t</on-error>\r\n</policies>",
        "format": "rawxml"
      },
      "name": "[concat(parameters('ApimServiceName'), '/manage-suppliers/post-postexamdates/policy')]",
      "type": "Microsoft.ApiManagement/service/apis/operations/policies",
      "apiVersion": "2019-01-01",
      "dependsOn": [
        "[resourceId('Microsoft.ApiManagement/service/apis/operations', parameters('ApimServiceName'), 'manage-suppliers', 'post-postexamdates')]"
      ]
    },
    {
      "properties": {
        "templateParameters": [],
        "description": "Get all the task list details for supplier.",
        "request": {
          "queryParameters": [],
          "headers": [
            {
              "name": "X-TaskLists-Supplier-Filters",
              "description": "task list filters",
              "type": "",
              "required": true,
              "values": []
            }
          ],
          "representations": []
        },
        "responses": [
          {
            "statusCode": 200,
            "description": "",
            "headers": [],
            "representations": [
              {
                "contentType": "application/json",
                "schemaId": "602cb2a543d0780878035447",
                "typeName": "TaskListDetailsResponse"
              }
            ]
          },
          {
            "statusCode": 204,
            "description": "",
            "headers": [],
            "representations": []
          },
          {
            "statusCode": 400,
            "description": "",
            "headers": [],
            "representations": []
          },
          {
            "statusCode": 401,
            "description": "",
            "headers": [],
            "representations": []
          },
          {
            "statusCode": 500,
            "description": "",
            "headers": [],
            "representations": []
          }
        ],
        "displayName": "taskListDetails",
        "method": "GET",
        "urlTemplate": "/getTaskList"
      },
      "name": "[concat(parameters('ApimServiceName'), '/manage-suppliers/tasklistdetails')]",
      "type": "Microsoft.ApiManagement/service/apis/operations",
      "apiVersion": "2019-01-01",
      "dependsOn": [
        "[resourceId('Microsoft.ApiManagement/service/apis', parameters('ApimServiceName'), 'manage-suppliers')]",
        "[resourceId('Microsoft.ApiManagement/service/apis/schemas', parameters('ApimServiceName'), 'manage-suppliers', '602cb2a543d0780878035447')]"
      ]
    },
    {
      "properties": {
        "value": "<!--\n    IMPORTANT:\n    - Policy elements can appear only within the <inbound>, <outbound>, <backend> section elements.\n    - To apply a policy to the incoming request (before it is forwarded to the backend service), place a corresponding policy element within the <inbound> section element.\n    - To apply a policy to the outgoing response (before it is sent back to the caller), place a corresponding policy element within the <outbound> section element.\n    - To add a policy, place the cursor at the desired insertion point and select a policy from the sidebar.\n    - To remove a policy, delete the corresponding policy statement from the policy document.\n    - Position the <base> element within a section element to inherit all policies from the corresponding section element in the enclosing scope.\n    - Remove the <base> element to prevent inheriting policies from the corresponding section element in the enclosing scope.\n    - Policies are applied in the order of their appearance, from the top down.\n    - Comments within policy elements are not supported and may disappear. Place your comments between policy elements or at a higher level scope.\n-->\r\n<policies>\r\n\t<inbound>\r\n\t\t<base />\r\n\t\t<set-header name=\"X-TaskLists-Supplier-Name\" exists-action=\"append\">\r\n\t\t\t<value>@{\n            string appid = \"unknown\";\n            string authHeader = context.Request.Headers.GetValueOrDefault(\"Authorization\", \"\");\n            if (authHeader?.Length > 0)\n            {\n                string[] authHeaderParts = authHeader.Split(' ');\n                if (authHeaderParts?.Length == 2 && authHeaderParts[0].Equals(\"Bearer\", StringComparison.InvariantCultureIgnoreCase))\n                {\n                    Jwt jwt;\n                    if (authHeaderParts[1].TryParseJwt(out jwt))\n                    {\n                        appid = (jwt.Claims.GetValueOrDefault(\"appid\", \"unknown\"));\n                    }\n                }\n            }\n            return appid;\n            }</value>\r\n\t\t</set-header>\r\n\t\t<set-backend-service id=\"apim-generated-policy\" backend-id=\"{{FnAppCivilSupplier}}\" />\r\n\t\t<rewrite-uri template=\"{{GetTaskListFunction}}\" />\r\n\t</inbound>\r\n\t<backend>\r\n\t\t<base />\r\n\t</backend>\r\n\t<outbound>\r\n\t\t<base />\r\n\t</outbound>\r\n\t<on-error>\r\n\t\t<base />\r\n\t</on-error>\r\n</policies>",
        "format": "rawxml"
      },
      "name": "[concat(parameters('ApimServiceName'), '/manage-suppliers/tasklistdetails/policy')]",
      "type": "Microsoft.ApiManagement/service/apis/operations/policies",
      "apiVersion": "2019-01-01",
      "dependsOn": [
        "[resourceId('Microsoft.ApiManagement/service/apis/operations', parameters('ApimServiceName'), 'manage-suppliers', 'tasklistdetails')]"
      ]
    },
    {
      "properties": {
        "value": "<!--\n    IMPORTANT:\n    - Policy elements can appear only within the <inbound>, <outbound>, <backend> section elements.\n    - To apply a policy to the incoming request (before it is forwarded to the backend service), place a corresponding policy element within the <inbound> section element.\n    - To apply a policy to the outgoing response (before it is sent back to the caller), place a corresponding policy element within the <outbound> section element.\n    - To add a policy, place the cursor at the desired insertion point and select a policy from the sidebar.\n    - To remove a policy, delete the corresponding policy statement from the policy document.\n    - Position the <base> element within a section element to inherit all policies from the corresponding section element in the enclosing scope.\n    - Remove the <base> element to prevent inheriting policies from the corresponding section element in the enclosing scope.\n    - Policies are applied in the order of their appearance, from the top down.\n    - Comments within policy elements are not supported and may disappear. Place your comments between policy elements or at a higher level scope.\n-->\r\n<policies>\r\n\t<inbound>\r\n\t\t<base />\r\n\t\t<validate-jwt header-name=\"Authorization\" failed-validation-httpcode=\"401\" failed-validation-error-message=\"unauthorized token\">\r\n\t\t\t<openid-config url=\"https://login.microsoftonline.com/{{oAuthTokenIssuerTenantId}}/.well-known/openid-configuration\" />\r\n\t\t\t<issuers>\r\n\t\t\t\t<issuer>https://sts.windows.net/{{oAuthTokenIssuerTenantId}}/</issuer>\r\n\t\t\t</issuers>\r\n\t\t\t<required-claims>\r\n\t\t\t\t<claim name=\"aud\" match=\"any\">\r\n\t\t\t\t\t<value>api://{{CesSuppliersApp}}</value>\r\n\t\t\t\t\t<value>api://{{CesWebApp}}</value>\r\n\t\t\t\t</claim>\r\n\t\t\t</required-claims>\r\n\t\t</validate-jwt>\r\n\t</inbound>\r\n\t<backend>\r\n\t\t<base />\r\n\t</backend>\r\n\t<outbound>\r\n\t\t<base />\r\n\t</outbound>\r\n\t<on-error>\r\n\t\t<base />\r\n\t</on-error>\r\n</policies>",
        "format": "rawxml"
      },
      "name": "[concat(parameters('ApimServiceName'), '/manage-suppliers/policy')]",
      "type": "Microsoft.ApiManagement/service/apis/policies",
      "apiVersion": "2019-01-01",
      "dependsOn": [
        "[resourceId('Microsoft.ApiManagement/service/apis', parameters('ApimServiceName'), 'manage-suppliers')]"
      ]
    },
    {
      "properties": {},
      "name": "[concat(parameters('ApimServiceName'), '/suppliers/manage-suppliers')]",
      "type": "Microsoft.ApiManagement/service/products/apis",
      "apiVersion": "2019-01-01",
      "dependsOn": [
        "[resourceId('Microsoft.ApiManagement/service/apis', parameters('ApimServiceName'), 'manage-suppliers')]"
      ]
    }
  ]
}