{
	"name": "dfac-uks-nprd-ii-civl-0001",
	"properties": {
		"globalParameters": {
			"MaxTolerance": {
				"type": "int",
				"value": 2
			},
			"gp_DataLake_Container": {
				"type": "string",
				"value": "ces-adls"
			},
			"gp_Datalake_StagingContainer": {
				"type": "string",
				"value": "ces-adls-stage"
			},
			"gp_datalake_base_url": {
				"type": "string",
				"value": "https://kva-uks-nprd-ii-0014.vault.azure.net/secrets/sec-uks-datalake-url/68760db67c8f480a945fa6ca5dcb73ea?api-version=7.0"
			},
			"gp_OutboundUsername": {
				"type": "string",
				"value": "dummy"
			},
			"gp_OutboundPassword": {
				"type": "string",
				"value": "Dumy"
			},
			"gp_BlobStorage_base_url": {
				"type": "string",
				"value": "https://sacuksnprdiisqlces0003.blob.core.windows.net/"
			}
		}
	},
	"location": "uksouth"
}