{
  "$schema": "https://schema.management.azure.com/schemas/2015-01-01/deploymentTemplate.json#",
  "contentVersion": "1.0.0.0",
  "parameters": {
    "ApimServiceName": {
      "type": "string"
    }
  },
  "resources": [
    {
      "properties": {
        "description": "API to get the asset image from azure data lake.",
        "authenticationSettings": {
          "subscriptionKeyRequired": false
        },
        "subscriptionKeyParameterNames": {
          "header": "Ocp-Apim-Subscription-Key",
          "query": "subscription-key"
        },
        "apiRevision": "1",
        "isCurrent": true,
        "subscriptionRequired": false,
        "displayName": "Blob API",
        "path": "II/CESAPI/assetImage",
        "protocols": [
          "https"
        ]
      },
      "name": "[concat(parameters('ApimServiceName'), '/blob-api')]",
      "type": "Microsoft.ApiManagement/service/apis",
      "apiVersion": "2019-01-01",
      "dependsOn": []
    },
    {
      "properties": {
        "templateParameters": [],
        "description": "API operation to the asset image from azure data lake storage.",
        "request": {
          "queryParameters": [],
          "headers": [
            {
              "name": "Blob",
              "type": "string",
              "required": true,
              "values": []
            }
          ],
          "representations": []
        },
        "responses": [],
        "displayName": "assetImage",
        "method": "GET",
        "urlTemplate": "/"
      },
      "name": "[concat(parameters('ApimServiceName'), '/blob-api/assetimage')]",
      "type": "Microsoft.ApiManagement/service/apis/operations",
      "apiVersion": "2019-01-01",
      "dependsOn": [
        "[resourceId('Microsoft.ApiManagement/service/apis', parameters('ApimServiceName'), 'blob-api')]"
      ]
    },
    {
      "properties": {
        "value": "<!--\n    IMPORTANT:\n    - Policy elements can appear only within the <inbound>, <outbound>, <backend> section elements.\n    - To apply a policy to the incoming request (before it is forwarded to the backend service), place a corresponding policy element within the <inbound> section element.\n    - To apply a policy to the outgoing response (before it is sent back to the caller), place a corresponding policy element within the <outbound> section element.\n    - To add a policy, place the cursor at the desired insertion point and select a policy from the sidebar.\n    - To remove a policy, delete the corresponding policy statement from the policy document.\n    - Position the <base> element within a section element to inherit all policies from the corresponding section element in the enclosing scope.\n    - Remove the <base> element to prevent inheriting policies from the corresponding section element in the enclosing scope.\n    - Policies are applied in the order of their appearance, from the top down.\n    - Comments within policy elements are not supported and may disappear. Place your comments between policy elements or at a higher level scope.\n-->\r\n<policies>\r\n\t<inbound>\r\n\t\t<set-variable name=\"BlobName\" value=\"@(context.Request.Headers.GetValueOrDefault(\"Blob\"))\" />\r\n\t\t<base />\r\n\t\t<validate-jwt header-name=\"Authorization\" failed-validation-httpcode=\"401\" failed-validation-error-message=\"unauthorized token\" require-scheme=\"Bearer\" output-token-variable-name=\"jwt\">\r\n\t\t\t<openid-config url=\"https://login.microsoftonline.com/{{oAuthTokenIssuerTenantId}}/.well-known/openid-configuration\" />\r\n\t\t\t<issuers>\r\n\t\t\t\t<issuer>https://sts.windows.net/{{oAuthTokenIssuerTenantId}}/</issuer>\r\n\t\t\t</issuers>\r\n\t\t\t<required-claims>\r\n\t\t\t\t<claim name=\"aud\" match=\"any\">\r\n\t\t\t\t\t<value>api://{{CesWebApp}}</value>\r\n\t\t\t\t\t<value>api://{{CesSuppliersApp}}</value>\r\n\t\t\t\t</claim>\r\n\t\t\t</required-claims>\r\n\t\t</validate-jwt>\r\n\t\t<choose>\r\n\t\t\t<when condition=\"@(context.Request.Method == \"GET\" && ((Jwt)context.Variables[\"jwt\"]).Claims[\"aud\"].Contains(\"api://{{CesWebApp}}\"))\">\r\n\t\t\t\t<set-backend-service base-url=\"@{\n                 string blobName = context.Variables.GetValueOrDefault<string>(\"BlobName\");\n                 return String.Format(\"https://{{storageaccount}}.blob.core.windows.net/{{CEFAContainerName}}/{0}\", blobName);\n                }\" />\r\n\t\t\t</when>\r\n\t\t\t<when condition=\"@(context.Request.Method == \"GET\" && ((Jwt)context.Variables[\"jwt\"]).Claims[\"aud\"].Contains(\"api://{{CesSuppliersApp}}\"))\">\r\n\t\t\t\t<set-backend-service base-url=\"@{\n                 string blobName = context.Variables.GetValueOrDefault<string>(\"BlobName\");\n                 return String.Format(\"https://{{storageaccount}}.blob.core.windows.net/{{CEFAContainerName}}/{0}\", blobName);\n                }\" />\r\n\t\t\t</when>\r\n\t\t</choose>\r\n\t\t<set-header name=\"Blob\" exists-action=\"delete\" />\r\n\t\t<set-header name=\"Container\" exists-action=\"delete\" />\r\n\t\t<set-header name=\"Ocp-Apim-Subscription-Key\" exists-action=\"delete\" />\r\n\t\t<set-header name=\"Sec-Fetch-Site\" exists-action=\"delete\" />\r\n\t\t<set-header name=\"Sec-Fetch-Mode\" exists-action=\"delete\" />\r\n\t\t<set-header name=\"Sec-Fetch-Dest\" exists-action=\"delete\" />\r\n\t\t<set-header name=\"Accept\" exists-action=\"delete\" />\r\n\t\t<set-header name=\"Accept-Encoding\" exists-action=\"delete\" />\r\n\t\t<set-header name=\"Referer\" exists-action=\"delete\" />\r\n\t\t<set-header name=\"X-Forwarded-For\" exists-action=\"delete\" />\r\n\t\t<set-header name=\"x-ms-version\" exists-action=\"override\">\r\n\t\t\t<value>@{string version = \"2017-11-09\"; return version;}</value>\r\n\t\t</set-header>\r\n\t\t<authentication-managed-identity resource=\"https://storage.azure.com/\" />\r\n\t</inbound>\r\n\t<backend>\r\n\t\t<base />\r\n\t</backend>\r\n\t<outbound>\r\n\t\t<base />\r\n\t</outbound>\r\n\t<on-error>\r\n\t\t<base />\r\n\t</on-error>\r\n</policies>",
        "format": "rawxml"
      },
      "name": "[concat(parameters('ApimServiceName'), '/blob-api/assetimage/policy')]",
      "type": "Microsoft.ApiManagement/service/apis/operations/policies",
      "apiVersion": "2019-01-01",
      "dependsOn": [
        "[resourceId('Microsoft.ApiManagement/service/apis/operations', parameters('ApimServiceName'), 'blob-api', 'assetimage')]"
      ]
    }
  ]
}