{
    "type": "object",
    "properties": {
      "region_name": {
        "type": "string"
      },
      "route_id": {
        "type": "number",
        "minimum": 0
      },
      "area_id": {
        "type": "number",
        "minimum": 0
      },
      "elr_id": {
        "type": "array",
        "minItems": 1,
        "uniqueItems": true,
        "items": {
          "type": "number"
        }
      },
      "start_mileage_from": {
        "type": "number",
        "minimum": -1
      },
      "start_mileage_to": {
        "type": "number",
        "maximum": 99999
      },
      "railway_id": {
        "type": [
          "string",
          "null"
        ]
      },
      "ast_grp_id": {
        "type": "number",
        "minimum": 0
      },
      "ast_typ_id": {
        "type": "array",
        "minItems": 1,
        "uniqueItems": true,
        "items": {
          "type": "number"
        }
      },
      "opstat_id": {
        "type": "array",
        "minItems": 1,
        "uniqueItems": true,
        "items": {
          "type": "number"
        }
      },
      "ownparty_name": {
        "type": "array",
        "minItems": 1,
        "uniqueItems": true,
        "items": {
          "type": [
            "string",
            "null"
          ]
        }
      },
      "asset_desc": {
        "type": [
          "string",
          "null"
        ]
      },
      "mattyp_id": {
        "type": "array",
        "minItems": 1,
        "uniqueItems": true,
        "items": {
          "type": "number"
        }
      },
      "hceflg_name": {
        "type": "string"
      },
      "cmi_score_from": {
        "type": "number",
        "minimum": -1
      },
      "cmi_score_to": {
        "type": "number",
        "maximum": 99999
      },
      "strccarries_name": {
        "type": "array",
        "minItems": 1,
        "uniqueItems": true,
        "items": {
          "type": [
            "string",
            "null"
          ]
        }
      },
      "strcover_name": {
        "type": "array",
        "minItems": 1,
        "uniqueItems": true,
        "items": {
          "type": [
            "string",
            "null"
          ]
        }
      },
      "outsideparty_name": {
        "type": "array",
        "minItems": 1,
        "uniqueItems": true,
        "items": {
          "type": [
            "string",
            "null"
          ]
        }
      },
      "is_export_to_doc": {
        "type": "string",
        "enum": [
          "Y",
          "N"
        ]
      },
      "sort_column": {
        "type": "string",
        "enum": [
          "Region",
          "Route",
          "ELR",
          "StartMileage",
          "EndMileage",
          "CMIScore",
          "HCEFlg",
          "StructureOver",
          "StructureCarries",
          "AssetGUID",
          "RailwayID",
          "AssetDescription",
          "AssetGroup",
          "AssetType",
          "OutsideParty",
          "Operationstatus",
          "OwningParty",
          "PrimaryMaterial",
          "LastDetailedExam",
          "DetailedExamFrequency",
          "LastVisualExam",
          "TenantedFlg"
        ]
      },
      "sort_order": {
        "type": "string",
        "enum": [
          "asc",
          "desc"
        ]
      },
      "page_no": {
        "type": "number",
        "minimum": 0
      },
      "rows_per_page": {
        "type": "number"
      }
    },
    "required": [
      "region_name",
      "route_id",
      "area_id",
      "elr_id",
      "start_mileage_from",
      "start_mileage_to",
      "railway_id",
      "ast_grp_id",
      "ast_typ_id",
      "opstat_id",
      "ownparty_name",
      "asset_desc",
      "mattyp_id",
      "hceflg_name",
      "cmi_score_from",
      "cmi_score_to",
      "strccarries_name",
      "strcover_name",
      "outsideparty_name",
      "is_export_to_doc",
      "sort_column",
      "sort_order",
      "page_no",
      "rows_per_page"
    ]
  }