{
	"name": "lsSFTP",
	"properties": {
		"annotations": [],
		"type": "Sftp",
		"typeProperties": {
			"host": "10.176.228.71",
			"port": 22,
			"skipHostKeyValidation": true,
			"authenticationType": "SshPublicKey",
			"userName": "NR_CES",
			"privateKeyContent": {
				"type": "AzureKeyVaultSecret",
				"store": {
					"referenceName": "lsAzureKeyVault",
					"type": "LinkedServiceReference"
				},
				"secretName": "sec-uks-SFTP-Connection",
				"secretVersion": "b7e8f9140ea648b7baddc043be6b9317"
			}
		}
	}
}