{
  "$schema": "https://schema.management.azure.com/schemas/2015-01-01/deploymentTemplate.json#",
  "contentVersion": "1.0.0.0",
  "parameters": {
    "ApimServiceName": {
      "type": "string"
    }
  },
  "resources": [
    {
      "properties": {
        "description": "Contain the set of operations/apis to get the asset related information for CES application",
        "authenticationSettings": {
          "subscriptionKeyRequired": false
        },
        "subscriptionKeyParameterNames": {
          "header": "Ocp-Apim-Subscription-Key",
          "query": "subscription-key"
        },
        "apiRevision": "1",
        "isCurrent": true,
        "subscriptionRequired": false,
        "displayName": "Manage Assets",
        "path": "II/CESAPI/assets",
        "protocols": [
          "https"
        ]
      },
      "name": "[concat(parameters('ApimServiceName'), '/manage-assetdetails')]",
      "type": "Microsoft.ApiManagement/service/apis",
      "apiVersion": "2019-01-01",
      "dependsOn": []
    },
    {
      "properties": {
        "contentType": "application/vnd.oai.openapi.components+json",
        "document": {
          "components": {
            "schemas": {
              "GetAccessAssetDetails": {
                "type": "object",
                "properties": {
                  "possession": {},
                  "rrv": {},
                  "ladder": {},
                  "confined_space": {},
                  "3rd_party": {},
                  "line_block": {},
                  "mewp": {},
                  "scaffold": {},
                  "water_permit": {},
                  "traffic_mngt": {},
                  "rope_access": {},
                  "cctv": {},
                  "saftey_boat": {}
                }
              },
              "GetPhotoMetaDataAssetDetails": {
                "type": "array",
                "items": {
                  "required": [
                    "defect",
                    "img"
                  ],
                  "type": "object",
                  "properties": {
                    "defect": {
                      "type": "object",
                      "properties": {
                        "exam_date": {
                          "type": "string"
                        },
                        "exam_type": {
                          "type": "string"
                        },
                        "exam_id": {
                          "type": "integer"
                        }
                      }
                    },
                    "img": {
                      "type": "array",
                      "items": {
                        "required": [
                          "img_index",
                          "img_description",
                          "img_name",
                          "img_link"
                        ],
                        "type": "object",
                        "properties": {
                          "img_index": {
                            "type": "integer"
                          },
                          "img_description": {
                            "type": "string"
                          },
                          "img_name": {
                            "type": "string"
                          },
                          "img_link": {
                            "type": "string"
                          }
                        }
                      }
                    }
                  }
                }
              },
              "GetAssets": {
                "type": "object",
                "properties": {
                  "searchdatacount": {
                    "type": "object",
                    "properties": {
                      "currentpage": {
                        "type": "integer"
                      },
                      "totalcount": {
                        "type": "integer"
                      },
                      "totalpages": {
                        "type": "integer"
                      }
                    }
                  },
                  "searchresult": {
                    "type": "array",
                    "items": {
                      "required": [
                        "asset_guid",
                        "region",
                        "route",
                        "elr",
                        "start_mileage",
                        "end_mileage",
                        "railway_id",
                        "asset_desc",
                        "asset_grp",
                        "asset_type",
                        "operation_status",
                        "owning_party",
                        "primary_material",
                        "last_Dtl_Exam",
                        "dtl_exam_freq",
                        "last_vis_exam"
                      ],
                      "type": "object",
                      "properties": {
                        "asset_guid": {
                          "type": "string"
                        },
                        "region": {
                          "type": "string"
                        },
                        "route": {
                          "type": "string"
                        },
                        "elr": {
                          "type": "string"
                        },
                        "start_mileage": {
                          "type": "string"
                        },
                        "end_mileage": {},
                        "railway_id": {
                          "type": "string"
                        },
                        "asset_desc": {
                          "type": "string"
                        },
                        "asset_grp": {
                          "type": "string"
                        },
                        "asset_type": {
                          "type": "string"
                        },
                        "operation_status": {
                          "type": "string"
                        },
                        "owning_party": {
                          "type": "string"
                        },
                        "primary_material": {
                          "type": "string"
                        },
                        "last_Dtl_Exam": {},
                        "dtl_exam_freq": {},
                        "last_vis_exam": {}
                      }
                    }
                  }
                }
              },
              "GetDisplayRecommendation": {
                "$schema": "http://json-schema.org/draft-04/schema#",
                "type": "object",
                "properties": {
                  "searchdatacount": {
                    "type": "object",
                    "properties": {
                      "totalcount": {
                        "type": "integer"
                      }
                    },
                    "required": [
                      "totalcount"
                    ]
                  },
                  "assetdtls": {
                    "type": "array",
                    "items": [
                      {
                        "type": "object",
                        "properties": {
                          "eng_line_ref": {
                            "type": "integer"
                          },
                          "railway_id": {
                            "type": "string"
                          },
                          "asset_group_sr_key": {
                            "type": "integer"
                          },
                          "asset_type_sr_key": {
                            "type": "integer"
                          }
                        },
                        "required": [
                          "eng_line_ref",
                          "railway_id",
                          "asset_group_sr_key",
                          "asset_type_sr_key"
                        ]
                      }
                    ]
                  },
                  "searchresult": {
                    "type": "array",
                    "items": [
                      {
                        "type": "object",
                        "properties": {
                          "exam_actual_date": {
                            "type": "string"
                          },
                          "exam_type": {
                            "type": "string"
                          },
                          "exam_id": {
                            "type": "integer"
                          },
                          "highest_risk_score": {
                            "type": "string"
                          },
                          "details": {
                            "type": "array",
                            "items": [
                              {
                                "type": "object",
                                "properties": {
                                  "description": {
                                    "type": "string"
                                  },
                                  "location": {
                                    "type": "null"
                                  },
                                  "work_category": {
                                    "type": "string"
                                  },
                                  "quantity_unit": {
                                    "type": "string"
                                  },
                                  "risk_score": {
                                    "type": "string"
                                  },
                                  "rcmn_status": {
                                    "type": "string"
                                  },
                                  "action_change": {
                                    "type": "null"
                                  },
                                  "rcmn_key": {
                                    "type": "integer"
                                  }
                                },
                                "required": [
                                  "description",
                                  "location",
                                  "work_category",
                                  "quantity_unit",
                                  "risk_score",
                                  "rcmn_status",
                                  "action_change",
                                  "rcmn_key"
                                ]
                              },
                              {
                                "type": "object",
                                "properties": {
                                  "description": {
                                    "type": "string"
                                  },
                                  "location": {
                                    "type": "null"
                                  },
                                  "work_category": {
                                    "type": "string"
                                  },
                                  "quantity_unit": {
                                    "type": "string"
                                  },
                                  "risk_score": {
                                    "type": "string"
                                  },
                                  "rcmn_status": {
                                    "type": "string"
                                  },
                                  "action_change": {
                                    "type": "null"
                                  },
                                  "rcmn_key": {
                                    "type": "integer"
                                  }
                                },
                                "required": [
                                  "description",
                                  "location",
                                  "work_category",
                                  "quantity_unit",
                                  "risk_score",
                                  "rcmn_status",
                                  "action_change",
                                  "rcmn_key"
                                ]
                              },
                              {
                                "type": "object",
                                "properties": {
                                  "description": {
                                    "type": "string"
                                  },
                                  "location": {
                                    "type": "string"
                                  },
                                  "work_category": {
                                    "type": "string"
                                  },
                                  "quantity_unit": {
                                    "type": "string"
                                  },
                                  "risk_score": {
                                    "type": "string"
                                  },
                                  "rcmn_status": {
                                    "type": "string"
                                  },
                                  "action_change": {
                                    "type": "null"
                                  },
                                  "rcmn_key": {
                                    "type": "integer"
                                  }
                                },
                                "required": [
                                  "description",
                                  "location",
                                  "work_category",
                                  "quantity_unit",
                                  "risk_score",
                                  "rcmn_status",
                                  "action_change",
                                  "rcmn_key"
                                ]
                              },
                              {
                                "type": "object",
                                "properties": {
                                  "description": {
                                    "type": "string"
                                  },
                                  "location": {
                                    "type": "string"
                                  },
                                  "work_category": {
                                    "type": "string"
                                  },
                                  "quantity_unit": {
                                    "type": "string"
                                  },
                                  "risk_score": {
                                    "type": "string"
                                  },
                                  "rcmn_status": {
                                    "type": "string"
                                  },
                                  "action_change": {
                                    "type": "null"
                                  },
                                  "rcmn_key": {
                                    "type": "integer"
                                  }
                                },
                                "required": [
                                  "description",
                                  "location",
                                  "work_category",
                                  "quantity_unit",
                                  "risk_score",
                                  "rcmn_status",
                                  "action_change",
                                  "rcmn_key"
                                ]
                              },
                              {
                                "type": "object",
                                "properties": {
                                  "description": {
                                    "type": "string"
                                  },
                                  "location": {
                                    "type": "string"
                                  },
                                  "work_category": {
                                    "type": "string"
                                  },
                                  "quantity_unit": {
                                    "type": "string"
                                  },
                                  "risk_score": {
                                    "type": "string"
                                  },
                                  "rcmn_status": {
                                    "type": "string"
                                  },
                                  "action_change": {
                                    "type": "null"
                                  },
                                  "rcmn_key": {
                                    "type": "integer"
                                  }
                                },
                                "required": [
                                  "description",
                                  "location",
                                  "work_category",
                                  "quantity_unit",
                                  "risk_score",
                                  "rcmn_status",
                                  "action_change",
                                  "rcmn_key"
                                ]
                              },
                              {
                                "type": "object",
                                "properties": {
                                  "description": {
                                    "type": "string"
                                  },
                                  "location": {
                                    "type": "string"
                                  },
                                  "work_category": {
                                    "type": "string"
                                  },
                                  "quantity_unit": {
                                    "type": "string"
                                  },
                                  "risk_score": {
                                    "type": "string"
                                  },
                                  "rcmn_status": {
                                    "type": "string"
                                  },
                                  "action_change": {
                                    "type": "null"
                                  },
                                  "rcmn_key": {
                                    "type": "integer"
                                  }
                                },
                                "required": [
                                  "description",
                                  "location",
                                  "work_category",
                                  "quantity_unit",
                                  "risk_score",
                                  "rcmn_status",
                                  "action_change",
                                  "rcmn_key"
                                ]
                              },
                              {
                                "type": "object",
                                "properties": {
                                  "description": {
                                    "type": "string"
                                  },
                                  "location": {
                                    "type": "string"
                                  },
                                  "work_category": {
                                    "type": "string"
                                  },
                                  "quantity_unit": {
                                    "type": "string"
                                  },
                                  "risk_score": {
                                    "type": "string"
                                  },
                                  "rcmn_status": {
                                    "type": "string"
                                  },
                                  "action_change": {
                                    "type": "null"
                                  },
                                  "rcmn_key": {
                                    "type": "integer"
                                  }
                                },
                                "required": [
                                  "description",
                                  "location",
                                  "work_category",
                                  "quantity_unit",
                                  "risk_score",
                                  "rcmn_status",
                                  "action_change",
                                  "rcmn_key"
                                ]
                              },
                              {
                                "type": "object",
                                "properties": {
                                  "description": {
                                    "type": "string"
                                  },
                                  "location": {
                                    "type": "string"
                                  },
                                  "work_category": {
                                    "type": "string"
                                  },
                                  "quantity_unit": {
                                    "type": "string"
                                  },
                                  "risk_score": {
                                    "type": "string"
                                  },
                                  "rcmn_status": {
                                    "type": "string"
                                  },
                                  "action_change": {
                                    "type": "null"
                                  },
                                  "rcmn_key": {
                                    "type": "integer"
                                  }
                                },
                                "required": [
                                  "description",
                                  "location",
                                  "work_category",
                                  "quantity_unit",
                                  "risk_score",
                                  "rcmn_status",
                                  "action_change",
                                  "rcmn_key"
                                ]
                              },
                              {
                                "type": "object",
                                "properties": {
                                  "description": {
                                    "type": "string"
                                  },
                                  "location": {
                                    "type": "string"
                                  },
                                  "work_category": {
                                    "type": "string"
                                  },
                                  "quantity_unit": {
                                    "type": "string"
                                  },
                                  "risk_score": {
                                    "type": "string"
                                  },
                                  "rcmn_status": {
                                    "type": "string"
                                  },
                                  "action_change": {
                                    "type": "null"
                                  },
                                  "rcmn_key": {
                                    "type": "integer"
                                  }
                                },
                                "required": [
                                  "description",
                                  "location",
                                  "work_category",
                                  "quantity_unit",
                                  "risk_score",
                                  "rcmn_status",
                                  "action_change",
                                  "rcmn_key"
                                ]
                              },
                              {
                                "type": "object",
                                "properties": {
                                  "description": {
                                    "type": "string"
                                  },
                                  "location": {
                                    "type": "string"
                                  },
                                  "work_category": {
                                    "type": "string"
                                  },
                                  "quantity_unit": {
                                    "type": "string"
                                  },
                                  "risk_score": {
                                    "type": "string"
                                  },
                                  "rcmn_status": {
                                    "type": "string"
                                  },
                                  "action_change": {
                                    "type": "null"
                                  },
                                  "rcmn_key": {
                                    "type": "integer"
                                  }
                                },
                                "required": [
                                  "description",
                                  "location",
                                  "work_category",
                                  "quantity_unit",
                                  "risk_score",
                                  "rcmn_status",
                                  "action_change",
                                  "rcmn_key"
                                ]
                              },
                              {
                                "type": "object",
                                "properties": {
                                  "description": {
                                    "type": "string"
                                  },
                                  "location": {
                                    "type": "string"
                                  },
                                  "work_category": {
                                    "type": "string"
                                  },
                                  "quantity_unit": {
                                    "type": "string"
                                  },
                                  "risk_score": {
                                    "type": "string"
                                  },
                                  "rcmn_status": {
                                    "type": "string"
                                  },
                                  "action_change": {
                                    "type": "null"
                                  },
                                  "rcmn_key": {
                                    "type": "integer"
                                  }
                                },
                                "required": [
                                  "description",
                                  "location",
                                  "work_category",
                                  "quantity_unit",
                                  "risk_score",
                                  "rcmn_status",
                                  "action_change",
                                  "rcmn_key"
                                ]
                              }
                            ]
                          }
                        },
                        "required": [
                          "exam_actual_date",
                          "exam_type",
                          "exam_id",
                          "highest_risk_score",
                          "details"
                        ]
                      }
                    ]
                  }
                },
                "required": [
                  "searchdatacount",
                  "assetdtls",
                  "searchresult"
                ],
                "example": {
                  "searchdatacount": {
                    "totalcount": 8
                  },
                  "assetdtls": [
                    {
                      "eng_line_ref": 1143,
                      "railway_id": "622",
                      "asset_group_sr_key": 2,
                      "asset_type_sr_key": 7
                    }
                  ],
                  "searchresult": [
                    {
                      "exam_actual_date": "2018-01-04",
                      "exam_type": "Detailed",
                      "exam_id": 9020001,
                      "highest_risk_score": "3",
                      "details": [
                        {
                          "description": "Clearing accumulated rubbish to pits",
                          "location": null,
                          "work_category": "Culvert Cleaning",
                          "quantity_unit": "2.00 unit",
                          "risk_score": "10",
                          "rcmn_status": "Duplicate",
                          "action_change": null,
                          "rcmn_key": 93140
                        },
                        {
                          "description": "Fit new culvert covers raise height",
                          "location": null,
                          "work_category": "Culvert Repairs",
                          "quantity_unit": "2.00 unit",
                          "risk_score": "10",
                          "rcmn_status": "Duplicate",
                          "action_change": null,
                          "rcmn_key": 93323
                        },
                        {
                          "description": "Replace missing covers",
                          "location": "Around culvert",
                          "work_category": "Other",
                          "quantity_unit": "0.00 unit",
                          "risk_score": "12",
                          "rcmn_status": "Accepted",
                          "action_change": null,
                          "rcmn_key": 78992
                        },
                        {
                          "description": "Clean out barrel",
                          "location": "Barrel",
                          "work_category": "Culvert Cleaning",
                          "quantity_unit": "0.00 unit",
                          "risk_score": "12",
                          "rcmn_status": "Rejected",
                          "action_change": null,
                          "rcmn_key": 79041
                        },
                        {
                          "description": "Provide lighter covers to facilitate examination.",
                          "location": "Covers.",
                          "work_category": "Drainage",
                          "quantity_unit": "2.00 unit",
                          "risk_score": "6",
                          "rcmn_status": "Accepted",
                          "action_change": null,
                          "rcmn_key": 69953
                        },
                        {
                          "description": "Concrete manhole covers to heavy  to lift. Replace with light weight covers.",
                          "location": "D/S inspection chamber",
                          "work_category": "Other",
                          "quantity_unit": "1.00 m",
                          "risk_score": "6",
                          "rcmn_status": "Duplicate",
                          "action_change": null,
                          "rcmn_key": 70693
                        },
                        {
                          "description": "Clear out barrel.",
                          "location": "Barrel.",
                          "work_category": "Culvert Cleaning",
                          "quantity_unit": "30.00 m",
                          "risk_score": "6",
                          "rcmn_status": "Duplicate",
                          "action_change": null,
                          "rcmn_key": 70786
                        },
                        {
                          "description": "Pump out water and cctv. Confirmation also required to confirm asset location and extent.",
                          "location": "Culvert",
                          "work_category": "Culvert Cleaning",
                          "quantity_unit": "1.00 unit",
                          "risk_score": "6",
                          "rcmn_status": "Duplicate",
                          "action_change": null,
                          "rcmn_key": 123849
                        },
                        {
                          "description": "Clear debris as necessary snd lift manhole covers for examination of this shallow barrel",
                          "location": "U/S and D/S",
                          "work_category": "Other",
                          "quantity_unit": "2.00 unit",
                          "risk_score": "6",
                          "rcmn_status": "Rejected",
                          "action_change": null,
                          "rcmn_key": 125576
                        },
                        {
                          "description": "Plank type lids covered with debris. Clear area of vegetation/debris and replace cover with lightweight variety or grille.",
                          "location": "D/S end chamber.",
                          "work_category": "Other",
                          "quantity_unit": "1.00 unit",
                          "risk_score": "6",
                          "rcmn_status": "Accepted",
                          "action_change": null,
                          "rcmn_key": 78098
                        },
                        {
                          "description": "Fit structure ID plates.",
                          "location": "D/S and U/S.",
                          "work_category": "Other",
                          "quantity_unit": "2.00 unit",
                          "risk_score": "3",
                          "rcmn_status": "Accepted",
                          "action_change": null,
                          "rcmn_key": 105606
                        }
                      ]
                    }
                  ]
                }
              },
              "GetCommonAssetDetails": {
                "type": "object",
                "properties": {
                  "region": {
                    "type": "string"
                  },
                  "assetdesc": {
                    "type": "string"
                  },
                  "route": {
                    "type": "string"
                  },
                  "area": {
                    "type": "string"
                  },
                  "ralway_id": {
                    "type": "string"
                  },
                  "asset_type": {
                    "type": "string"
                  },
                  "op_status": {
                    "type": "string"
                  },
                  "elr": {
                    "type": "string"
                  },
                  "start_mileage": {
                    "type": "number"
                  },
                  "end_mileage": {},
                  "prim_material": {
                    "type": "string"
                  },
                  "owning_party": {
                    "type": "string"
                  },
                  "gps_start": {},
                  "gps_end": {},
                  "stuct_carry": {},
                  "struct_over": {},
                  "hce_flag": {
                    "type": "string"
                  },
                  "asset_guid": {
                    "type": "string"
                  },
                  "total_defect_cnt": {
                    "type": "integer"
                  },
                  "open_defect_cnt": {
                    "type": "integer"
                  },
                  "picture_uri": {},
                  "cmi_score": {
                    "type": "integer"
                  },
                  "ve_comp_stat": {},
                  "de_comp_stat": {},
                  "uw_comp_stat": {},
                  "tenanted_flg": {
                    "type": "string"
                  }
                },
                "example": {
                  "region": "Southern",
                  "assetdesc": "GREAT SUFFOLK STREET VIADUCT ARCHES 22 - 31A",
                  "route": "Kent",
                  "area": "London Bridge",
                  "ralway_id": "W63",
                  "asset_type": "Viaduct",
                  "op_status": "Functionary",
                  "elr": "HHH",
                  "start_mileage": 0.875,
                  "end_mileage": null,
                  "prim_material": " RBE - Brick",
                  "owning_party": "Network Rail (CE-Struct)",
                  "gps_start": null,
                  "gps_end": null,
                  "stuct_carry": null,
                  "struct_over": null,
                  "hce_flag": "No",
                  "asset_guid": "3978559C2D8345D9E04400306E4AD01A",
                  "total_defect_cnt": 23,
                  "open_defect_cnt": 4,
                  "picture_uri": null,
                  "cmi_score": 71,
                  "ve_comp_stat": null,
                  "de_comp_stat": null,
                  "uw_comp_stat": null,
                  "tenanted_flg": "N/A"
                }
              },
              "GetActionDetails": {
                "type": "object",
                "properties": {
                  "structure_name": {
                    "type": "string"
                  },
                  "action_no": {
                    "type": "integer"
                  },
                  "work_type": {
                    "type": "string"
                  },
                  "work_category": {
                    "type": "string"
                  },
                  "location": {
                    "type": "string"
                  },
                  "prob_statement": {
                    "type": "string"
                  },
                  "work_status": {
                    "type": "string"
                  },
                  "priority_year": {
                    "type": "string"
                  },
                  "quantity": {
                    "type": "string"
                  },
                  "severity": {
                    "type": "string"
                  },
                  "probability": {
                    "type": "string"
                  },
                  "extent": {
                    "type": "string"
                  },
                  "risk_score": {
                    "type": "string"
                  },
                  "notes": {}
                },
                "example": {
                  "structure_name": "DANES ROAD VIADUCT ARCHES 388 - 397",
                  "action_no": 1,
                  "work_type": "Structures maintenance",
                  "work_category": "Concrete Repairs",
                  "location": "Concrete jack arches",
                  "prob_statement": "Clean exposed reinforcement and carry out patch repair to spalled concrete. Allow for traffic management.",
                  "work_status": "New",
                  "priority_year": "2019/2020",
                  "quantity": "4.00 m2",
                  "severity": "2",
                  "probability": "3",
                  "extent": "Moderate",
                  "risk_score": "6",
                  "notes": null
                }
              },
              "GetAssetHistoryCleansingDetails": {
                "type": "object",
                "properties": {
                  "carrs_data": {
                    "type": "object",
                    "properties": {
                      "asset_guid": {
                        "type": "string"
                      },
                      "railway_id": {
                        "type": "string"
                      },
                      "start_mileage": {
                        "type": "number"
                      },
                      "end_mileage": {},
                      "asset_group": {
                        "type": "string"
                      },
                      "asset_type": {
                        "type": "string"
                      },
                      "area": {
                        "type": "string"
                      },
                      "elr": {
                        "type": "string"
                      },
                      "asset_desc": {
                        "type": "string"
                      },
                      "primary_material": {
                        "type": "string"
                      },
                      "os_grid_ref": {},
                      "hce_flag": {
                        "type": "string"
                      }
                    }
                  },
                  "bridge_data": {
                    "type": "object",
                    "properties": {
                      "asset_guid": {},
                      "railway_id": {},
                      "start_mileage": {},
                      "end_mileage": {},
                      "asset_group": {},
                      "asset_type": {},
                      "area": {},
                      "elr": {},
                      "asset_desc": {},
                      "primary_material": {},
                      "os_grid_ref": {},
                      "hce_flag": {}
                    }
                  },
                  "discrepancy": {
                    "type": "object",
                    "properties": {
                      "asset_guid": {
                        "type": "string"
                      },
                      "railway_id": {
                        "type": "string"
                      },
                      "start_mileage": {
                        "type": "string"
                      },
                      "end_mileage": {
                        "type": "string"
                      },
                      "asset_group": {
                        "type": "string"
                      },
                      "asset_type": {
                        "type": "string"
                      },
                      "area": {
                        "type": "string"
                      },
                      "elr": {
                        "type": "string"
                      },
                      "asset_desc": {
                        "type": "string"
                      },
                      "primary_material": {
                        "type": "string"
                      },
                      "os_grid_ref": {
                        "type": "string"
                      },
                      "hce_flag": {
                        "type": "string"
                      }
                    }
                  }
                }
              },
              "AssetRequest": {
                "type": "object",
                "properties": {
                  "asset_guid": {
                    "type": "string"
                  },
                  "exam_type_id": {
                    "type": "integer"
                  },
                  "comments": {
                    "type": "string"
                  },
                  "current_user_key": {
                    "type": "string"
                  }
                }
              }
            }
          }
        }
      },
      "name": "[concat(parameters('ApimServiceName'), '/manage-assetdetails/5ff4095943d0780e40d5c7be')]",
      "type": "Microsoft.ApiManagement/service/apis/schemas",
      "apiVersion": "2019-01-01",
      "dependsOn": [
        "[resourceId('Microsoft.ApiManagement/service/apis', parameters('ApimServiceName'), 'manage-assetdetails')]"
      ]
    },
    {
      "properties": {
        "templateParameters": [],
        "description": "This api will return the action details based on asset guid and recommendation key",
        "request": {
          "queryParameters": [
            {
              "name": "rcmnKey",
              "description": "rcmnKey is a recommendation key",
              "type": "integer",
              "required": true,
              "values": []
            },
            {
              "name": "assetGuid",
              "description": "asset guid is a unique indentifier of an asset",
              "type": "string",
              "required": true,
              "values": []
            }
          ],
          "headers": [],
          "representations": []
        },
        "responses": [
          {
            "statusCode": 200,
            "description": "OK",
            "headers": [],
            "representations": [
              {
                "contentType": "application/json",
                "sample": "{\r\n  \"structure_name\": \"DANES ROAD VIADUCT ARCHES 388 - 397\",\r\n  \"action_no\": 1,\r\n  \"work_type\": \"Structures maintenance\",\r\n  \"work_category\": \"Concrete Repairs\",\r\n  \"location\": \"Concrete jack arches\",\r\n  \"prob_statement\": \"Clean exposed reinforcement and carry out patch repair to spalled concrete. Allow for traffic management.\",\r\n  \"work_status\": \"New\",\r\n  \"priority_year\": \"2019/2020\",\r\n  \"quantity\": \"4.00 m2\",\r\n  \"severity\": \"2\",\r\n  \"probability\": \"3\",\r\n  \"extent\": \"Moderate\",\r\n  \"risk_score\": \"6\",\r\n  \"notes\": null\r\n}",
                "schemaId": "5ff4095943d0780e40d5c7be",
                "typeName": "GetActionDetails"
              }
            ]
          },
          {
            "statusCode": 204,
            "description": "",
            "headers": [],
            "representations": []
          },
          {
            "statusCode": 400,
            "description": "",
            "headers": [],
            "representations": []
          },
          {
            "statusCode": 500,
            "description": "",
            "headers": [],
            "representations": []
          },
          {
            "statusCode": 401,
            "description": "",
            "headers": [],
            "representations": []
          }
        ],
        "displayName": "actions",
        "method": "GET",
        "urlTemplate": "/actions"
      },
      "name": "[concat(parameters('ApimServiceName'), '/manage-assetdetails/actions')]",
      "type": "Microsoft.ApiManagement/service/apis/operations",
      "apiVersion": "2019-01-01",
      "dependsOn": [
        "[resourceId('Microsoft.ApiManagement/service/apis', parameters('ApimServiceName'), 'manage-assetdetails')]",
        "[resourceId('Microsoft.ApiManagement/service/apis/schemas', parameters('ApimServiceName'), 'manage-assetdetails', '5ff4095943d0780e40d5c7be')]"
      ]
    },
    {
      "properties": {
        "value": "<!--\n    IMPORTANT:\n    - Policy elements can appear only within the <inbound>, <outbound>, <backend> section elements.\n    - To apply a policy to the incoming request (before it is forwarded to the backend service), place a corresponding policy element within the <inbound> section element.\n    - To apply a policy to the outgoing response (before it is sent back to the caller), place a corresponding policy element within the <outbound> section element.\n    - To add a policy, place the cursor at the desired insertion point and select a policy from the sidebar.\n    - To remove a policy, delete the corresponding policy statement from the policy document.\n    - Position the <base> element within a section element to inherit all policies from the corresponding section element in the enclosing scope.\n    - Remove the <base> element to prevent inheriting policies from the corresponding section element in the enclosing scope.\n    - Policies are applied in the order of their appearance, from the top down.\n    - Comments within policy elements are not supported and may disappear. Place your comments between policy elements or at a higher level scope.\n-->\r\n<policies>\r\n\t<inbound>\r\n\t\t<base />\r\n\t\t<cache-lookup vary-by-developer=\"true\" vary-by-developer-groups=\"false\" allow-private-response-caching=\"true\" must-revalidate=\"true\" downstream-caching-type=\"none\" caching-type=\"internal\">\r\n\t\t\t<vary-by-query-parameter>rcmnKey</vary-by-query-parameter>\r\n\t\t\t<vary-by-query-parameter>assetGuid</vary-by-query-parameter>\r\n\t\t</cache-lookup>\r\n\t\t<set-backend-service id=\"apim-generated-policy\" backend-id=\"{{FnAppCivilManageAsset}}\" />\r\n\t\t<rewrite-uri template=\"{{ActionDetailsFunction}}\" />\r\n\t</inbound>\r\n\t<backend>\r\n\t\t<base />\r\n\t</backend>\r\n\t<outbound>\r\n\t\t<base />\r\n\t\t<cache-store duration=\"300\" />\r\n\t</outbound>\r\n\t<on-error>\r\n\t\t<base />\r\n\t</on-error>\r\n</policies>",
        "format": "rawxml"
      },
      "name": "[concat(parameters('ApimServiceName'), '/manage-assetdetails/actions/policy')]",
      "type": "Microsoft.ApiManagement/service/apis/operations/policies",
      "apiVersion": "2019-01-01",
      "dependsOn": [
        "[resourceId('Microsoft.ApiManagement/service/apis/operations', parameters('ApimServiceName'), 'manage-assetdetails', 'actions')]"
      ]
    },
    {
      "properties": {
        "templateParameters": [],
        "description": "",
        "request": {
          "queryParameters": [],
          "headers": [],
          "representations": [
            {
              "contentType": "application/json",
              "sample": "{\r\n  \"asset_guid\": \"string\",\r\n  \"exam_type_id\": 0,\r\n  \"comments\": \"string\",\r\n  \"current_user_key\": \"string\"\r\n}",
              "schemaId": "5ff4095943d0780e40d5c7be",
              "typeName": "AssetRequest"
            }
          ]
        },
        "responses": [
          {
            "statusCode": 201,
            "description": "",
            "headers": [],
            "representations": []
          },
          {
            "statusCode": 204,
            "description": "",
            "headers": [],
            "representations": []
          },
          {
            "statusCode": 400,
            "description": "",
            "headers": [],
            "representations": []
          },
          {
            "statusCode": 500,
            "description": "",
            "headers": [],
            "representations": []
          },
          {
            "statusCode": 401,
            "description": "",
            "headers": [],
            "representations": []
          }
        ],
        "displayName": "addComment",
        "method": "POST",
        "urlTemplate": "/addComment"
      },
      "name": "[concat(parameters('ApimServiceName'), '/manage-assetdetails/setasset')]",
      "type": "Microsoft.ApiManagement/service/apis/operations",
      "apiVersion": "2019-01-01",
      "dependsOn": [
        "[resourceId('Microsoft.ApiManagement/service/apis', parameters('ApimServiceName'), 'manage-assetdetails')]",
        "[resourceId('Microsoft.ApiManagement/service/apis/schemas', parameters('ApimServiceName'), 'manage-assetdetails', '5ff4095943d0780e40d5c7be')]"
      ]
    },
    {
      "properties": {
        "value": "<!--\n    IMPORTANT:\n    - Policy elements can appear only within the <inbound>, <outbound>, <backend> section elements.\n    - To apply a policy to the incoming request (before it is forwarded to the backend service), place a corresponding policy element within the <inbound> section element.\n    - To apply a policy to the outgoing response (before it is sent back to the caller), place a corresponding policy element within the <outbound> section element.\n    - To add a policy, place the cursor at the desired insertion point and select a policy from the sidebar.\n    - To remove a policy, delete the corresponding policy statement from the policy document.\n    - Position the <base> element within a section element to inherit all policies from the corresponding section element in the enclosing scope.\n    - Remove the <base> element to prevent inheriting policies from the corresponding section element in the enclosing scope.\n    - Policies are applied in the order of their appearance, from the top down.\n    - Comments within policy elements are not supported and may disappear. Place your comments between policy elements or at a higher level scope.\n-->\r\n<policies>\r\n\t<inbound>\r\n\t\t<base />\r\n\t\t<set-backend-service id=\"apim-generated-policy\" backend-id=\"{{FnAppCivilManageAsset}}\" />\r\n\t\t<rewrite-uri template=\"{{SaveAssetCommentFunction}}\" />\r\n\t</inbound>\r\n\t<backend>\r\n\t\t<base />\r\n\t</backend>\r\n\t<outbound>\r\n\t\t<base />\r\n\t</outbound>\r\n\t<on-error>\r\n\t\t<base />\r\n\t</on-error>\r\n</policies>",
        "format": "rawxml"
      },
      "name": "[concat(parameters('ApimServiceName'), '/manage-assetdetails/setasset/policy')]",
      "type": "Microsoft.ApiManagement/service/apis/operations/policies",
      "apiVersion": "2019-01-01",
      "dependsOn": [
        "[resourceId('Microsoft.ApiManagement/service/apis/operations', parameters('ApimServiceName'), 'manage-assetdetails', 'setasset')]"
      ]
    },
    {
      "properties": {
        "templateParameters": [
          {
            "name": "assetId",
            "description": "Asset identifier",
            "type": "Guid",
            "required": true,
            "values": []
          }
        ],
        "description": "Get the asset details",
        "request": {
          "queryParameters": [
            {
              "name": "requestType",
              "description": "Specific asset details based on request type",
              "type": "string",
              "required": true,
              "values": [
                "getcommonassetdetails",
                "getaccessassetdetails",
                "getphotometadataassetdetails",
                "getassethistorycleansingdetails"
              ]
            }
          ],
          "headers": [],
          "representations": []
        },
        "responses": [
          {
            "statusCode": 200,
            "description": "OK",
            "headers": [],
            "representations": [
              {
                "contentType": "application/json",
                "sample": "{\r\n  \"possession\": {},\r\n  \"rrv\": {},\r\n  \"ladder\": {},\r\n  \"confined_space\": {},\r\n  \"3rd_party\": {},\r\n  \"line_block\": {},\r\n  \"mewp\": {},\r\n  \"scaffold\": {},\r\n  \"water_permit\": {},\r\n  \"traffic_mngt\": {},\r\n  \"rope_access\": {},\r\n  \"cctv\": {},\r\n  \"saftey_boat\": {}\r\n}",
                "schemaId": "5ff4095943d0780e40d5c7be",
                "typeName": "GetAccessAssetDetails"
              },
              {
                "contentType": "application/json",
                "sample": "{\r\n  \"region\": \"Southern\",\r\n  \"assetdesc\": \"GREAT SUFFOLK STREET VIADUCT ARCHES 22 - 31A\",\r\n  \"route\": \"Kent\",\r\n  \"area\": \"London Bridge\",\r\n  \"ralway_id\": \"W63\",\r\n  \"asset_type\": \"Viaduct\",\r\n  \"op_status\": \"Functionary\",\r\n  \"elr\": \"HHH\",\r\n  \"start_mileage\": 0.875,\r\n  \"end_mileage\": null,\r\n  \"prim_material\": \" RBE - Brick\",\r\n  \"owning_party\": \"Network Rail (CE-Struct)\",\r\n  \"gps_start\": null,\r\n  \"gps_end\": null,\r\n  \"stuct_carry\": null,\r\n  \"struct_over\": null,\r\n  \"hce_flag\": \"No\",\r\n  \"asset_guid\": \"3978559C2D8345D9E04400306E4AD01A\",\r\n  \"total_defect_cnt\": 23,\r\n  \"open_defect_cnt\": 4,\r\n  \"picture_uri\": null,\r\n  \"cmi_score\": 71,\r\n  \"ve_comp_stat\": null,\r\n  \"de_comp_stat\": null,\r\n  \"uw_comp_stat\": null,\r\n  \"tenanted_flg\": \"N/A\"\r\n}",
                "schemaId": "5ff4095943d0780e40d5c7be",
                "typeName": "GetCommonAssetDetails"
              },
              {
                "contentType": "application/json",
                "sample": "[[\r\n  {\r\n    \"defect\": {\r\n      \"exam_date\": \"string\",\r\n      \"exam_type\": \"string\",\r\n      \"exam_id\": 0\r\n    },\r\n    \"img\": [\r\n      {\r\n        \"img_index\": 0,\r\n        \"img_description\": \"string\",\r\n        \"img_name\": \"string\",\r\n        \"img_link\": \"string\"\r\n      }\r\n    ]\r\n  }\r\n]",
                "schemaId": "5ff4095943d0780e40d5c7be",
                "typeName": "GetPhotoMetaDataAssetDetails"
              },
              {
                "contentType": "application/json",
                "sample": "{\r\n  \"carrs_data\": {\r\n    \"asset_guid\": \"string\",\r\n    \"railway_id\": \"string\",\r\n    \"start_mileage\": 0.0,\r\n    \"end_mileage\": {},\r\n    \"asset_group\": \"string\",\r\n    \"asset_type\": \"string\",\r\n    \"area\": \"string\",\r\n    \"elr\": \"string\",\r\n    \"asset_desc\": \"string\",\r\n    \"primary_material\": \"string\",\r\n    \"os_grid_ref\": {},\r\n    \"hce_flag\": \"string\"\r\n  },\r\n  \"bridge_data\": {\r\n    \"asset_guid\": {},\r\n    \"railway_id\": {},\r\n    \"start_mileage\": {},\r\n    \"end_mileage\": {},\r\n    \"asset_group\": {},\r\n    \"asset_type\": {},\r\n    \"area\": {},\r\n    \"elr\": {},\r\n    \"asset_desc\": {},\r\n    \"primary_material\": {},\r\n    \"os_grid_ref\": {},\r\n    \"hce_flag\": {}\r\n  },\r\n  \"discrepancy\": {\r\n    \"asset_guid\": \"string\",\r\n    \"railway_id\": \"string\",\r\n    \"start_mileage\": \"string\",\r\n    \"end_mileage\": \"string\",\r\n    \"asset_group\": \"string\",\r\n    \"asset_type\": \"string\",\r\n    \"area\": \"string\",\r\n    \"elr\": \"string\",\r\n    \"asset_desc\": \"string\",\r\n    \"primary_material\": \"string\",\r\n    \"os_grid_ref\": \"string\",\r\n    \"hce_flag\": \"string\"\r\n  }\r\n}",
                "schemaId": "5ff4095943d0780e40d5c7be",
                "typeName": "GetAssetHistoryCleansingDetails"
              }
            ]
          },
          {
            "statusCode": 204,
            "description": "No Content",
            "headers": [],
            "representations": []
          },
          {
            "statusCode": 500,
            "description": "Internal Server Error",
            "headers": [],
            "representations": []
          },
          {
            "statusCode": 400,
            "description": "Bad Request",
            "headers": [],
            "representations": []
          },
          {
            "statusCode": 401,
            "description": "Unauthorized",
            "headers": [],
            "representations": []
          }
        ],
        "displayName": "asset",
        "method": "GET",
        "urlTemplate": "/{assetId}"
      },
      "name": "[concat(parameters('ApimServiceName'), '/manage-assetdetails/assetinfo')]",
      "type": "Microsoft.ApiManagement/service/apis/operations",
      "apiVersion": "2019-01-01",
      "dependsOn": [
        "[resourceId('Microsoft.ApiManagement/service/apis', parameters('ApimServiceName'), 'manage-assetdetails')]",
        "[resourceId('Microsoft.ApiManagement/service/apis/schemas', parameters('ApimServiceName'), 'manage-assetdetails', '5ff4095943d0780e40d5c7be')]"
      ]
    },
    {
      "properties": {
        "value": "<!--\n    IMPORTANT:\n    - Policy elements can appear only within the <inbound>, <outbound>, <backend> section elements.\n    - To apply a policy to the incoming request (before it is forwarded to the backend service), place a corresponding policy element within the <inbound> section element.\n    - To apply a policy to the outgoing response (before it is sent back to the caller), place a corresponding policy element within the <outbound> section element.\n    - To add a policy, place the cursor at the desired insertion point and select a policy from the sidebar.\n    - To remove a policy, delete the corresponding policy statement from the policy document.\n    - Position the <base> element within a section element to inherit all policies from the corresponding section element in the enclosing scope.\n    - Remove the <base> element to prevent inheriting policies from the corresponding section element in the enclosing scope.\n    - Policies are applied in the order of their appearance, from the top down.\n    - Comments within policy elements are not supported and may disappear. Place your comments between policy elements or at a higher level scope.\n-->\r\n<policies>\r\n\t<inbound>\r\n\t\t<base />\r\n\t\t<set-backend-service id=\"apim-generated-policy\" backend-id=\"{{FnAppCivilManageAsset}}\" />\r\n\t\t<rewrite-uri template=\"{{AssetDetailsFunction}}\" />\r\n\t\t<set-query-parameter name=\"assetGuid\" exists-action=\"override\">\r\n\t\t\t<value>@(context.Request.MatchedParameters[\"assetId\"])</value>\r\n\t\t</set-query-parameter>\r\n\t</inbound>\r\n\t<backend>\r\n\t\t<base />\r\n\t</backend>\r\n\t<outbound>\r\n\t\t<base />\r\n\t</outbound>\r\n\t<on-error>\r\n\t\t<base />\r\n\t</on-error>\r\n</policies>",
        "format": "rawxml"
      },
      "name": "[concat(parameters('ApimServiceName'), '/manage-assetdetails/assetinfo/policy')]",
      "type": "Microsoft.ApiManagement/service/apis/operations/policies",
      "apiVersion": "2019-01-01",
      "dependsOn": [
        "[resourceId('Microsoft.ApiManagement/service/apis/operations', parameters('ApimServiceName'), 'manage-assetdetails', 'assetinfo')]"
      ]
    },
    {
      "properties": {
        "templateParameters": [],
        "description": "List all assets based on search ",
        "request": {
          "queryParameters": [],
          "headers": [
            {
              "name": "X-Asset-Filters",
              "description": "Asset Filter Parameters",
              "type": "string",
              "required": true,
              "values": []
            }
          ],
          "representations": []
        },
        "responses": [
          {
            "statusCode": 200,
            "description": "OK",
            "headers": [],
            "representations": [
              {
                "contentType": "application/json",
                "sample": "{\r\n  \"searchdatacount\": {\r\n    \"currentpage\": 0,\r\n    \"totalcount\": 0,\r\n    \"totalpages\": 0\r\n  },\r\n  \"searchresult\": [\r\n    {\r\n      \"asset_guid\": \"string\",\r\n      \"region\": \"string\",\r\n      \"route\": \"string\",\r\n      \"elr\": \"string\",\r\n      \"start_mileage\": \"string\",\r\n      \"end_mileage\": {},\r\n      \"railway_id\": \"string\",\r\n      \"asset_desc\": \"string\",\r\n      \"asset_grp\": \"string\",\r\n      \"asset_type\": \"string\",\r\n      \"operation_status\": \"string\",\r\n      \"owning_party\": \"string\",\r\n      \"primary_material\": \"string\",\r\n      \"last_Dtl_Exam\": {},\r\n      \"dtl_exam_freq\": {},\r\n      \"last_vis_exam\": {}\r\n    }\r\n  ]\r\n}",
                "schemaId": "5ff4095943d0780e40d5c7be",
                "typeName": "GetAssets"
              }
            ]
          },
          {
            "statusCode": 204,
            "description": "No Content",
            "headers": [],
            "representations": []
          },
          {
            "statusCode": 400,
            "description": "Bad Request",
            "headers": [],
            "representations": []
          },
          {
            "statusCode": 500,
            "description": "Internal Server Error",
            "headers": [],
            "representations": []
          },
          {
            "statusCode": 401,
            "description": "Unauthorized",
            "headers": [],
            "representations": []
          }
        ],
        "displayName": "assets",
        "method": "GET",
        "urlTemplate": "/search"
      },
      "name": "[concat(parameters('ApimServiceName'), '/manage-assetdetails/assets')]",
      "type": "Microsoft.ApiManagement/service/apis/operations",
      "apiVersion": "2019-01-01",
      "dependsOn": [
        "[resourceId('Microsoft.ApiManagement/service/apis', parameters('ApimServiceName'), 'manage-assetdetails')]",
        "[resourceId('Microsoft.ApiManagement/service/apis/schemas', parameters('ApimServiceName'), 'manage-assetdetails', '5ff4095943d0780e40d5c7be')]"
      ]
    },
    {
      "properties": {
        "value": "<!--\n    IMPORTANT:\n    - Policy elements can appear only within the <inbound>, <outbound>, <backend> section elements.\n    - To apply a policy to the incoming request (before it is forwarded to the backend service), place a corresponding policy element within the <inbound> section element.\n    - To apply a policy to the outgoing response (before it is sent back to the caller), place a corresponding policy element within the <outbound> section element.\n    - To add a policy, place the cursor at the desired insertion point and select a policy from the sidebar.\n    - To remove a policy, delete the corresponding policy statement from the policy document.\n    - Position the <base> element within a section element to inherit all policies from the corresponding section element in the enclosing scope.\n    - Remove the <base> element to prevent inheriting policies from the corresponding section element in the enclosing scope.\n    - Policies are applied in the order of their appearance, from the top down.\n    - Comments within policy elements are not supported and may disappear. Place your comments between policy elements or at a higher level scope.\n-->\r\n<policies>\r\n\t<inbound>\r\n\t\t<base />\r\n\t\t<cache-lookup vary-by-developer=\"true\" vary-by-developer-groups=\"false\" allow-private-response-caching=\"true\" must-revalidate=\"true\" downstream-caching-type=\"none\" caching-type=\"internal\">\r\n\t\t\t<vary-by-header>X-Asset-Filters</vary-by-header>\r\n\t\t</cache-lookup>\r\n\t\t<set-backend-service id=\"apim-generated-policy\" backend-id=\"{{FnAppCivilManageAsset}}\" />\r\n\t\t<rewrite-uri template=\"{{AssetsFunction}}\" />\r\n\t</inbound>\r\n\t<backend>\r\n\t\t<base />\r\n\t</backend>\r\n\t<outbound>\r\n\t\t<base />\r\n\t\t<cache-store duration=\"300\" />\r\n\t</outbound>\r\n\t<on-error>\r\n\t\t<base />\r\n\t</on-error>\r\n</policies>",
        "format": "rawxml"
      },
      "name": "[concat(parameters('ApimServiceName'), '/manage-assetdetails/assets/policy')]",
      "type": "Microsoft.ApiManagement/service/apis/operations/policies",
      "apiVersion": "2019-01-01",
      "dependsOn": [
        "[resourceId('Microsoft.ApiManagement/service/apis/operations', parameters('ApimServiceName'), 'manage-assetdetails', 'assets')]"
      ]
    },
    {
      "properties": {
        "templateParameters": [],
        "description": "This api will return list of asset details based on asset guid",
        "request": {
          "queryParameters": [
            {
              "name": "assetGuid",
              "description": "asset guid is the unique identifier of an asset",
              "type": "string",
              "required": false,
              "values": []
            }
          ],
          "headers": [],
          "representations": []
        },
        "responses": [
          {
            "statusCode": 200,
            "description": "",
            "headers": [],
            "representations": []
          },
          {
            "statusCode": 204,
            "description": "",
            "headers": [],
            "representations": []
          },
          {
            "statusCode": 400,
            "description": "",
            "headers": [],
            "representations": []
          },
          {
            "statusCode": 500,
            "description": "",
            "headers": [],
            "representations": []
          },
          {
            "statusCode": 401,
            "description": "",
            "headers": [],
            "representations": []
          }
        ],
        "displayName": "displayrecommendation",
        "method": "GET",
        "urlTemplate": "/recommendation"
      },
      "name": "[concat(parameters('ApimServiceName'), '/manage-assetdetails/displayrecommendation')]",
      "type": "Microsoft.ApiManagement/service/apis/operations",
      "apiVersion": "2019-01-01",
      "dependsOn": [
        "[resourceId('Microsoft.ApiManagement/service/apis', parameters('ApimServiceName'), 'manage-assetdetails')]"
      ]
    },
    {
      "properties": {
        "value": "<!--\n    IMPORTANT:\n    - Policy elements can appear only within the <inbound>, <outbound>, <backend> section elements.\n    - To apply a policy to the incoming request (before it is forwarded to the backend service), place a corresponding policy element within the <inbound> section element.\n    - To apply a policy to the outgoing response (before it is sent back to the caller), place a corresponding policy element within the <outbound> section element.\n    - To add a policy, place the cursor at the desired insertion point and select a policy from the sidebar.\n    - To remove a policy, delete the corresponding policy statement from the policy document.\n    - Position the <base> element within a section element to inherit all policies from the corresponding section element in the enclosing scope.\n    - Remove the <base> element to prevent inheriting policies from the corresponding section element in the enclosing scope.\n    - Policies are applied in the order of their appearance, from the top down.\n    - Comments within policy elements are not supported and may disappear. Place your comments between policy elements or at a higher level scope.\n-->\r\n<policies>\r\n\t<inbound>\r\n\t\t<base />\r\n\t\t<cache-lookup vary-by-developer=\"true\" vary-by-developer-groups=\"false\" allow-private-response-caching=\"true\" must-revalidate=\"true\" downstream-caching-type=\"none\" caching-type=\"internal\">\r\n\t\t\t<vary-by-query-parameter>assetGuid</vary-by-query-parameter>\r\n\t\t</cache-lookup>\r\n\t\t<set-backend-service id=\"apim-generated-policy\" backend-id=\"{{FnAppCivilManageAsset}}\" />\r\n\t\t<rewrite-uri template=\"{{DisplayRecommendationDetailsFunction}}\" />\r\n\t</inbound>\r\n\t<backend>\r\n\t\t<base />\r\n\t</backend>\r\n\t<outbound>\r\n\t\t<base />\r\n\t\t<cache-store duration=\"300\" />\r\n\t</outbound>\r\n\t<on-error>\r\n\t\t<base />\r\n\t</on-error>\r\n</policies>",
        "format": "rawxml"
      },
      "name": "[concat(parameters('ApimServiceName'), '/manage-assetdetails/displayrecommendation/policy')]",
      "type": "Microsoft.ApiManagement/service/apis/operations/policies",
      "apiVersion": "2019-01-01",
      "dependsOn": [
        "[resourceId('Microsoft.ApiManagement/service/apis/operations', parameters('ApimServiceName'), 'manage-assetdetails', 'displayrecommendation')]"
      ]
    },
    {
      "properties": {
        "templateParameters": [],
        "description": "This API used to store Asset images in the blob storage and file meta data information will be stored in database.",
        "request": {
          "queryParameters": [],
          "headers": [
            {
              "name": "X-File-Metadata",
              "type": "string",
              "required": true,
              "values": []
            }
          ],
          "representations": []
        },
        "responses": [
          {
            "statusCode": 200,
            "description": "",
            "headers": [],
            "representations": []
          },
          {
            "statusCode": 201,
            "description": "",
            "headers": [],
            "representations": []
          },
          {
            "statusCode": 500,
            "description": "",
            "headers": [],
            "representations": []
          },
          {
            "statusCode": 401,
            "description": "",
            "headers": [],
            "representations": []
          },
          {
            "statusCode": 400,
            "description": "",
            "headers": [],
            "representations": []
          }
        ],
        "displayName": "uploadImage",
        "method": "POST",
        "urlTemplate": "/assetImage"
      },
      "name": "[concat(parameters('ApimServiceName'), '/manage-assetdetails/uploadimage')]",
      "type": "Microsoft.ApiManagement/service/apis/operations",
      "apiVersion": "2019-01-01",
      "dependsOn": [
        "[resourceId('Microsoft.ApiManagement/service/apis', parameters('ApimServiceName'), 'manage-assetdetails')]"
      ]
    },
    {
      "properties": {
        "value": "<!--\n    IMPORTANT:\n    - Policy elements can appear only within the <inbound>, <outbound>, <backend> section elements.\n    - To apply a policy to the incoming request (before it is forwarded to the backend service), place a corresponding policy element within the <inbound> section element.\n    - To apply a policy to the outgoing response (before it is sent back to the caller), place a corresponding policy element within the <outbound> section element.\n    - To add a policy, place the cursor at the desired insertion point and select a policy from the sidebar.\n    - To remove a policy, delete the corresponding policy statement from the policy document.\n    - Position the <base> element within a section element to inherit all policies from the corresponding section element in the enclosing scope.\n    - Remove the <base> element to prevent inheriting policies from the corresponding section element in the enclosing scope.\n    - Policies are applied in the order of their appearance, from the top down.\n    - Comments within policy elements are not supported and may disappear. Place your comments between policy elements or at a higher level scope.\n-->\r\n<policies>\r\n\t<inbound>\r\n\t\t<base />\r\n\t\t<set-backend-service id=\"apim-generated-policy\" backend-id=\"{{FnAppCivilManageAsset}}\" />\r\n\t\t<rewrite-uri template=\"{{AssetImageUploadFunction}}\" />\r\n\t</inbound>\r\n\t<backend>\r\n\t\t<base />\r\n\t</backend>\r\n\t<outbound>\r\n\t\t<base />\r\n\t</outbound>\r\n\t<on-error>\r\n\t\t<base />\r\n\t</on-error>\r\n</policies>",
        "format": "rawxml"
      },
      "name": "[concat(parameters('ApimServiceName'), '/manage-assetdetails/uploadimage/policy')]",
      "type": "Microsoft.ApiManagement/service/apis/operations/policies",
      "apiVersion": "2019-01-01",
      "dependsOn": [
        "[resourceId('Microsoft.ApiManagement/service/apis/operations', parameters('ApimServiceName'), 'manage-assetdetails', 'uploadimage')]"
      ]
    },
    {
      "properties": {
        "value": "<!--\n    IMPORTANT:\n    - Policy elements can appear only within the <inbound>, <outbound>, <backend> section elements.\n    - To apply a policy to the incoming request (before it is forwarded to the backend service), place a corresponding policy element within the <inbound> section element.\n    - To apply a policy to the outgoing response (before it is sent back to the caller), place a corresponding policy element within the <outbound> section element.\n    - To add a policy, place the cursor at the desired insertion point and select a policy from the sidebar.\n    - To remove a policy, delete the corresponding policy statement from the policy document.\n    - Position the <base> element within a section element to inherit all policies from the corresponding section element in the enclosing scope.\n    - Remove the <base> element to prevent inheriting policies from the corresponding section element in the enclosing scope.\n    - Policies are applied in the order of their appearance, from the top down.\n    - Comments within policy elements are not supported and may disappear. Place your comments between policy elements or at a higher level scope.\n-->\r\n<policies>\r\n\t<inbound>\r\n\t\t<base />\r\n\t\t<validate-jwt header-name=\"Authorization\" failed-validation-httpcode=\"401\" failed-validation-error-message=\"unauthorized token\">\r\n\t\t\t<openid-config url=\"https://login.microsoftonline.com/{{oAuthTokenIssuerTenantId}}/.well-known/openid-configuration\" />\r\n\t\t\t<issuers>\r\n\t\t\t\t<issuer>https://sts.windows.net/{{oAuthTokenIssuerTenantId}}/</issuer>\r\n\t\t\t</issuers>\r\n\t\t\t<required-claims>\r\n\t\t\t\t<claim name=\"aud\" match=\"any\">\r\n\t\t\t\t\t<value>api://{{CesWebApp}}</value>\r\n\t\t\t\t</claim>\r\n\t\t\t</required-claims>\r\n\t\t</validate-jwt>\r\n\t</inbound>\r\n\t<backend>\r\n\t\t<base />\r\n\t</backend>\r\n\t<outbound>\r\n\t\t<base />\r\n\t</outbound>\r\n\t<on-error>\r\n\t\t<base />\r\n\t</on-error>\r\n</policies>",
        "format": "rawxml"
      },
      "name": "[concat(parameters('ApimServiceName'), '/manage-assetdetails/policy')]",
      "type": "Microsoft.ApiManagement/service/apis/policies",
      "apiVersion": "2019-01-01",
      "dependsOn": [
        "[resourceId('Microsoft.ApiManagement/service/apis', parameters('ApimServiceName'), 'manage-assetdetails')]"
      ]
    },
    {
      "properties": {},
      "name": "[concat(parameters('ApimServiceName'), '/cefa/manage-assetdetails')]",
      "type": "Microsoft.ApiManagement/service/products/apis",
      "apiVersion": "2019-01-01",
      "dependsOn": [
        "[resourceId('Microsoft.ApiManagement/service/apis', parameters('ApimServiceName'), 'manage-assetdetails')]"
      ]
    }
  ]
}